VPR FPGA Placement and Routing.
Version: 8.1.0-dev+25e723a24-dirty
Revision: 8.0.0-5699-g25e723a24-dirty
Compiled: 2022-07-20T00:22:19
Compiler: GNU 11.2.0 on Linux-5.15.0-1014-azure x86_64
Build Info: Release IPO PGO VTR_ASSERT_LEVEL=2

University of Toronto
verilogtorouting.org
vtr-users@googlegroups.com
This is free open source code under MIT license.

VPR was run with the following command-line:
/home/cl4/opt/f4pga/xc7/conda/envs/xc7/bin/vpr /home/cl4/opt/f4pga/xc7/share/f4pga/arch/xc7z010_test/arch.timing.xml top.eblif --max_router_iterations 500 --routing_failure_predictor off --router_high_fanout_threshold -1 --constant_net_method route --route_chan_width 500 --router_heap bucket --clock_modeling route --place_delta_delay_matrix_calculation_method dijkstra --place_delay_model delta --router_lookahead extended_map --check_route quick --strict_checks off --allow_dangling_combinational_nodes on --disable_errors check_unbuffered_edges:check_route --congested_routing_iteration_threshold 0.8 --incremental_reroute_delay_ripup off --base_cost_type delay_normalized_length_bounded --bb_factor 10 --acc_fac 0.7 --astar_fac 1.8 --initial_pres_fac 2.828 --pres_fac_mult 1.2 --check_rr_graph off --suppress_warnings noisy_warnings-xc7z010_test_place.log,sum_pin_class:check_unbuffered_edges:load_rr_indexed_data_T_values:check_rr_node:trans_per_R:check_route:set_rr_graph_tool_comment:calculate_average_switch --device xc7z010-test --read_rr_graph /home/cl4/opt/f4pga/xc7/share/f4pga/arch/xc7z010_test/rr_graph_xc7z010_test.rr_graph.real.bin --read_router_lookahead /home/cl4/opt/f4pga/xc7/share/f4pga/arch/xc7z010_test/rr_graph_xc7z010_test.lookahead.bin --read_placement_delay_lookup /home/cl4/opt/f4pga/xc7/share/f4pga/arch/xc7z010_test/rr_graph_xc7z010_test.place_delay.bin --fix_clusters constraints.place --place

Using up to 1 parallel worker(s)

Architecture file: /home/cl4/opt/f4pga/xc7/share/f4pga/arch/xc7z010_test/arch.timing.xml
Circuit name: top

# Loading Architecture Description
Warning 1: Model 'CE_VCC' output port 'VCC' has no timing specification (no clock specified to create a sequential output port, not combinationally connected to any inputs, not a clock output)
Warning 2: Model 'SR_GND' output port 'GND' has no timing specification (no clock specified to create a sequential output port, not combinationally connected to any inputs, not a clock output)
Warning 3: Model 'NO_FF' input port 'D' has no timing specification (no clock specified to create a sequential input port, not combinationally connected to any outputs, not a clock input)
Warning 4: Model 'NO_DRAM' input port 'A' has no timing specification (no clock specified to create a sequential input port, not combinationally connected to any outputs, not a clock input)
Warning 5: Model 'RAMB18E1_VPR' input port 'ADDRBTIEHIGH' has no timing specification (no clock specified to create a sequential input port, not combinationally connected to any outputs, not a clock input)
Warning 6: Model 'RAMB18E1_VPR' input port 'ADDRATIEHIGH' has no timing specification (no clock specified to create a sequential input port, not combinationally connected to any outputs, not a clock input)
Warning 7: Model 'RAMB36E1_PRIM' input port 'CASCADEINB' has no timing specification (no clock specified to create a sequential input port, not combinationally connected to any outputs, not a clock input)
Warning 8: Model 'RAMB36E1_PRIM' input port 'CASCADEINA' has no timing specification (no clock specified to create a sequential input port, not combinationally connected to any outputs, not a clock input)
Warning 9: Model 'RAMB36E1_PRIM' output port 'CASCADEOUTB' has no timing specification (no clock specified to create a sequential output port, not combinationally connected to any inputs, not a clock output)
Warning 10: Model 'RAMB36E1_PRIM' output port 'CASCADEOUTA' has no timing specification (no clock specified to create a sequential output port, not combinationally connected to any inputs, not a clock output)
Warning 11: Model 'OSERDESE2_VPR' input port 'SHIFTIN2' has no timing specification (no clock specified to create a sequential input port, not combinationally connected to any outputs, not a clock input)
Warning 12: Model 'OSERDESE2_VPR' input port 'SHIFTIN1' has no timing specification (no clock specified to create a sequential input port, not combinationally connected to any outputs, not a clock input)
Warning 13: Model 'OSERDESE2_VPR' input port 'TBYTEIN' has no timing specification (no clock specified to create a sequential input port, not combinationally connected to any outputs, not a clock input)
Warning 14: Model 'OSERDESE2_VPR' output port 'SHIFTOUT2' has no timing specification (no clock specified to create a sequential output port, not combinationally connected to any inputs, not a clock output)
Warning 15: Model 'OSERDESE2_VPR' output port 'SHIFTOUT1' has no timing specification (no clock specified to create a sequential output port, not combinationally connected to any inputs, not a clock output)
Warning 16: Model 'ODDR_VPR' input port 'SR' has no timing specification (no clock specified to create a sequential input port, not combinationally connected to any outputs, not a clock input)
Warning 17: Model 'IDELAYE2_VPR' input port 'LDPIPEEN' has no timing specification (no clock specified to create a sequential input port, not combinationally connected to any outputs, not a clock input)
Warning 18: Model 'IDELAYE2_VPR' input port 'IDATAIN' has no timing specification (no clock specified to create a sequential input port, not combinationally connected to any outputs, not a clock input)
Warning 19: Model 'IDELAYE2_VPR' input port 'DATAIN' has no timing specification (no clock specified to create a sequential input port, not combinationally connected to any outputs, not a clock input)
Warning 20: Model 'IDELAYE2_VPR' input port 'CNTVALUEIN4' has no timing specification (no clock specified to create a sequential input port, not combinationally connected to any outputs, not a clock input)
Warning 21: Model 'IDELAYE2_VPR' input port 'CNTVALUEIN3' has no timing specification (no clock specified to create a sequential input port, not combinationally connected to any outputs, not a clock input)
Warning 22: Model 'IDELAYE2_VPR' input port 'CNTVALUEIN2' has no timing specification (no clock specified to create a sequential input port, not combinationally connected to any outputs, not a clock input)
Warning 23: Model 'IDELAYE2_VPR' input port 'CNTVALUEIN1' has no timing specification (no clock specified to create a sequential input port, not combinationally connected to any outputs, not a clock input)
Warning 24: Model 'IDELAYE2_VPR' input port 'CNTVALUEIN0' has no timing specification (no clock specified to create a sequential input port, not combinationally connected to any outputs, not a clock input)
Warning 25: Model 'IDELAYE2_VPR' input port 'CINVCTRL' has no timing specification (no clock specified to create a sequential input port, not combinationally connected to any outputs, not a clock input)
Warning 26: Model 'IDELAYE2_VPR' output port 'DATAOUT' has no timing specification (no clock specified to create a sequential output port, not combinationally connected to any inputs, not a clock output)
Warning 27: Model 'IDELAYE2_VPR' output port 'CNTVALUEOUT4' has no timing specification (no clock specified to create a sequential output port, not combinationally connected to any inputs, not a clock output)
Warning 28: Model 'IDELAYE2_VPR' output port 'CNTVALUEOUT3' has no timing specification (no clock specified to create a sequential output port, not combinationally connected to any inputs, not a clock output)
Warning 29: Model 'IDELAYE2_VPR' output port 'CNTVALUEOUT2' has no timing specification (no clock specified to create a sequential output port, not combinationally connected to any inputs, not a clock output)
Warning 30: Model 'IDELAYE2_VPR' output port 'CNTVALUEOUT1' has no timing specification (no clock specified to create a sequential output port, not combinationally connected to any inputs, not a clock output)
Warning 31: Model 'IDELAYE2_VPR' output port 'CNTVALUEOUT0' has no timing specification (no clock specified to create a sequential output port, not combinationally connected to any inputs, not a clock output)
Warning 32: Model 'ISERDESE2_NO_IDELAY_VPR' input port 'SHIFTIN2' has no timing specification (no clock specified to create a sequential input port, not combinationally connected to any outputs, not a clock input)
Warning 33: Model 'ISERDESE2_NO_IDELAY_VPR' input port 'SHIFTIN1' has no timing specification (no clock specified to create a sequential input port, not combinationally connected to any outputs, not a clock input)
Warning 34: Model 'ISERDESE2_NO_IDELAY_VPR' input port 'DYNCLKSEL' has no timing specification (no clock specified to create a sequential input port, not combinationally connected to any outputs, not a clock input)
Warning 35: Model 'ISERDESE2_NO_IDELAY_VPR' input port 'DYNCLKDIVSEL' has no timing specification (no clock specified to create a sequential input port, not combinationally connected to any outputs, not a clock input)
Warning 36: Model 'ISERDESE2_NO_IDELAY_VPR' input port 'DYNCLKDIVPSEL' has no timing specification (no clock specified to create a sequential input port, not combinationally connected to any outputs, not a clock input)
Warning 37: Model 'ISERDESE2_NO_IDELAY_VPR' output port 'SHIFTOUT2' has no timing specification (no clock specified to create a sequential output port, not combinationally connected to any inputs, not a clock output)
Warning 38: Model 'ISERDESE2_NO_IDELAY_VPR' output port 'SHIFTOUT1' has no timing specification (no clock specified to create a sequential output port, not combinationally connected to any inputs, not a clock output)
Warning 39: Model 'ISERDESE2_IDELAY_VPR' input port 'SHIFTIN2' has no timing specification (no clock specified to create a sequential input port, not combinationally connected to any outputs, not a clock input)
Warning 40: Model 'ISERDESE2_IDELAY_VPR' input port 'SHIFTIN1' has no timing specification (no clock specified to create a sequential input port, not combinationally connected to any outputs, not a clock input)
Warning 41: Model 'ISERDESE2_IDELAY_VPR' input port 'DYNCLKSEL' has no timing specification (no clock specified to create a sequential input port, not combinationally connected to any outputs, not a clock input)
Warning 42: Model 'ISERDESE2_IDELAY_VPR' input port 'DYNCLKDIVSEL' has no timing specification (no clock specified to create a sequential input port, not combinationally connected to any outputs, not a clock input)
Warning 43: Model 'ISERDESE2_IDELAY_VPR' input port 'DYNCLKDIVPSEL' has no timing specification (no clock specified to create a sequential input port, not combinationally connected to any outputs, not a clock input)
Warning 44: Model 'ISERDESE2_IDELAY_VPR' output port 'SHIFTOUT2' has no timing specification (no clock specified to create a sequential output port, not combinationally connected to any inputs, not a clock output)
Warning 45: Model 'ISERDESE2_IDELAY_VPR' output port 'SHIFTOUT1' has no timing specification (no clock specified to create a sequential output port, not combinationally connected to any inputs, not a clock output)
Warning 46: Model 'IDDR_VPR' input port 'SR' has no timing specification (no clock specified to create a sequential input port, not combinationally connected to any outputs, not a clock input)
Warning 47: Model 'BUFGCTRL_VPR' input port 'S1' has no timing specification (no clock specified to create a sequential input port, not combinationally connected to any outputs, not a clock input)
Warning 48: Model 'BUFGCTRL_VPR' input port 'S0' has no timing specification (no clock specified to create a sequential input port, not combinationally connected to any outputs, not a clock input)
Warning 49: Model 'BUFGCTRL_VPR' input port 'IGNORE1' has no timing specification (no clock specified to create a sequential input port, not combinationally connected to any outputs, not a clock input)
Warning 50: Model 'BUFGCTRL_VPR' input port 'IGNORE0' has no timing specification (no clock specified to create a sequential input port, not combinationally connected to any outputs, not a clock input)
Warning 51: Model 'BUFGCTRL_VPR' input port 'CE1' has no timing specification (no clock specified to create a sequential input port, not combinationally connected to any outputs, not a clock input)
Warning 52: Model 'BUFGCTRL_VPR' input port 'CE0' has no timing specification (no clock specified to create a sequential input port, not combinationally connected to any outputs, not a clock input)
Warning 53: Model 'PLLE2_ADV_VPR' input port 'PWRDWN' has no timing specification (no clock specified to create a sequential input port, not combinationally connected to any outputs, not a clock input)
Warning 54: Model 'PLLE2_ADV_VPR' input port 'CLKINSEL' has no timing specification (no clock specified to create a sequential input port, not combinationally connected to any outputs, not a clock input)
Warning 55: Model 'IDELAYCTRL' input port 'RST' has no timing specification (no clock specified to create a sequential input port, not combinationally connected to any outputs, not a clock input)
Warning 56: Model 'IDELAYCTRL' output port 'RDY' has no timing specification (no clock specified to create a sequential output port, not combinationally connected to any inputs, not a clock output)
Warning 57: Model 'PS7_VPR' input port 'SAXIHP3WVALID' has no timing specification (no clock specified to create a sequential input port, not combinationally connected to any outputs, not a clock input)
Warning 58: Model 'PS7_VPR' input port 'SAXIHP3WSTRB' has no timing specification (no clock specified to create a sequential input port, not combinationally connected to any outputs, not a clock input)
Warning 59: Model 'PS7_VPR' input port 'SAXIHP3WRISSUECAP1EN' has no timing specification (no clock specified to create a sequential input port, not combinationally connected to any outputs, not a clock input)
Warning 60: Model 'PS7_VPR' input port 'SAXIHP3WLAST' has no timing specification (no clock specified to create a sequential input port, not combinationally connected to any outputs, not a clock input)
Warning 61: Model 'PS7_VPR' input port 'SAXIHP3WID' has no timing specification (no clock specified to create a sequential input port, not combinationally connected to any outputs, not a clock input)
Warning 62: Model 'PS7_VPR' input port 'SAXIHP3WDATA' has no timing specification (no clock specified to create a sequential input port, not combinationally connected to any outputs, not a clock input)
Warning 63: Model 'PS7_VPR' input port 'SAXIHP3RREADY' has no timing specification (no clock specified to create a sequential input port, not combinationally connected to any outputs, not a clock input)
Warning 64: Model 'PS7_VPR' input port 'SAXIHP3RDISSUECAP1EN' has no timing specification (no clock specified to create a sequential input port, not combinationally connected to any outputs, not a clock input)
Warning 65: Model 'PS7_VPR' input port 'SAXIHP3BREADY' has no timing specification (no clock specified to create a sequential input port, not combinationally connected to any outputs, not a clock input)
Warning 66: Model 'PS7_VPR' input port 'SAXIHP3AWVALID' has no timing specification (no clock specified to create a sequential input port, not combinationally connected to any outputs, not a clock input)
Warning 67: Model 'PS7_VPR' input port 'SAXIHP3AWSIZE' has no timing specification (no clock specified to create a sequential input port, not combinationally connected to any outputs, not a clock input)
Warning 68: Model 'PS7_VPR' input port 'SAXIHP3AWQOS' has no timing specification (no clock specified to create a sequential input port, not combinationally connected to any outputs, not a clock input)
Warning 69: Model 'PS7_VPR' input port 'SAXIHP3AWPROT' has no timing specification (no clock specified to create a sequential input port, not combinationally connected to any outputs, not a clock input)
Warning 70: Model 'PS7_VPR' input port 'SAXIHP3AWLOCK' has no timing specification (no clock specified to create a sequential input port, not combinationally connected to any outputs, not a clock input)
Warning 71: Model 'PS7_VPR' input port 'SAXIHP3AWLEN' has no timing specification (no clock specified to create a sequential input port, not combinationally connected to any outputs, not a clock input)
Warning 72: Model 'PS7_VPR' input port 'SAXIHP3AWID' has no timing specification (no clock specified to create a sequential input port, not combinationally connected to any outputs, not a clock input)
Warning 73: Model 'PS7_VPR' input port 'SAXIHP3AWCACHE' has no timing specification (no clock specified to create a sequential input port, not combinationally connected to any outputs, not a clock input)
Warning 74: Model 'PS7_VPR' input port 'SAXIHP3AWBURST' has no timing specification (no clock specified to create a sequential input port, not combinationally connected to any outputs, not a clock input)
Warning 75: Model 'PS7_VPR' input port 'SAXIHP3AWADDR' has no timing specification (no clock specified to create a sequential input port, not combinationally connected to any outputs, not a clock input)
Warning 76: Model 'PS7_VPR' input port 'SAXIHP3ARVALID' has no timing specification (no clock specified to create a sequential input port, not combinationally connected to any outputs, not a clock input)
Warning 77: Model 'PS7_VPR' input port 'SAXIHP3ARSIZE' has no timing specification (no clock specified to create a sequential input port, not combinationally connected to any outputs, not a clock input)
Warning 78: Model 'PS7_VPR' input port 'SAXIHP3ARQOS' has no timing specification (no clock specified to create a sequential input port, not combinationally connected to any outputs, not a clock input)
Warning 79: Model 'PS7_VPR' input port 'SAXIHP3ARPROT' has no timing specification (no clock specified to create a sequential input port, not combinationally connected to any outputs, not a clock input)
Warning 80: Model 'PS7_VPR' input port 'SAXIHP3ARLOCK' has no timing specification (no clock specified to create a sequential input port, not combinationally connected to any outputs, not a clock input)
Warning 81: Model 'PS7_VPR' input port 'SAXIHP3ARLEN' has no timing specification (no clock specified to create a sequential input port, not combinationally connected to any outputs, not a clock input)
Warning 82: Model 'PS7_VPR' input port 'SAXIHP3ARID' has no timing specification (no clock specified to create a sequential input port, not combinationally connected to any outputs, not a clock input)
Warning 83: Model 'PS7_VPR' input port 'SAXIHP3ARCACHE' has no timing specification (no clock specified to create a sequential input port, not combinationally connected to any outputs, not a clock input)
Warning 84: Model 'PS7_VPR' input port 'SAXIHP3ARBURST' has no timing specification (no clock specified to create a sequential input port, not combinationally connected to any outputs, not a clock input)
Warning 85: Model 'PS7_VPR' input port 'SAXIHP3ARADDR' has no timing specification (no clock specified to create a sequential input port, not combinationally connected to any outputs, not a clock input)
Warning 86: Model 'PS7_VPR' input port 'SAXIHP3ACLK' has no timing specification (no clock specified to create a sequential input port, not combinationally connected to any outputs, not a clock input)
Warning 87: Model 'PS7_VPR' input port 'SAXIHP2WVALID' has no timing specification (no clock specified to create a sequential input port, not combinationally connected to any outputs, not a clock input)
Warning 88: Model 'PS7_VPR' input port 'SAXIHP2WSTRB' has no timing specification (no clock specified to create a sequential input port, not combinationally connected to any outputs, not a clock input)
Warning 89: Model 'PS7_VPR' input port 'SAXIHP2WRISSUECAP1EN' has no timing specification (no clock specified to create a sequential input port, not combinationally connected to any outputs, not a clock input)
Warning 90: Model 'PS7_VPR' input port 'SAXIHP2WLAST' has no timing specification (no clock specified to create a sequential input port, not combinationally connected to any outputs, not a clock input)
Warning 91: Model 'PS7_VPR' input port 'SAXIHP2WID' has no timing specification (no clock specified to create a sequential input port, not combinationally connected to any outputs, not a clock input)
Warning 92: Model 'PS7_VPR' input port 'SAXIHP2WDATA' has no timing specification (no clock specified to create a sequential input port, not combinationally connected to any outputs, not a clock input)
Warning 93: Model 'PS7_VPR' input port 'SAXIHP2RREADY' has no timing specification (no clock specified to create a sequential input port, not combinationally connected to any outputs, not a clock input)
Warning 94: Model 'PS7_VPR' input port 'SAXIHP2RDISSUECAP1EN' has no timing specification (no clock specified to create a sequential input port, not combinationally connected to any outputs, not a clock input)
Warning 95: Model 'PS7_VPR' input port 'SAXIHP2BREADY' has no timing specification (no clock specified to create a sequential input port, not combinationally connected to any outputs, not a clock input)
Warning 96: Model 'PS7_VPR' input port 'SAXIHP2AWVALID' has no timing specification (no clock specified to create a sequential input port, not combinationally connected to any outputs, not a clock input)
Warning 97: Model 'PS7_VPR' input port 'SAXIHP2AWSIZE' has no timing specification (no clock specified to create a sequential input port, not combinationally connected to any outputs, not a clock input)
Warning 98: Model 'PS7_VPR' input port 'SAXIHP2AWQOS' has no timing specification (no clock specified to create a sequential input port, not combinationally connected to any outputs, not a clock input)
Warning 99: Model 'PS7_VPR' input port 'SAXIHP2AWPROT' has no timing specification (no clock specified to create a sequential input port, not combinationally connected to any outputs, not a clock input)
Warning 100: Model 'PS7_VPR' input port 'SAXIHP2AWLOCK' has no timing specification (no clock specified to create a sequential input port, not combinationally connected to any outputs, not a clock input)
Warning 101: Model 'PS7_VPR' input port 'SAXIHP2AWLEN' has no timing specification (no clock specified to create a sequential input port, not combinationally connected to any outputs, not a clock input)
Warning 102: Model 'PS7_VPR' input port 'SAXIHP2AWID' has no timing specification (no clock specified to create a sequential input port, not combinationally connected to any outputs, not a clock input)
Warning 103: Model 'PS7_VPR' input port 'SAXIHP2AWCACHE' has no timing specification (no clock specified to create a sequential input port, not combinationally connected to any outputs, not a clock input)
Warning 104: Model 'PS7_VPR' input port 'SAXIHP2AWBURST' has no timing specification (no clock specified to create a sequential input port, not combinationally connected to any outputs, not a clock input)
Warning 105: Model 'PS7_VPR' input port 'SAXIHP2AWADDR' has no timing specification (no clock specified to create a sequential input port, not combinationally connected to any outputs, not a clock input)
Warning 106: Model 'PS7_VPR' input port 'SAXIHP2ARVALID' has no timing specification (no clock specified to create a sequential input port, not combinationally connected to any outputs, not a clock input)
Warning 107: Model 'PS7_VPR' input port 'SAXIHP2ARSIZE' has no timing specification (no clock specified to create a sequential input port, not combinationally connected to any outputs, not a clock input)
Warning 108: Model 'PS7_VPR' input port 'SAXIHP2ARQOS' has no timing specification (no clock specified to create a sequential input port, not combinationally connected to any outputs, not a clock input)
Warning 109: Model 'PS7_VPR' input port 'SAXIHP2ARPROT' has no timing specification (no clock specified to create a sequential input port, not combinationally connected to any outputs, not a clock input)
Warning 110: Model 'PS7_VPR' input port 'SAXIHP2ARLOCK' has no timing specification (no clock specified to create a sequential input port, not combinationally connected to any outputs, not a clock input)
Warning 111: Model 'PS7_VPR' input port 'SAXIHP2ARLEN' has no timing specification (no clock specified to create a sequential input port, not combinationally connected to any outputs, not a clock input)
Warning 112: Model 'PS7_VPR' input port 'SAXIHP2ARID' has no timing specification (no clock specified to create a sequential input port, not combinationally connected to any outputs, not a clock input)
Warning 113: Model 'PS7_VPR' input port 'SAXIHP2ARCACHE' has no timing specification (no clock specified to create a sequential input port, not combinationally connected to any outputs, not a clock input)
Warning 114: Model 'PS7_VPR' input port 'SAXIHP2ARBURST' has no timing specification (no clock specified to create a sequential input port, not combinationally connected to any outputs, not a clock input)
Warning 115: Model 'PS7_VPR' input port 'SAXIHP2ARADDR' has no timing specification (no clock specified to create a sequential input port, not combinationally connected to any outputs, not a clock input)
Warning 116: Model 'PS7_VPR' input port 'SAXIHP2ACLK' has no timing specification (no clock specified to create a sequential input port, not combinationally connected to any outputs, not a clock input)
Warning 117: Model 'PS7_VPR' input port 'SAXIHP1WVALID' has no timing specification (no clock specified to create a sequential input port, not combinationally connected to any outputs, not a clock input)
Warning 118: Model 'PS7_VPR' input port 'SAXIHP1WSTRB' has no timing specification (no clock specified to create a sequential input port, not combinationally connected to any outputs, not a clock input)
Warning 119: Model 'PS7_VPR' input port 'SAXIHP1WRISSUECAP1EN' has no timing specification (no clock specified to create a sequential input port, not combinationally connected to any outputs, not a clock input)
Warning 120: Model 'PS7_VPR' input port 'SAXIHP1WLAST' has no timing specification (no clock specified to create a sequential input port, not combinationally connected to any outputs, not a clock input)
Warning 121: Model 'PS7_VPR' input port 'SAXIHP1WID' has no timing specification (no clock specified to create a sequential input port, not combinationally connected to any outputs, not a clock input)
Warning 122: Model 'PS7_VPR' input port 'SAXIHP1WDATA' has no timing specification (no clock specified to create a sequential input port, not combinationally connected to any outputs, not a clock input)
Warning 123: Model 'PS7_VPR' input port 'SAXIHP1RREADY' has no timing specification (no clock specified to create a sequential input port, not combinationally connected to any outputs, not a clock input)
Warning 124: Model 'PS7_VPR' input port 'SAXIHP1RDISSUECAP1EN' has no timing specification (no clock specified to create a sequential input port, not combinationally connected to any outputs, not a clock input)
Warning 125: Model 'PS7_VPR' input port 'SAXIHP1BREADY' has no timing specification (no clock specified to create a sequential input port, not combinationally connected to any outputs, not a clock input)
Warning 126: Model 'PS7_VPR' input port 'SAXIHP1AWVALID' has no timing specification (no clock specified to create a sequential input port, not combinationally connected to any outputs, not a clock input)
Warning 127: Model 'PS7_VPR' input port 'SAXIHP1AWSIZE' has no timing specification (no clock specified to create a sequential input port, not combinationally connected to any outputs, not a clock input)
Warning 128: Model 'PS7_VPR' input port 'SAXIHP1AWQOS' has no timing specification (no clock specified to create a sequential input port, not combinationally connected to any outputs, not a clock input)
Warning 129: Model 'PS7_VPR' input port 'SAXIHP1AWPROT' has no timing specification (no clock specified to create a sequential input port, not combinationally connected to any outputs, not a clock input)
Warning 130: Model 'PS7_VPR' input port 'SAXIHP1AWLOCK' has no timing specification (no clock specified to create a sequential input port, not combinationally connected to any outputs, not a clock input)
Warning 131: Model 'PS7_VPR' input port 'SAXIHP1AWLEN' has no timing specification (no clock specified to create a sequential input port, not combinationally connected to any outputs, not a clock input)
Warning 132: Model 'PS7_VPR' input port 'SAXIHP1AWID' has no timing specification (no clock specified to create a sequential input port, not combinationally connected to any outputs, not a clock input)
Warning 133: Model 'PS7_VPR' input port 'SAXIHP1AWCACHE' has no timing specification (no clock specified to create a sequential input port, not combinationally connected to any outputs, not a clock input)
Warning 134: Model 'PS7_VPR' input port 'SAXIHP1AWBURST' has no timing specification (no clock specified to create a sequential input port, not combinationally connected to any outputs, not a clock input)
Warning 135: Model 'PS7_VPR' input port 'SAXIHP1AWADDR' has no timing specification (no clock specified to create a sequential input port, not combinationally connected to any outputs, not a clock input)
Warning 136: Model 'PS7_VPR' input port 'SAXIHP1ARVALID' has no timing specification (no clock specified to create a sequential input port, not combinationally connected to any outputs, not a clock input)
Warning 137: Model 'PS7_VPR' input port 'SAXIHP1ARSIZE' has no timing specification (no clock specified to create a sequential input port, not combinationally connected to any outputs, not a clock input)
Warning 138: Model 'PS7_VPR' input port 'SAXIHP1ARQOS' has no timing specification (no clock specified to create a sequential input port, not combinationally connected to any outputs, not a clock input)
Warning 139: Model 'PS7_VPR' input port 'SAXIHP1ARPROT' has no timing specification (no clock specified to create a sequential input port, not combinationally connected to any outputs, not a clock input)
Warning 140: Model 'PS7_VPR' input port 'SAXIHP1ARLOCK' has no timing specification (no clock specified to create a sequential input port, not combinationally connected to any outputs, not a clock input)
Warning 141: Model 'PS7_VPR' input port 'SAXIHP1ARLEN' has no timing specification (no clock specified to create a sequential input port, not combinationally connected to any outputs, not a clock input)
Warning 142: Model 'PS7_VPR' input port 'SAXIHP1ARID' has no timing specification (no clock specified to create a sequential input port, not combinationally connected to any outputs, not a clock input)
Warning 143: Model 'PS7_VPR' input port 'SAXIHP1ARCACHE' has no timing specification (no clock specified to create a sequential input port, not combinationally connected to any outputs, not a clock input)
Warning 144: Model 'PS7_VPR' input port 'SAXIHP1ARBURST' has no timing specification (no clock specified to create a sequential input port, not combinationally connected to any outputs, not a clock input)
Warning 145: Model 'PS7_VPR' input port 'SAXIHP1ARADDR' has no timing specification (no clock specified to create a sequential input port, not combinationally connected to any outputs, not a clock input)
Warning 146: Model 'PS7_VPR' input port 'SAXIHP1ACLK' has no timing specification (no clock specified to create a sequential input port, not combinationally connected to any outputs, not a clock input)
Warning 147: Model 'PS7_VPR' input port 'SAXIHP0WVALID' has no timing specification (no clock specified to create a sequential input port, not combinationally connected to any outputs, not a clock input)
Warning 148: Model 'PS7_VPR' input port 'SAXIHP0WSTRB' has no timing specification (no clock specified to create a sequential input port, not combinationally connected to any outputs, not a clock input)
Warning 149: Model 'PS7_VPR' input port 'SAXIHP0WRISSUECAP1EN' has no timing specification (no clock specified to create a sequential input port, not combinationally connected to any outputs, not a clock input)
Warning 150: Model 'PS7_VPR' input port 'SAXIHP0WLAST' has no timing specification (no clock specified to create a sequential input port, not combinationally connected to any outputs, not a clock input)
Warning 151: Model 'PS7_VPR' input port 'SAXIHP0WID' has no timing specification (no clock specified to create a sequential input port, not combinationally connected to any outputs, not a clock input)
Warning 152: Model 'PS7_VPR' input port 'SAXIHP0WDATA' has no timing specification (no clock specified to create a sequential input port, not combinationally connected to any outputs, not a clock input)
Warning 153: Model 'PS7_VPR' input port 'SAXIHP0RREADY' has no timing specification (no clock specified to create a sequential input port, not combinationally connected to any outputs, not a clock input)
Warning 154: Model 'PS7_VPR' input port 'SAXIHP0RDISSUECAP1EN' has no timing specification (no clock specified to create a sequential input port, not combinationally connected to any outputs, not a clock input)
Warning 155: Model 'PS7_VPR' input port 'SAXIHP0BREADY' has no timing specification (no clock specified to create a sequential input port, not combinationally connected to any outputs, not a clock input)
Warning 156: Model 'PS7_VPR' input port 'SAXIHP0AWVALID' has no timing specification (no clock specified to create a sequential input port, not combinationally connected to any outputs, not a clock input)
Warning 157: Model 'PS7_VPR' input port 'SAXIHP0AWSIZE' has no timing specification (no clock specified to create a sequential input port, not combinationally connected to any outputs, not a clock input)
Warning 158: Model 'PS7_VPR' input port 'SAXIHP0AWQOS' has no timing specification (no clock specified to create a sequential input port, not combinationally connected to any outputs, not a clock input)
Warning 159: Model 'PS7_VPR' input port 'SAXIHP0AWPROT' has no timing specification (no clock specified to create a sequential input port, not combinationally connected to any outputs, not a clock input)
Warning 160: Model 'PS7_VPR' input port 'SAXIHP0AWLOCK' has no timing specification (no clock specified to create a sequential input port, not combinationally connected to any outputs, not a clock input)
Warning 161: Model 'PS7_VPR' input port 'SAXIHP0AWLEN' has no timing specification (no clock specified to create a sequential input port, not combinationally connected to any outputs, not a clock input)
Warning 162: Model 'PS7_VPR' input port 'SAXIHP0AWID' has no timing specification (no clock specified to create a sequential input port, not combinationally connected to any outputs, not a clock input)
Warning 163: Model 'PS7_VPR' input port 'SAXIHP0AWCACHE' has no timing specification (no clock specified to create a sequential input port, not combinationally connected to any outputs, not a clock input)
Warning 164: Model 'PS7_VPR' input port 'SAXIHP0AWBURST' has no timing specification (no clock specified to create a sequential input port, not combinationally connected to any outputs, not a clock input)
Warning 165: Model 'PS7_VPR' input port 'SAXIHP0AWADDR' has no timing specification (no clock specified to create a sequential input port, not combinationally connected to any outputs, not a clock input)
Warning 166: Model 'PS7_VPR' input port 'SAXIHP0ARVALID' has no timing specification (no clock specified to create a sequential input port, not combinationally connected to any outputs, not a clock input)
Warning 167: Model 'PS7_VPR' input port 'SAXIHP0ARSIZE' has no timing specification (no clock specified to create a sequential input port, not combinationally connected to any outputs, not a clock input)
Warning 168: Model 'PS7_VPR' input port 'SAXIHP0ARQOS' has no timing specification (no clock specified to create a sequential input port, not combinationally connected to any outputs, not a clock input)
Warning 169: Model 'PS7_VPR' input port 'SAXIHP0ARPROT' has no timing specification (no clock specified to create a sequential input port, not combinationally connected to any outputs, not a clock input)
Warning 170: Model 'PS7_VPR' input port 'SAXIHP0ARLOCK' has no timing specification (no clock specified to create a sequential input port, not combinationally connected to any outputs, not a clock input)
Warning 171: Model 'PS7_VPR' input port 'SAXIHP0ARLEN' has no timing specification (no clock specified to create a sequential input port, not combinationally connected to any outputs, not a clock input)
Warning 172: Model 'PS7_VPR' input port 'SAXIHP0ARID' has no timing specification (no clock specified to create a sequential input port, not combinationally connected to any outputs, not a clock input)
Warning 173: Model 'PS7_VPR' input port 'SAXIHP0ARCACHE' has no timing specification (no clock specified to create a sequential input port, not combinationally connected to any outputs, not a clock input)
Warning 174: Model 'PS7_VPR' input port 'SAXIHP0ARBURST' has no timing specification (no clock specified to create a sequential input port, not combinationally connected to any outputs, not a clock input)
Warning 175: Model 'PS7_VPR' input port 'SAXIHP0ARADDR' has no timing specification (no clock specified to create a sequential input port, not combinationally connected to any outputs, not a clock input)
Warning 176: Model 'PS7_VPR' input port 'SAXIHP0ACLK' has no timing specification (no clock specified to create a sequential input port, not combinationally connected to any outputs, not a clock input)
Warning 177: Model 'PS7_VPR' input port 'SAXIGP1WVALID' has no timing specification (no clock specified to create a sequential input port, not combinationally connected to any outputs, not a clock input)
Warning 178: Model 'PS7_VPR' input port 'SAXIGP1WSTRB' has no timing specification (no clock specified to create a sequential input port, not combinationally connected to any outputs, not a clock input)
Warning 179: Model 'PS7_VPR' input port 'SAXIGP1WLAST' has no timing specification (no clock specified to create a sequential input port, not combinationally connected to any outputs, not a clock input)
Warning 180: Model 'PS7_VPR' input port 'SAXIGP1WID' has no timing specification (no clock specified to create a sequential input port, not combinationally connected to any outputs, not a clock input)
Warning 181: Model 'PS7_VPR' input port 'SAXIGP1WDATA' has no timing specification (no clock specified to create a sequential input port, not combinationally connected to any outputs, not a clock input)
Warning 182: Model 'PS7_VPR' input port 'SAXIGP1RREADY' has no timing specification (no clock specified to create a sequential input port, not combinationally connected to any outputs, not a clock input)
Warning 183: Model 'PS7_VPR' input port 'SAXIGP1BREADY' has no timing specification (no clock specified to create a sequential input port, not combinationally connected to any outputs, not a clock input)
Warning 184: Model 'PS7_VPR' input port 'SAXIGP1AWVALID' has no timing specification (no clock specified to create a sequential input port, not combinationally connected to any outputs, not a clock input)
Warning 185: Model 'PS7_VPR' input port 'SAXIGP1AWSIZE' has no timing specification (no clock specified to create a sequential input port, not combinationally connected to any outputs, not a clock input)
Warning 186: Model 'PS7_VPR' input port 'SAXIGP1AWQOS' has no timing specification (no clock specified to create a sequential input port, not combinationally connected to any outputs, not a clock input)
Warning 187: Model 'PS7_VPR' input port 'SAXIGP1AWPROT' has no timing specification (no clock specified to create a sequential input port, not combinationally connected to any outputs, not a clock input)
Warning 188: Model 'PS7_VPR' input port 'SAXIGP1AWLOCK' has no timing specification (no clock specified to create a sequential input port, not combinationally connected to any outputs, not a clock input)
Warning 189: Model 'PS7_VPR' input port 'SAXIGP1AWLEN' has no timing specification (no clock specified to create a sequential input port, not combinationally connected to any outputs, not a clock input)
Warning 190: Model 'PS7_VPR' input port 'SAXIGP1AWID' has no timing specification (no clock specified to create a sequential input port, not combinationally connected to any outputs, not a clock input)
Warning 191: Model 'PS7_VPR' input port 'SAXIGP1AWCACHE' has no timing specification (no clock specified to create a sequential input port, not combinationally connected to any outputs, not a clock input)
Warning 192: Model 'PS7_VPR' input port 'SAXIGP1AWBURST' has no timing specification (no clock specified to create a sequential input port, not combinationally connected to any outputs, not a clock input)
Warning 193: Model 'PS7_VPR' input port 'SAXIGP1AWADDR' has no timing specification (no clock specified to create a sequential input port, not combinationally connected to any outputs, not a clock input)
Warning 194: Model 'PS7_VPR' input port 'SAXIGP1ARVALID' has no timing specification (no clock specified to create a sequential input port, not combinationally connected to any outputs, not a clock input)
Warning 195: Model 'PS7_VPR' input port 'SAXIGP1ARSIZE' has no timing specification (no clock specified to create a sequential input port, not combinationally connected to any outputs, not a clock input)
Warning 196: Model 'PS7_VPR' input port 'SAXIGP1ARQOS' has no timing specification (no clock specified to create a sequential input port, not combinationally connected to any outputs, not a clock input)
Warning 197: Model 'PS7_VPR' input port 'SAXIGP1ARPROT' has no timing specification (no clock specified to create a sequential input port, not combinationally connected to any outputs, not a clock input)
Warning 198: Model 'PS7_VPR' input port 'SAXIGP1ARLOCK' has no timing specification (no clock specified to create a sequential input port, not combinationally connected to any outputs, not a clock input)
Warning 199: Model 'PS7_VPR' input port 'SAXIGP1ARLEN' has no timing specification (no clock specified to create a sequential input port, not combinationally connected to any outputs, not a clock input)
Warning 200: Model 'PS7_VPR' input port 'SAXIGP1ARID' has no timing specification (no clock specified to create a sequential input port, not combinationally connected to any outputs, not a clock input)
Warning 201: Model 'PS7_VPR' input port 'SAXIGP1ARCACHE' has no timing specification (no clock specified to create a sequential input port, not combinationally connected to any outputs, not a clock input)
Warning 202: Model 'PS7_VPR' input port 'SAXIGP1ARBURST' has no timing specification (no clock specified to create a sequential input port, not combinationally connected to any outputs, not a clock input)
Warning 203: Model 'PS7_VPR' input port 'SAXIGP1ARADDR' has no timing specification (no clock specified to create a sequential input port, not combinationally connected to any outputs, not a clock input)
Warning 204: Model 'PS7_VPR' input port 'SAXIGP1ACLK' has no timing specification (no clock specified to create a sequential input port, not combinationally connected to any outputs, not a clock input)
Warning 205: Model 'PS7_VPR' input port 'SAXIGP0WVALID' has no timing specification (no clock specified to create a sequential input port, not combinationally connected to any outputs, not a clock input)
Warning 206: Model 'PS7_VPR' input port 'SAXIGP0WSTRB' has no timing specification (no clock specified to create a sequential input port, not combinationally connected to any outputs, not a clock input)
Warning 207: Model 'PS7_VPR' input port 'SAXIGP0WLAST' has no timing specification (no clock specified to create a sequential input port, not combinationally connected to any outputs, not a clock input)
Warning 208: Model 'PS7_VPR' input port 'SAXIGP0WID' has no timing specification (no clock specified to create a sequential input port, not combinationally connected to any outputs, not a clock input)
Warning 209: Model 'PS7_VPR' input port 'SAXIGP0WDATA' has no timing specification (no clock specified to create a sequential input port, not combinationally connected to any outputs, not a clock input)
Warning 210: Model 'PS7_VPR' input port 'SAXIGP0RREADY' has no timing specification (no clock specified to create a sequential input port, not combinationally connected to any outputs, not a clock input)
Warning 211: Model 'PS7_VPR' input port 'SAXIGP0BREADY' has no timing specification (no clock specified to create a sequential input port, not combinationally connected to any outputs, not a clock input)
Warning 212: Model 'PS7_VPR' input port 'SAXIGP0AWVALID' has no timing specification (no clock specified to create a sequential input port, not combinationally connected to any outputs, not a clock input)
Warning 213: Model 'PS7_VPR' input port 'SAXIGP0AWSIZE' has no timing specification (no clock specified to create a sequential input port, not combinationally connected to any outputs, not a clock input)
Warning 214: Model 'PS7_VPR' input port 'SAXIGP0AWQOS' has no timing specification (no clock specified to create a sequential input port, not combinationally connected to any outputs, not a clock input)
Warning 215: Model 'PS7_VPR' input port 'SAXIGP0AWPROT' has no timing specification (no clock specified to create a sequential input port, not combinationally connected to any outputs, not a clock input)
Warning 216: Model 'PS7_VPR' input port 'SAXIGP0AWLOCK' has no timing specification (no clock specified to create a sequential input port, not combinationally connected to any outputs, not a clock input)
Warning 217: Model 'PS7_VPR' input port 'SAXIGP0AWLEN' has no timing specification (no clock specified to create a sequential input port, not combinationally connected to any outputs, not a clock input)
Warning 218: Model 'PS7_VPR' input port 'SAXIGP0AWID' has no timing specification (no clock specified to create a sequential input port, not combinationally connected to any outputs, not a clock input)
Warning 219: Model 'PS7_VPR' input port 'SAXIGP0AWCACHE' has no timing specification (no clock specified to create a sequential input port, not combinationally connected to any outputs, not a clock input)
Warning 220: Model 'PS7_VPR' input port 'SAXIGP0AWBURST' has no timing specification (no clock specified to create a sequential input port, not combinationally connected to any outputs, not a clock input)
Warning 221: Model 'PS7_VPR' input port 'SAXIGP0AWADDR' has no timing specification (no clock specified to create a sequential input port, not combinationally connected to any outputs, not a clock input)
Warning 222: Model 'PS7_VPR' input port 'SAXIGP0ARVALID' has no timing specification (no clock specified to create a sequential input port, not combinationally connected to any outputs, not a clock input)
Warning 223: Model 'PS7_VPR' input port 'SAXIGP0ARSIZE' has no timing specification (no clock specified to create a sequential input port, not combinationally connected to any outputs, not a clock input)
Warning 224: Model 'PS7_VPR' input port 'SAXIGP0ARQOS' has no timing specification (no clock specified to create a sequential input port, not combinationally connected to any outputs, not a clock input)
Warning 225: Model 'PS7_VPR' input port 'SAXIGP0ARPROT' has no timing specification (no clock specified to create a sequential input port, not combinationally connected to any outputs, not a clock input)
Warning 226: Model 'PS7_VPR' input port 'SAXIGP0ARLOCK' has no timing specification (no clock specified to create a sequential input port, not combinationally connected to any outputs, not a clock input)
Warning 227: Model 'PS7_VPR' input port 'SAXIGP0ARLEN' has no timing specification (no clock specified to create a sequential input port, not combinationally connected to any outputs, not a clock input)
Warning 228: Model 'PS7_VPR' input port 'SAXIGP0ARID' has no timing specification (no clock specified to create a sequential input port, not combinationally connected to any outputs, not a clock input)
Warning 229: Model 'PS7_VPR' input port 'SAXIGP0ARCACHE' has no timing specification (no clock specified to create a sequential input port, not combinationally connected to any outputs, not a clock input)
Warning 230: Model 'PS7_VPR' input port 'SAXIGP0ARBURST' has no timing specification (no clock specified to create a sequential input port, not combinationally connected to any outputs, not a clock input)
Warning 231: Model 'PS7_VPR' input port 'SAXIGP0ARADDR' has no timing specification (no clock specified to create a sequential input port, not combinationally connected to any outputs, not a clock input)
Warning 232: Model 'PS7_VPR' input port 'SAXIGP0ACLK' has no timing specification (no clock specified to create a sequential input port, not combinationally connected to any outputs, not a clock input)
Warning 233: Model 'PS7_VPR' input port 'SAXIACPWVALID' has no timing specification (no clock specified to create a sequential input port, not combinationally connected to any outputs, not a clock input)
Warning 234: Model 'PS7_VPR' input port 'SAXIACPWSTRB' has no timing specification (no clock specified to create a sequential input port, not combinationally connected to any outputs, not a clock input)
Warning 235: Model 'PS7_VPR' input port 'SAXIACPWLAST' has no timing specification (no clock specified to create a sequential input port, not combinationally connected to any outputs, not a clock input)
Warning 236: Model 'PS7_VPR' input port 'SAXIACPWID' has no timing specification (no clock specified to create a sequential input port, not combinationally connected to any outputs, not a clock input)
Warning 237: Model 'PS7_VPR' input port 'SAXIACPWDATA' has no timing specification (no clock specified to create a sequential input port, not combinationally connected to any outputs, not a clock input)
Warning 238: Model 'PS7_VPR' input port 'SAXIACPRREADY' has no timing specification (no clock specified to create a sequential input port, not combinationally connected to any outputs, not a clock input)
Warning 239: Model 'PS7_VPR' input port 'SAXIACPBREADY' has no timing specification (no clock specified to create a sequential input port, not combinationally connected to any outputs, not a clock input)
Warning 240: Model 'PS7_VPR' input port 'SAXIACPAWVALID' has no timing specification (no clock specified to create a sequential input port, not combinationally connected to any outputs, not a clock input)
Warning 241: Model 'PS7_VPR' input port 'SAXIACPAWUSER' has no timing specification (no clock specified to create a sequential input port, not combinationally connected to any outputs, not a clock input)
Warning 242: Model 'PS7_VPR' input port 'SAXIACPAWSIZE' has no timing specification (no clock specified to create a sequential input port, not combinationally connected to any outputs, not a clock input)
Warning 243: Model 'PS7_VPR' input port 'SAXIACPAWQOS' has no timing specification (no clock specified to create a sequential input port, not combinationally connected to any outputs, not a clock input)
Warning 244: Model 'PS7_VPR' input port 'SAXIACPAWPROT' has no timing specification (no clock specified to create a sequential input port, not combinationally connected to any outputs, not a clock input)
Warning 245: Model 'PS7_VPR' input port 'SAXIACPAWLOCK' has no timing specification (no clock specified to create a sequential input port, not combinationally connected to any outputs, not a clock input)
Warning 246: Model 'PS7_VPR' input port 'SAXIACPAWLEN' has no timing specification (no clock specified to create a sequential input port, not combinationally connected to any outputs, not a clock input)
Warning 247: Model 'PS7_VPR' input port 'SAXIACPAWID' has no timing specification (no clock specified to create a sequential input port, not combinationally connected to any outputs, not a clock input)
Warning 248: Model 'PS7_VPR' input port 'SAXIACPAWCACHE' has no timing specification (no clock specified to create a sequential input port, not combinationally connected to any outputs, not a clock input)
Warning 249: Model 'PS7_VPR' input port 'SAXIACPAWBURST' has no timing specification (no clock specified to create a sequential input port, not combinationally connected to any outputs, not a clock input)
Warning 250: Model 'PS7_VPR' input port 'SAXIACPAWADDR' has no timing specification (no clock specified to create a sequential input port, not combinationally connected to any outputs, not a clock input)
Warning 251: Model 'PS7_VPR' input port 'SAXIACPARVALID' has no timing specification (no clock specified to create a sequential input port, not combinationally connected to any outputs, not a clock input)
Warning 252: Model 'PS7_VPR' input port 'SAXIACPARUSER' has no timing specification (no clock specified to create a sequential input port, not combinationally connected to any outputs, not a clock input)
Warning 253: Model 'PS7_VPR' input port 'SAXIACPARSIZE' has no timing specification (no clock specified to create a sequential input port, not combinationally connected to any outputs, not a clock input)
Warning 254: Model 'PS7_VPR' input port 'SAXIACPARQOS' has no timing specification (no clock specified to create a sequential input port, not combinationally connected to any outputs, not a clock input)
Warning 255: Model 'PS7_VPR' input port 'SAXIACPARPROT' has no timing specification (no clock specified to create a sequential input port, not combinationally connected to any outputs, not a clock input)
Warning 256: Model 'PS7_VPR' input port 'SAXIACPARLOCK' has no timing specification (no clock specified to create a sequential input port, not combinationally connected to any outputs, not a clock input)
Warning 257: Model 'PS7_VPR' input port 'SAXIACPARLEN' has no timing specification (no clock specified to create a sequential input port, not combinationally connected to any outputs, not a clock input)
Warning 258: Model 'PS7_VPR' input port 'SAXIACPARID' has no timing specification (no clock specified to create a sequential input port, not combinationally connected to any outputs, not a clock input)
Warning 259: Model 'PS7_VPR' input port 'SAXIACPARCACHE' has no timing specification (no clock specified to create a sequential input port, not combinationally connected to any outputs, not a clock input)
Warning 260: Model 'PS7_VPR' input port 'SAXIACPARBURST' has no timing specification (no clock specified to create a sequential input port, not combinationally connected to any outputs, not a clock input)
Warning 261: Model 'PS7_VPR' input port 'SAXIACPARADDR' has no timing specification (no clock specified to create a sequential input port, not combinationally connected to any outputs, not a clock input)
Warning 262: Model 'PS7_VPR' input port 'SAXIACPACLK' has no timing specification (no clock specified to create a sequential input port, not combinationally connected to any outputs, not a clock input)
Warning 263: Model 'PS7_VPR' input port 'MAXIGP1WREADY' has no timing specification (no clock specified to create a sequential input port, not combinationally connected to any outputs, not a clock input)
Warning 264: Model 'PS7_VPR' input port 'MAXIGP1RVALID' has no timing specification (no clock specified to create a sequential input port, not combinationally connected to any outputs, not a clock input)
Warning 265: Model 'PS7_VPR' input port 'MAXIGP1RRESP' has no timing specification (no clock specified to create a sequential input port, not combinationally connected to any outputs, not a clock input)
Warning 266: Model 'PS7_VPR' input port 'MAXIGP1RLAST' has no timing specification (no clock specified to create a sequential input port, not combinationally connected to any outputs, not a clock input)
Warning 267: Model 'PS7_VPR' input port 'MAXIGP1RID' has no timing specification (no clock specified to create a sequential input port, not combinationally connected to any outputs, not a clock input)
Warning 268: Model 'PS7_VPR' input port 'MAXIGP1RDATA' has no timing specification (no clock specified to create a sequential input port, not combinationally connected to any outputs, not a clock input)
Warning 269: Model 'PS7_VPR' input port 'MAXIGP1BVALID' has no timing specification (no clock specified to create a sequential input port, not combinationally connected to any outputs, not a clock input)
Warning 270: Model 'PS7_VPR' input port 'MAXIGP1BRESP' has no timing specification (no clock specified to create a sequential input port, not combinationally connected to any outputs, not a clock input)
Warning 271: Model 'PS7_VPR' input port 'MAXIGP1BID' has no timing specification (no clock specified to create a sequential input port, not combinationally connected to any outputs, not a clock input)
Warning 272: Model 'PS7_VPR' input port 'MAXIGP1AWREADY' has no timing specification (no clock specified to create a sequential input port, not combinationally connected to any outputs, not a clock input)
Warning 273: Model 'PS7_VPR' input port 'MAXIGP1ARREADY' has no timing specification (no clock specified to create a sequential input port, not combinationally connected to any outputs, not a clock input)
Warning 274: Model 'PS7_VPR' input port 'MAXIGP1ACLK' has no timing specification (no clock specified to create a sequential input port, not combinationally connected to any outputs, not a clock input)
Warning 275: Model 'PS7_VPR' input port 'MAXIGP0WREADY' has no timing specification (no clock specified to create a sequential input port, not combinationally connected to any outputs, not a clock input)
Warning 276: Model 'PS7_VPR' input port 'MAXIGP0RVALID' has no timing specification (no clock specified to create a sequential input port, not combinationally connected to any outputs, not a clock input)
Warning 277: Model 'PS7_VPR' input port 'MAXIGP0RRESP' has no timing specification (no clock specified to create a sequential input port, not combinationally connected to any outputs, not a clock input)
Warning 278: Model 'PS7_VPR' input port 'MAXIGP0RLAST' has no timing specification (no clock specified to create a sequential input port, not combinationally connected to any outputs, not a clock input)
Warning 279: Model 'PS7_VPR' input port 'MAXIGP0RID' has no timing specification (no clock specified to create a sequential input port, not combinationally connected to any outputs, not a clock input)
Warning 280: Model 'PS7_VPR' input port 'MAXIGP0RDATA' has no timing specification (no clock specified to create a sequential input port, not combinationally connected to any outputs, not a clock input)
Warning 281: Model 'PS7_VPR' input port 'MAXIGP0BVALID' has no timing specification (no clock specified to create a sequential input port, not combinationally connected to any outputs, not a clock input)
Warning 282: Model 'PS7_VPR' input port 'MAXIGP0BRESP' has no timing specification (no clock specified to create a sequential input port, not combinationally connected to any outputs, not a clock input)
Warning 283: Model 'PS7_VPR' input port 'MAXIGP0BID' has no timing specification (no clock specified to create a sequential input port, not combinationally connected to any outputs, not a clock input)
Warning 284: Model 'PS7_VPR' input port 'MAXIGP0AWREADY' has no timing specification (no clock specified to create a sequential input port, not combinationally connected to any outputs, not a clock input)
Warning 285: Model 'PS7_VPR' input port 'MAXIGP0ARREADY' has no timing specification (no clock specified to create a sequential input port, not combinationally connected to any outputs, not a clock input)
Warning 286: Model 'PS7_VPR' input port 'MAXIGP0ACLK' has no timing specification (no clock specified to create a sequential input port, not combinationally connected to any outputs, not a clock input)
Warning 287: Model 'PS7_VPR' input port 'IRQF2P' has no timing specification (no clock specified to create a sequential input port, not combinationally connected to any outputs, not a clock input)
Warning 288: Model 'PS7_VPR' input port 'FTMTP2FTRIGACK' has no timing specification (no clock specified to create a sequential input port, not combinationally connected to any outputs, not a clock input)
Warning 289: Model 'PS7_VPR' input port 'FTMTF2PTRIG' has no timing specification (no clock specified to create a sequential input port, not combinationally connected to any outputs, not a clock input)
Warning 290: Model 'PS7_VPR' input port 'FTMTF2PDEBUG' has no timing specification (no clock specified to create a sequential input port, not combinationally connected to any outputs, not a clock input)
Warning 291: Model 'PS7_VPR' input port 'FTMDTRACEINVALID' has no timing specification (no clock specified to create a sequential input port, not combinationally connected to any outputs, not a clock input)
Warning 292: Model 'PS7_VPR' input port 'FTMDTRACEINDATA' has no timing specification (no clock specified to create a sequential input port, not combinationally connected to any outputs, not a clock input)
Warning 293: Model 'PS7_VPR' input port 'FTMDTRACEINCLOCK' has no timing specification (no clock specified to create a sequential input port, not combinationally connected to any outputs, not a clock input)
Warning 294: Model 'PS7_VPR' input port 'FTMDTRACEINATID' has no timing specification (no clock specified to create a sequential input port, not combinationally connected to any outputs, not a clock input)
Warning 295: Model 'PS7_VPR' input port 'FPGAIDLEN' has no timing specification (no clock specified to create a sequential input port, not combinationally connected to any outputs, not a clock input)
Warning 296: Model 'PS7_VPR' input port 'FCLKCLKTRIGN' has no timing specification (no clock specified to create a sequential input port, not combinationally connected to any outputs, not a clock input)
Warning 297: Model 'PS7_VPR' input port 'EVENTEVENTI' has no timing specification (no clock specified to create a sequential input port, not combinationally connected to any outputs, not a clock input)
Warning 298: Model 'PS7_VPR' input port 'EMIOWDTCLKI' has no timing specification (no clock specified to create a sequential input port, not combinationally connected to any outputs, not a clock input)
Warning 299: Model 'PS7_VPR' input port 'EMIOUSB1VBUSPWRFAULT' has no timing specification (no clock specified to create a sequential input port, not combinationally connected to any outputs, not a clock input)
Warning 300: Model 'PS7_VPR' input port 'EMIOUSB0VBUSPWRFAULT' has no timing specification (no clock specified to create a sequential input port, not combinationally connected to any outputs, not a clock input)
Warning 301: Model 'PS7_VPR' input port 'EMIOUART1RX' has no timing specification (no clock specified to create a sequential input port, not combinationally connected to any outputs, not a clock input)
Warning 302: Model 'PS7_VPR' input port 'EMIOUART1RIN' has no timing specification (no clock specified to create a sequential input port, not combinationally connected to any outputs, not a clock input)
Warning 303: Model 'PS7_VPR' input port 'EMIOUART1DSRN' has no timing specification (no clock specified to create a sequential input port, not combinationally connected to any outputs, not a clock input)
Warning 304: Model 'PS7_VPR' input port 'EMIOUART1DCDN' has no timing specification (no clock specified to create a sequential input port, not combinationally connected to any outputs, not a clock input)
Warning 305: Model 'PS7_VPR' input port 'EMIOUART1CTSN' has no timing specification (no clock specified to create a sequential input port, not combinationally connected to any outputs, not a clock input)
Warning 306: Model 'PS7_VPR' input port 'EMIOUART0RX' has no timing specification (no clock specified to create a sequential input port, not combinationally connected to any outputs, not a clock input)
Warning 307: Model 'PS7_VPR' input port 'EMIOUART0RIN' has no timing specification (no clock specified to create a sequential input port, not combinationally connected to any outputs, not a clock input)
Warning 308: Model 'PS7_VPR' input port 'EMIOUART0DSRN' has no timing specification (no clock specified to create a sequential input port, not combinationally connected to any outputs, not a clock input)
Warning 309: Model 'PS7_VPR' input port 'EMIOUART0DCDN' has no timing specification (no clock specified to create a sequential input port, not combinationally connected to any outputs, not a clock input)
Warning 310: Model 'PS7_VPR' input port 'EMIOUART0CTSN' has no timing specification (no clock specified to create a sequential input port, not combinationally connected to any outputs, not a clock input)
Warning 311: Model 'PS7_VPR' input port 'EMIOTTC1CLKI' has no timing specification (no clock specified to create a sequential input port, not combinationally connected to any outputs, not a clock input)
Warning 312: Model 'PS7_VPR' input port 'EMIOTTC0CLKI' has no timing specification (no clock specified to create a sequential input port, not combinationally connected to any outputs, not a clock input)
Warning 313: Model 'PS7_VPR' input port 'EMIOTRACECLK' has no timing specification (no clock specified to create a sequential input port, not combinationally connected to any outputs, not a clock input)
Warning 314: Model 'PS7_VPR' input port 'EMIOSRAMINTIN' has no timing specification (no clock specified to create a sequential input port, not combinationally connected to any outputs, not a clock input)
Warning 315: Model 'PS7_VPR' input port 'EMIOSPI1SSIN' has no timing specification (no clock specified to create a sequential input port, not combinationally connected to any outputs, not a clock input)
Warning 316: Model 'PS7_VPR' input port 'EMIOSPI1SI' has no timing specification (no clock specified to create a sequential input port, not combinationally connected to any outputs, not a clock input)
Warning 317: Model 'PS7_VPR' input port 'EMIOSPI1SCLKI' has no timing specification (no clock specified to create a sequential input port, not combinationally connected to any outputs, not a clock input)
Warning 318: Model 'PS7_VPR' input port 'EMIOSPI1MI' has no timing specification (no clock specified to create a sequential input port, not combinationally connected to any outputs, not a clock input)
Warning 319: Model 'PS7_VPR' input port 'EMIOSPI0SSIN' has no timing specification (no clock specified to create a sequential input port, not combinationally connected to any outputs, not a clock input)
Warning 320: Model 'PS7_VPR' input port 'EMIOSPI0SI' has no timing specification (no clock specified to create a sequential input port, not combinationally connected to any outputs, not a clock input)
Warning 321: Model 'PS7_VPR' input port 'EMIOSPI0SCLKI' has no timing specification (no clock specified to create a sequential input port, not combinationally connected to any outputs, not a clock input)
Warning 322: Model 'PS7_VPR' input port 'EMIOSPI0MI' has no timing specification (no clock specified to create a sequential input port, not combinationally connected to any outputs, not a clock input)
Warning 323: Model 'PS7_VPR' input port 'EMIOSDIO1WP' has no timing specification (no clock specified to create a sequential input port, not combinationally connected to any outputs, not a clock input)
Warning 324: Model 'PS7_VPR' input port 'EMIOSDIO1DATAI' has no timing specification (no clock specified to create a sequential input port, not combinationally connected to any outputs, not a clock input)
Warning 325: Model 'PS7_VPR' input port 'EMIOSDIO1CMDI' has no timing specification (no clock specified to create a sequential input port, not combinationally connected to any outputs, not a clock input)
Warning 326: Model 'PS7_VPR' input port 'EMIOSDIO1CLKFB' has no timing specification (no clock specified to create a sequential input port, not combinationally connected to any outputs, not a clock input)
Warning 327: Model 'PS7_VPR' input port 'EMIOSDIO1CDN' has no timing specification (no clock specified to create a sequential input port, not combinationally connected to any outputs, not a clock input)
Warning 328: Model 'PS7_VPR' input port 'EMIOSDIO0WP' has no timing specification (no clock specified to create a sequential input port, not combinationally connected to any outputs, not a clock input)
Warning 329: Model 'PS7_VPR' input port 'EMIOSDIO0DATAI' has no timing specification (no clock specified to create a sequential input port, not combinationally connected to any outputs, not a clock input)
Warning 330: Model 'PS7_VPR' input port 'EMIOSDIO0CMDI' has no timing specification (no clock specified to create a sequential input port, not combinationally connected to any outputs, not a clock input)
Warning 331: Model 'PS7_VPR' input port 'EMIOSDIO0CLKFB' has no timing specification (no clock specified to create a sequential input port, not combinationally connected to any outputs, not a clock input)
Warning 332: Model 'PS7_VPR' input port 'EMIOSDIO0CDN' has no timing specification (no clock specified to create a sequential input port, not combinationally connected to any outputs, not a clock input)
Warning 333: Model 'PS7_VPR' input port 'EMIOPJTAGTMS' has no timing specification (no clock specified to create a sequential input port, not combinationally connected to any outputs, not a clock input)
Warning 334: Model 'PS7_VPR' input port 'EMIOPJTAGTDI' has no timing specification (no clock specified to create a sequential input port, not combinationally connected to any outputs, not a clock input)
Warning 335: Model 'PS7_VPR' input port 'EMIOPJTAGTCK' has no timing specification (no clock specified to create a sequential input port, not combinationally connected to any outputs, not a clock input)
Warning 336: Model 'PS7_VPR' input port 'EMIOI2C1SDAI' has no timing specification (no clock specified to create a sequential input port, not combinationally connected to any outputs, not a clock input)
Warning 337: Model 'PS7_VPR' input port 'EMIOI2C1SCLI' has no timing specification (no clock specified to create a sequential input port, not combinationally connected to any outputs, not a clock input)
Warning 338: Model 'PS7_VPR' input port 'EMIOI2C0SDAI' has no timing specification (no clock specified to create a sequential input port, not combinationally connected to any outputs, not a clock input)
Warning 339: Model 'PS7_VPR' input port 'EMIOI2C0SCLI' has no timing specification (no clock specified to create a sequential input port, not combinationally connected to any outputs, not a clock input)
Warning 340: Model 'PS7_VPR' input port 'EMIOGPIOI' has no timing specification (no clock specified to create a sequential input port, not combinationally connected to any outputs, not a clock input)
Warning 341: Model 'PS7_VPR' input port 'EMIOENET1MDIOI' has no timing specification (no clock specified to create a sequential input port, not combinationally connected to any outputs, not a clock input)
Warning 342: Model 'PS7_VPR' input port 'EMIOENET1GMIITXCLK' has no timing specification (no clock specified to create a sequential input port, not combinationally connected to any outputs, not a clock input)
Warning 343: Model 'PS7_VPR' input port 'EMIOENET1GMIIRXER' has no timing specification (no clock specified to create a sequential input port, not combinationally connected to any outputs, not a clock input)
Warning 344: Model 'PS7_VPR' input port 'EMIOENET1GMIIRXDV' has no timing specification (no clock specified to create a sequential input port, not combinationally connected to any outputs, not a clock input)
Warning 345: Model 'PS7_VPR' input port 'EMIOENET1GMIIRXD' has no timing specification (no clock specified to create a sequential input port, not combinationally connected to any outputs, not a clock input)
Warning 346: Model 'PS7_VPR' input port 'EMIOENET1GMIIRXCLK' has no timing specification (no clock specified to create a sequential input port, not combinationally connected to any outputs, not a clock input)
Warning 347: Model 'PS7_VPR' input port 'EMIOENET1GMIICRS' has no timing specification (no clock specified to create a sequential input port, not combinationally connected to any outputs, not a clock input)
Warning 348: Model 'PS7_VPR' input port 'EMIOENET1GMIICOL' has no timing specification (no clock specified to create a sequential input port, not combinationally connected to any outputs, not a clock input)
Warning 349: Model 'PS7_VPR' input port 'EMIOENET1EXTINTIN' has no timing specification (no clock specified to create a sequential input port, not combinationally connected to any outputs, not a clock input)
Warning 350: Model 'PS7_VPR' input port 'EMIOENET0MDIOI' has no timing specification (no clock specified to create a sequential input port, not combinationally connected to any outputs, not a clock input)
Warning 351: Model 'PS7_VPR' input port 'EMIOENET0GMIITXCLK' has no timing specification (no clock specified to create a sequential input port, not combinationally connected to any outputs, not a clock input)
Warning 352: Model 'PS7_VPR' input port 'EMIOENET0GMIIRXER' has no timing specification (no clock specified to create a sequential input port, not combinationally connected to any outputs, not a clock input)
Warning 353: Model 'PS7_VPR' input port 'EMIOENET0GMIIRXDV' has no timing specification (no clock specified to create a sequential input port, not combinationally connected to any outputs, not a clock input)
Warning 354: Model 'PS7_VPR' input port 'EMIOENET0GMIIRXD' has no timing specification (no clock specified to create a sequential input port, not combinationally connected to any outputs, not a clock input)
Warning 355: Model 'PS7_VPR' input port 'EMIOENET0GMIIRXCLK' has no timing specification (no clock specified to create a sequential input port, not combinationally connected to any outputs, not a clock input)
Warning 356: Model 'PS7_VPR' input port 'EMIOENET0GMIICRS' has no timing specification (no clock specified to create a sequential input port, not combinationally connected to any outputs, not a clock input)
Warning 357: Model 'PS7_VPR' input port 'EMIOENET0GMIICOL' has no timing specification (no clock specified to create a sequential input port, not combinationally connected to any outputs, not a clock input)
Warning 358: Model 'PS7_VPR' input port 'EMIOENET0EXTINTIN' has no timing specification (no clock specified to create a sequential input port, not combinationally connected to any outputs, not a clock input)
Warning 359: Model 'PS7_VPR' input port 'EMIOCAN1PHYRX' has no timing specification (no clock specified to create a sequential input port, not combinationally connected to any outputs, not a clock input)
Warning 360: Model 'PS7_VPR' input port 'EMIOCAN0PHYRX' has no timing specification (no clock specified to create a sequential input port, not combinationally connected to any outputs, not a clock input)
Warning 361: Model 'PS7_VPR' input port 'DMA3DRVALID' has no timing specification (no clock specified to create a sequential input port, not combinationally connected to any outputs, not a clock input)
Warning 362: Model 'PS7_VPR' input port 'DMA3DRTYPE' has no timing specification (no clock specified to create a sequential input port, not combinationally connected to any outputs, not a clock input)
Warning 363: Model 'PS7_VPR' input port 'DMA3DRLAST' has no timing specification (no clock specified to create a sequential input port, not combinationally connected to any outputs, not a clock input)
Warning 364: Model 'PS7_VPR' input port 'DMA3DAREADY' has no timing specification (no clock specified to create a sequential input port, not combinationally connected to any outputs, not a clock input)
Warning 365: Model 'PS7_VPR' input port 'DMA3ACLK' has no timing specification (no clock specified to create a sequential input port, not combinationally connected to any outputs, not a clock input)
Warning 366: Model 'PS7_VPR' input port 'DMA2DRVALID' has no timing specification (no clock specified to create a sequential input port, not combinationally connected to any outputs, not a clock input)
Warning 367: Model 'PS7_VPR' input port 'DMA2DRTYPE' has no timing specification (no clock specified to create a sequential input port, not combinationally connected to any outputs, not a clock input)
Warning 368: Model 'PS7_VPR' input port 'DMA2DRLAST' has no timing specification (no clock specified to create a sequential input port, not combinationally connected to any outputs, not a clock input)
Warning 369: Model 'PS7_VPR' input port 'DMA2DAREADY' has no timing specification (no clock specified to create a sequential input port, not combinationally connected to any outputs, not a clock input)
Warning 370: Model 'PS7_VPR' input port 'DMA2ACLK' has no timing specification (no clock specified to create a sequential input port, not combinationally connected to any outputs, not a clock input)
Warning 371: Model 'PS7_VPR' input port 'DMA1DRVALID' has no timing specification (no clock specified to create a sequential input port, not combinationally connected to any outputs, not a clock input)
Warning 372: Model 'PS7_VPR' input port 'DMA1DRTYPE' has no timing specification (no clock specified to create a sequential input port, not combinationally connected to any outputs, not a clock input)
Warning 373: Model 'PS7_VPR' input port 'DMA1DRLAST' has no timing specification (no clock specified to create a sequential input port, not combinationally connected to any outputs, not a clock input)
Warning 374: Model 'PS7_VPR' input port 'DMA1DAREADY' has no timing specification (no clock specified to create a sequential input port, not combinationally connected to any outputs, not a clock input)
Warning 375: Model 'PS7_VPR' input port 'DMA1ACLK' has no timing specification (no clock specified to create a sequential input port, not combinationally connected to any outputs, not a clock input)
Warning 376: Model 'PS7_VPR' input port 'DMA0DRVALID' has no timing specification (no clock specified to create a sequential input port, not combinationally connected to any outputs, not a clock input)
Warning 377: Model 'PS7_VPR' input port 'DMA0DRTYPE' has no timing specification (no clock specified to create a sequential input port, not combinationally connected to any outputs, not a clock input)
Warning 378: Model 'PS7_VPR' input port 'DMA0DRLAST' has no timing specification (no clock specified to create a sequential input port, not combinationally connected to any outputs, not a clock input)
Warning 379: Model 'PS7_VPR' input port 'DMA0DAREADY' has no timing specification (no clock specified to create a sequential input port, not combinationally connected to any outputs, not a clock input)
Warning 380: Model 'PS7_VPR' input port 'DMA0ACLK' has no timing specification (no clock specified to create a sequential input port, not combinationally connected to any outputs, not a clock input)
Warning 381: Model 'PS7_VPR' input port 'DDRARB' has no timing specification (no clock specified to create a sequential input port, not combinationally connected to any outputs, not a clock input)
Warning 382: Model 'PS7_VPR' output port 'SAXIHP3WREADY' has no timing specification (no clock specified to create a sequential output port, not combinationally connected to any inputs, not a clock output)
Warning 383: Model 'PS7_VPR' output port 'SAXIHP3WCOUNT' has no timing specification (no clock specified to create a sequential output port, not combinationally connected to any inputs, not a clock output)
Warning 384: Model 'PS7_VPR' output port 'SAXIHP3WACOUNT' has no timing specification (no clock specified to create a sequential output port, not combinationally connected to any inputs, not a clock output)
Warning 385: Model 'PS7_VPR' output port 'SAXIHP3RVALID' has no timing specification (no clock specified to create a sequential output port, not combinationally connected to any inputs, not a clock output)
Warning 386: Model 'PS7_VPR' output port 'SAXIHP3RRESP' has no timing specification (no clock specified to create a sequential output port, not combinationally connected to any inputs, not a clock output)
Warning 387: Model 'PS7_VPR' output port 'SAXIHP3RLAST' has no timing specification (no clock specified to create a sequential output port, not combinationally connected to any inputs, not a clock output)
Warning 388: Model 'PS7_VPR' output port 'SAXIHP3RID' has no timing specification (no clock specified to create a sequential output port, not combinationally connected to any inputs, not a clock output)
Warning 389: Model 'PS7_VPR' output port 'SAXIHP3RDATA' has no timing specification (no clock specified to create a sequential output port, not combinationally connected to any inputs, not a clock output)
Warning 390: Model 'PS7_VPR' output port 'SAXIHP3RCOUNT' has no timing specification (no clock specified to create a sequential output port, not combinationally connected to any inputs, not a clock output)
Warning 391: Model 'PS7_VPR' output port 'SAXIHP3RACOUNT' has no timing specification (no clock specified to create a sequential output port, not combinationally connected to any inputs, not a clock output)
Warning 392: Model 'PS7_VPR' output port 'SAXIHP3BVALID' has no timing specification (no clock specified to create a sequential output port, not combinationally connected to any inputs, not a clock output)
Warning 393: Model 'PS7_VPR' output port 'SAXIHP3BRESP' has no timing specification (no clock specified to create a sequential output port, not combinationally connected to any inputs, not a clock output)
Warning 394: Model 'PS7_VPR' output port 'SAXIHP3BID' has no timing specification (no clock specified to create a sequential output port, not combinationally connected to any inputs, not a clock output)
Warning 395: Model 'PS7_VPR' output port 'SAXIHP3AWREADY' has no timing specification (no clock specified to create a sequential output port, not combinationally connected to any inputs, not a clock output)
Warning 396: Model 'PS7_VPR' output port 'SAXIHP3ARREADY' has no timing specification (no clock specified to create a sequential output port, not combinationally connected to any inputs, not a clock output)
Warning 397: Model 'PS7_VPR' output port 'SAXIHP3ARESETN' has no timing specification (no clock specified to create a sequential output port, not combinationally connected to any inputs, not a clock output)
Warning 398: Model 'PS7_VPR' output port 'SAXIHP2WREADY' has no timing specification (no clock specified to create a sequential output port, not combinationally connected to any inputs, not a clock output)
Warning 399: Model 'PS7_VPR' output port 'SAXIHP2WCOUNT' has no timing specification (no clock specified to create a sequential output port, not combinationally connected to any inputs, not a clock output)
Warning 400: Model 'PS7_VPR' output port 'SAXIHP2WACOUNT' has no timing specification (no clock specified to create a sequential output port, not combinationally connected to any inputs, not a clock output)
Warning 401: Model 'PS7_VPR' output port 'SAXIHP2RVALID' has no timing specification (no clock specified to create a sequential output port, not combinationally connected to any inputs, not a clock output)
Warning 402: Model 'PS7_VPR' output port 'SAXIHP2RRESP' has no timing specification (no clock specified to create a sequential output port, not combinationally connected to any inputs, not a clock output)
Warning 403: Model 'PS7_VPR' output port 'SAXIHP2RLAST' has no timing specification (no clock specified to create a sequential output port, not combinationally connected to any inputs, not a clock output)
Warning 404: Model 'PS7_VPR' output port 'SAXIHP2RID' has no timing specification (no clock specified to create a sequential output port, not combinationally connected to any inputs, not a clock output)
Warning 405: Model 'PS7_VPR' output port 'SAXIHP2RDATA' has no timing specification (no clock specified to create a sequential output port, not combinationally connected to any inputs, not a clock output)
Warning 406: Model 'PS7_VPR' output port 'SAXIHP2RCOUNT' has no timing specification (no clock specified to create a sequential output port, not combinationally connected to any inputs, not a clock output)
Warning 407: Model 'PS7_VPR' output port 'SAXIHP2RACOUNT' has no timing specification (no clock specified to create a sequential output port, not combinationally connected to any inputs, not a clock output)
Warning 408: Model 'PS7_VPR' output port 'SAXIHP2BVALID' has no timing specification (no clock specified to create a sequential output port, not combinationally connected to any inputs, not a clock output)
Warning 409: Model 'PS7_VPR' output port 'SAXIHP2BRESP' has no timing specification (no clock specified to create a sequential output port, not combinationally connected to any inputs, not a clock output)
Warning 410: Model 'PS7_VPR' output port 'SAXIHP2BID' has no timing specification (no clock specified to create a sequential output port, not combinationally connected to any inputs, not a clock output)
Warning 411: Model 'PS7_VPR' output port 'SAXIHP2AWREADY' has no timing specification (no clock specified to create a sequential output port, not combinationally connected to any inputs, not a clock output)
Warning 412: Model 'PS7_VPR' output port 'SAXIHP2ARREADY' has no timing specification (no clock specified to create a sequential output port, not combinationally connected to any inputs, not a clock output)
Warning 413: Model 'PS7_VPR' output port 'SAXIHP2ARESETN' has no timing specification (no clock specified to create a sequential output port, not combinationally connected to any inputs, not a clock output)
Warning 414: Model 'PS7_VPR' output port 'SAXIHP1WREADY' has no timing specification (no clock specified to create a sequential output port, not combinationally connected to any inputs, not a clock output)
Warning 415: Model 'PS7_VPR' output port 'SAXIHP1WCOUNT' has no timing specification (no clock specified to create a sequential output port, not combinationally connected to any inputs, not a clock output)
Warning 416: Model 'PS7_VPR' output port 'SAXIHP1WACOUNT' has no timing specification (no clock specified to create a sequential output port, not combinationally connected to any inputs, not a clock output)
Warning 417: Model 'PS7_VPR' output port 'SAXIHP1RVALID' has no timing specification (no clock specified to create a sequential output port, not combinationally connected to any inputs, not a clock output)
Warning 418: Model 'PS7_VPR' output port 'SAXIHP1RRESP' has no timing specification (no clock specified to create a sequential output port, not combinationally connected to any inputs, not a clock output)
Warning 419: Model 'PS7_VPR' output port 'SAXIHP1RLAST' has no timing specification (no clock specified to create a sequential output port, not combinationally connected to any inputs, not a clock output)
Warning 420: Model 'PS7_VPR' output port 'SAXIHP1RID' has no timing specification (no clock specified to create a sequential output port, not combinationally connected to any inputs, not a clock output)
Warning 421: Model 'PS7_VPR' output port 'SAXIHP1RDATA' has no timing specification (no clock specified to create a sequential output port, not combinationally connected to any inputs, not a clock output)
Warning 422: Model 'PS7_VPR' output port 'SAXIHP1RCOUNT' has no timing specification (no clock specified to create a sequential output port, not combinationally connected to any inputs, not a clock output)
Warning 423: Model 'PS7_VPR' output port 'SAXIHP1RACOUNT' has no timing specification (no clock specified to create a sequential output port, not combinationally connected to any inputs, not a clock output)
Warning 424: Model 'PS7_VPR' output port 'SAXIHP1BVALID' has no timing specification (no clock specified to create a sequential output port, not combinationally connected to any inputs, not a clock output)
Warning 425: Model 'PS7_VPR' output port 'SAXIHP1BRESP' has no timing specification (no clock specified to create a sequential output port, not combinationally connected to any inputs, not a clock output)
Warning 426: Model 'PS7_VPR' output port 'SAXIHP1BID' has no timing specification (no clock specified to create a sequential output port, not combinationally connected to any inputs, not a clock output)
Warning 427: Model 'PS7_VPR' output port 'SAXIHP1AWREADY' has no timing specification (no clock specified to create a sequential output port, not combinationally connected to any inputs, not a clock output)
Warning 428: Model 'PS7_VPR' output port 'SAXIHP1ARREADY' has no timing specification (no clock specified to create a sequential output port, not combinationally connected to any inputs, not a clock output)
Warning 429: Model 'PS7_VPR' output port 'SAXIHP1ARESETN' has no timing specification (no clock specified to create a sequential output port, not combinationally connected to any inputs, not a clock output)
Warning 430: Model 'PS7_VPR' output port 'SAXIHP0WREADY' has no timing specification (no clock specified to create a sequential output port, not combinationally connected to any inputs, not a clock output)
Warning 431: Model 'PS7_VPR' output port 'SAXIHP0WCOUNT' has no timing specification (no clock specified to create a sequential output port, not combinationally connected to any inputs, not a clock output)
Warning 432: Model 'PS7_VPR' output port 'SAXIHP0WACOUNT' has no timing specification (no clock specified to create a sequential output port, not combinationally connected to any inputs, not a clock output)
Warning 433: Model 'PS7_VPR' output port 'SAXIHP0RVALID' has no timing specification (no clock specified to create a sequential output port, not combinationally connected to any inputs, not a clock output)
Warning 434: Model 'PS7_VPR' output port 'SAXIHP0RRESP' has no timing specification (no clock specified to create a sequential output port, not combinationally connected to any inputs, not a clock output)
Warning 435: Model 'PS7_VPR' output port 'SAXIHP0RLAST' has no timing specification (no clock specified to create a sequential output port, not combinationally connected to any inputs, not a clock output)
Warning 436: Model 'PS7_VPR' output port 'SAXIHP0RID' has no timing specification (no clock specified to create a sequential output port, not combinationally connected to any inputs, not a clock output)
Warning 437: Model 'PS7_VPR' output port 'SAXIHP0RDATA' has no timing specification (no clock specified to create a sequential output port, not combinationally connected to any inputs, not a clock output)
Warning 438: Model 'PS7_VPR' output port 'SAXIHP0RCOUNT' has no timing specification (no clock specified to create a sequential output port, not combinationally connected to any inputs, not a clock output)
Warning 439: Model 'PS7_VPR' output port 'SAXIHP0RACOUNT' has no timing specification (no clock specified to create a sequential output port, not combinationally connected to any inputs, not a clock output)
Warning 440: Model 'PS7_VPR' output port 'SAXIHP0BVALID' has no timing specification (no clock specified to create a sequential output port, not combinationally connected to any inputs, not a clock output)
Warning 441: Model 'PS7_VPR' output port 'SAXIHP0BRESP' has no timing specification (no clock specified to create a sequential output port, not combinationally connected to any inputs, not a clock output)
Warning 442: Model 'PS7_VPR' output port 'SAXIHP0BID' has no timing specification (no clock specified to create a sequential output port, not combinationally connected to any inputs, not a clock output)
Warning 443: Model 'PS7_VPR' output port 'SAXIHP0AWREADY' has no timing specification (no clock specified to create a sequential output port, not combinationally connected to any inputs, not a clock output)
Warning 444: Model 'PS7_VPR' output port 'SAXIHP0ARREADY' has no timing specification (no clock specified to create a sequential output port, not combinationally connected to any inputs, not a clock output)
Warning 445: Model 'PS7_VPR' output port 'SAXIHP0ARESETN' has no timing specification (no clock specified to create a sequential output port, not combinationally connected to any inputs, not a clock output)
Warning 446: Model 'PS7_VPR' output port 'SAXIGP1WREADY' has no timing specification (no clock specified to create a sequential output port, not combinationally connected to any inputs, not a clock output)
Warning 447: Model 'PS7_VPR' output port 'SAXIGP1RVALID' has no timing specification (no clock specified to create a sequential output port, not combinationally connected to any inputs, not a clock output)
Warning 448: Model 'PS7_VPR' output port 'SAXIGP1RRESP' has no timing specification (no clock specified to create a sequential output port, not combinationally connected to any inputs, not a clock output)
Warning 449: Model 'PS7_VPR' output port 'SAXIGP1RLAST' has no timing specification (no clock specified to create a sequential output port, not combinationally connected to any inputs, not a clock output)
Warning 450: Model 'PS7_VPR' output port 'SAXIGP1RID' has no timing specification (no clock specified to create a sequential output port, not combinationally connected to any inputs, not a clock output)
Warning 451: Model 'PS7_VPR' output port 'SAXIGP1RDATA' has no timing specification (no clock specified to create a sequential output port, not combinationally connected to any inputs, not a clock output)
Warning 452: Model 'PS7_VPR' output port 'SAXIGP1BVALID' has no timing specification (no clock specified to create a sequential output port, not combinationally connected to any inputs, not a clock output)
Warning 453: Model 'PS7_VPR' output port 'SAXIGP1BRESP' has no timing specification (no clock specified to create a sequential output port, not combinationally connected to any inputs, not a clock output)
Warning 454: Model 'PS7_VPR' output port 'SAXIGP1BID' has no timing specification (no clock specified to create a sequential output port, not combinationally connected to any inputs, not a clock output)
Warning 455: Model 'PS7_VPR' output port 'SAXIGP1AWREADY' has no timing specification (no clock specified to create a sequential output port, not combinationally connected to any inputs, not a clock output)
Warning 456: Model 'PS7_VPR' output port 'SAXIGP1ARREADY' has no timing specification (no clock specified to create a sequential output port, not combinationally connected to any inputs, not a clock output)
Warning 457: Model 'PS7_VPR' output port 'SAXIGP1ARESETN' has no timing specification (no clock specified to create a sequential output port, not combinationally connected to any inputs, not a clock output)
Warning 458: Model 'PS7_VPR' output port 'SAXIGP0WREADY' has no timing specification (no clock specified to create a sequential output port, not combinationally connected to any inputs, not a clock output)
Warning 459: Model 'PS7_VPR' output port 'SAXIGP0RVALID' has no timing specification (no clock specified to create a sequential output port, not combinationally connected to any inputs, not a clock output)
Warning 460: Model 'PS7_VPR' output port 'SAXIGP0RRESP' has no timing specification (no clock specified to create a sequential output port, not combinationally connected to any inputs, not a clock output)
Warning 461: Model 'PS7_VPR' output port 'SAXIGP0RLAST' has no timing specification (no clock specified to create a sequential output port, not combinationally connected to any inputs, not a clock output)
Warning 462: Model 'PS7_VPR' output port 'SAXIGP0RID' has no timing specification (no clock specified to create a sequential output port, not combinationally connected to any inputs, not a clock output)
Warning 463: Model 'PS7_VPR' output port 'SAXIGP0RDATA' has no timing specification (no clock specified to create a sequential output port, not combinationally connected to any inputs, not a clock output)
Warning 464: Model 'PS7_VPR' output port 'SAXIGP0BVALID' has no timing specification (no clock specified to create a sequential output port, not combinationally connected to any inputs, not a clock output)
Warning 465: Model 'PS7_VPR' output port 'SAXIGP0BRESP' has no timing specification (no clock specified to create a sequential output port, not combinationally connected to any inputs, not a clock output)
Warning 466: Model 'PS7_VPR' output port 'SAXIGP0BID' has no timing specification (no clock specified to create a sequential output port, not combinationally connected to any inputs, not a clock output)
Warning 467: Model 'PS7_VPR' output port 'SAXIGP0AWREADY' has no timing specification (no clock specified to create a sequential output port, not combinationally connected to any inputs, not a clock output)
Warning 468: Model 'PS7_VPR' output port 'SAXIGP0ARREADY' has no timing specification (no clock specified to create a sequential output port, not combinationally connected to any inputs, not a clock output)
Warning 469: Model 'PS7_VPR' output port 'SAXIGP0ARESETN' has no timing specification (no clock specified to create a sequential output port, not combinationally connected to any inputs, not a clock output)
Warning 470: Model 'PS7_VPR' output port 'SAXIACPWREADY' has no timing specification (no clock specified to create a sequential output port, not combinationally connected to any inputs, not a clock output)
Warning 471: Model 'PS7_VPR' output port 'SAXIACPRVALID' has no timing specification (no clock specified to create a sequential output port, not combinationally connected to any inputs, not a clock output)
Warning 472: Model 'PS7_VPR' output port 'SAXIACPRRESP' has no timing specification (no clock specified to create a sequential output port, not combinationally connected to any inputs, not a clock output)
Warning 473: Model 'PS7_VPR' output port 'SAXIACPRLAST' has no timing specification (no clock specified to create a sequential output port, not combinationally connected to any inputs, not a clock output)
Warning 474: Model 'PS7_VPR' output port 'SAXIACPRID' has no timing specification (no clock specified to create a sequential output port, not combinationally connected to any inputs, not a clock output)
Warning 475: Model 'PS7_VPR' output port 'SAXIACPRDATA' has no timing specification (no clock specified to create a sequential output port, not combinationally connected to any inputs, not a clock output)
Warning 476: Model 'PS7_VPR' output port 'SAXIACPBVALID' has no timing specification (no clock specified to create a sequential output port, not combinationally connected to any inputs, not a clock output)
Warning 477: Model 'PS7_VPR' output port 'SAXIACPBRESP' has no timing specification (no clock specified to create a sequential output port, not combinationally connected to any inputs, not a clock output)
Warning 478: Model 'PS7_VPR' output port 'SAXIACPBID' has no timing specification (no clock specified to create a sequential output port, not combinationally connected to any inputs, not a clock output)
Warning 479: Model 'PS7_VPR' output port 'SAXIACPAWREADY' has no timing specification (no clock specified to create a sequential output port, not combinationally connected to any inputs, not a clock output)
Warning 480: Model 'PS7_VPR' output port 'SAXIACPARREADY' has no timing specification (no clock specified to create a sequential output port, not combinationally connected to any inputs, not a clock output)
Warning 481: Model 'PS7_VPR' output port 'SAXIACPARESETN' has no timing specification (no clock specified to create a sequential output port, not combinationally connected to any inputs, not a clock output)
Warning 482: Model 'PS7_VPR' output port 'MAXIGP1WVALID' has no timing specification (no clock specified to create a sequential output port, not combinationally connected to any inputs, not a clock output)
Warning 483: Model 'PS7_VPR' output port 'MAXIGP1WSTRB' has no timing specification (no clock specified to create a sequential output port, not combinationally connected to any inputs, not a clock output)
Warning 484: Model 'PS7_VPR' output port 'MAXIGP1WLAST' has no timing specification (no clock specified to create a sequential output port, not combinationally connected to any inputs, not a clock output)
Warning 485: Model 'PS7_VPR' output port 'MAXIGP1WID' has no timing specification (no clock specified to create a sequential output port, not combinationally connected to any inputs, not a clock output)
Warning 486: Model 'PS7_VPR' output port 'MAXIGP1WDATA' has no timing specification (no clock specified to create a sequential output port, not combinationally connected to any inputs, not a clock output)
Warning 487: Model 'PS7_VPR' output port 'MAXIGP1RREADY' has no timing specification (no clock specified to create a sequential output port, not combinationally connected to any inputs, not a clock output)
Warning 488: Model 'PS7_VPR' output port 'MAXIGP1BREADY' has no timing specification (no clock specified to create a sequential output port, not combinationally connected to any inputs, not a clock output)
Warning 489: Model 'PS7_VPR' output port 'MAXIGP1AWVALID' has no timing specification (no clock specified to create a sequential output port, not combinationally connected to any inputs, not a clock output)
Warning 490: Model 'PS7_VPR' output port 'MAXIGP1AWSIZE' has no timing specification (no clock specified to create a sequential output port, not combinationally connected to any inputs, not a clock output)
Warning 491: Model 'PS7_VPR' output port 'MAXIGP1AWQOS' has no timing specification (no clock specified to create a sequential output port, not combinationally connected to any inputs, not a clock output)
Warning 492: Model 'PS7_VPR' output port 'MAXIGP1AWPROT' has no timing specification (no clock specified to create a sequential output port, not combinationally connected to any inputs, not a clock output)
Warning 493: Model 'PS7_VPR' output port 'MAXIGP1AWLOCK' has no timing specification (no clock specified to create a sequential output port, not combinationally connected to any inputs, not a clock output)
Warning 494: Model 'PS7_VPR' output port 'MAXIGP1AWLEN' has no timing specification (no clock specified to create a sequential output port, not combinationally connected to any inputs, not a clock output)
Warning 495: Model 'PS7_VPR' output port 'MAXIGP1AWID' has no timing specification (no clock specified to create a sequential output port, not combinationally connected to any inputs, not a clock output)
Warning 496: Model 'PS7_VPR' output port 'MAXIGP1AWCACHE' has no timing specification (no clock specified to create a sequential output port, not combinationally connected to any inputs, not a clock output)
Warning 497: Model 'PS7_VPR' output port 'MAXIGP1AWBURST' has no timing specification (no clock specified to create a sequential output port, not combinationally connected to any inputs, not a clock output)
Warning 498: Model 'PS7_VPR' output port 'MAXIGP1AWADDR' has no timing specification (no clock specified to create a sequential output port, not combinationally connected to any inputs, not a clock output)
Warning 499: Model 'PS7_VPR' output port 'MAXIGP1ARVALID' has no timing specification (no clock specified to create a sequential output port, not combinationally connected to any inputs, not a clock output)
Warning 500: Model 'PS7_VPR' output port 'MAXIGP1ARSIZE' has no timing specification (no clock specified to create a sequential output port, not combinationally connected to any inputs, not a clock output)
Warning 501: Model 'PS7_VPR' output port 'MAXIGP1ARQOS' has no timing specification (no clock specified to create a sequential output port, not combinationally connected to any inputs, not a clock output)
Warning 502: Model 'PS7_VPR' output port 'MAXIGP1ARPROT' has no timing specification (no clock specified to create a sequential output port, not combinationally connected to any inputs, not a clock output)
Warning 503: Model 'PS7_VPR' output port 'MAXIGP1ARLOCK' has no timing specification (no clock specified to create a sequential output port, not combinationally connected to any inputs, not a clock output)
Warning 504: Model 'PS7_VPR' output port 'MAXIGP1ARLEN' has no timing specification (no clock specified to create a sequential output port, not combinationally connected to any inputs, not a clock output)
Warning 505: Model 'PS7_VPR' output port 'MAXIGP1ARID' has no timing specification (no clock specified to create a sequential output port, not combinationally connected to any inputs, not a clock output)
Warning 506: Model 'PS7_VPR' output port 'MAXIGP1ARESETN' has no timing specification (no clock specified to create a sequential output port, not combinationally connected to any inputs, not a clock output)
Warning 507: Model 'PS7_VPR' output port 'MAXIGP1ARCACHE' has no timing specification (no clock specified to create a sequential output port, not combinationally connected to any inputs, not a clock output)
Warning 508: Model 'PS7_VPR' output port 'MAXIGP1ARBURST' has no timing specification (no clock specified to create a sequential output port, not combinationally connected to any inputs, not a clock output)
Warning 509: Model 'PS7_VPR' output port 'MAXIGP1ARADDR' has no timing specification (no clock specified to create a sequential output port, not combinationally connected to any inputs, not a clock output)
Warning 510: Model 'PS7_VPR' output port 'MAXIGP0WVALID' has no timing specification (no clock specified to create a sequential output port, not combinationally connected to any inputs, not a clock output)
Warning 511: Model 'PS7_VPR' output port 'MAXIGP0WSTRB' has no timing specification (no clock specified to create a sequential output port, not combinationally connected to any inputs, not a clock output)
Warning 512: Model 'PS7_VPR' output port 'MAXIGP0WLAST' has no timing specification (no clock specified to create a sequential output port, not combinationally connected to any inputs, not a clock output)
Warning 513: Model 'PS7_VPR' output port 'MAXIGP0WID' has no timing specification (no clock specified to create a sequential output port, not combinationally connected to any inputs, not a clock output)
Warning 514: Model 'PS7_VPR' output port 'MAXIGP0WDATA' has no timing specification (no clock specified to create a sequential output port, not combinationally connected to any inputs, not a clock output)
Warning 515: Model 'PS7_VPR' output port 'MAXIGP0RREADY' has no timing specification (no clock specified to create a sequential output port, not combinationally connected to any inputs, not a clock output)
Warning 516: Model 'PS7_VPR' output port 'MAXIGP0BREADY' has no timing specification (no clock specified to create a sequential output port, not combinationally connected to any inputs, not a clock output)
Warning 517: Model 'PS7_VPR' output port 'MAXIGP0AWVALID' has no timing specification (no clock specified to create a sequential output port, not combinationally connected to any inputs, not a clock output)
Warning 518: Model 'PS7_VPR' output port 'MAXIGP0AWSIZE' has no timing specification (no clock specified to create a sequential output port, not combinationally connected to any inputs, not a clock output)
Warning 519: Model 'PS7_VPR' output port 'MAXIGP0AWQOS' has no timing specification (no clock specified to create a sequential output port, not combinationally connected to any inputs, not a clock output)
Warning 520: Model 'PS7_VPR' output port 'MAXIGP0AWPROT' has no timing specification (no clock specified to create a sequential output port, not combinationally connected to any inputs, not a clock output)
Warning 521: Model 'PS7_VPR' output port 'MAXIGP0AWLOCK' has no timing specification (no clock specified to create a sequential output port, not combinationally connected to any inputs, not a clock output)
Warning 522: Model 'PS7_VPR' output port 'MAXIGP0AWLEN' has no timing specification (no clock specified to create a sequential output port, not combinationally connected to any inputs, not a clock output)
Warning 523: Model 'PS7_VPR' output port 'MAXIGP0AWID' has no timing specification (no clock specified to create a sequential output port, not combinationally connected to any inputs, not a clock output)
Warning 524: Model 'PS7_VPR' output port 'MAXIGP0AWCACHE' has no timing specification (no clock specified to create a sequential output port, not combinationally connected to any inputs, not a clock output)
Warning 525: Model 'PS7_VPR' output port 'MAXIGP0AWBURST' has no timing specification (no clock specified to create a sequential output port, not combinationally connected to any inputs, not a clock output)
Warning 526: Model 'PS7_VPR' output port 'MAXIGP0AWADDR' has no timing specification (no clock specified to create a sequential output port, not combinationally connected to any inputs, not a clock output)
Warning 527: Model 'PS7_VPR' output port 'MAXIGP0ARVALID' has no timing specification (no clock specified to create a sequential output port, not combinationally connected to any inputs, not a clock output)
Warning 528: Model 'PS7_VPR' output port 'MAXIGP0ARSIZE' has no timing specification (no clock specified to create a sequential output port, not combinationally connected to any inputs, not a clock output)
Warning 529: Model 'PS7_VPR' output port 'MAXIGP0ARQOS' has no timing specification (no clock specified to create a sequential output port, not combinationally connected to any inputs, not a clock output)
Warning 530: Model 'PS7_VPR' output port 'MAXIGP0ARPROT' has no timing specification (no clock specified to create a sequential output port, not combinationally connected to any inputs, not a clock output)
Warning 531: Model 'PS7_VPR' output port 'MAXIGP0ARLOCK' has no timing specification (no clock specified to create a sequential output port, not combinationally connected to any inputs, not a clock output)
Warning 532: Model 'PS7_VPR' output port 'MAXIGP0ARLEN' has no timing specification (no clock specified to create a sequential output port, not combinationally connected to any inputs, not a clock output)
Warning 533: Model 'PS7_VPR' output port 'MAXIGP0ARID' has no timing specification (no clock specified to create a sequential output port, not combinationally connected to any inputs, not a clock output)
Warning 534: Model 'PS7_VPR' output port 'MAXIGP0ARESETN' has no timing specification (no clock specified to create a sequential output port, not combinationally connected to any inputs, not a clock output)
Warning 535: Model 'PS7_VPR' output port 'MAXIGP0ARCACHE' has no timing specification (no clock specified to create a sequential output port, not combinationally connected to any inputs, not a clock output)
Warning 536: Model 'PS7_VPR' output port 'MAXIGP0ARBURST' has no timing specification (no clock specified to create a sequential output port, not combinationally connected to any inputs, not a clock output)
Warning 537: Model 'PS7_VPR' output port 'MAXIGP0ARADDR' has no timing specification (no clock specified to create a sequential output port, not combinationally connected to any inputs, not a clock output)
Warning 538: Model 'PS7_VPR' output port 'IRQP2F' has no timing specification (no clock specified to create a sequential output port, not combinationally connected to any inputs, not a clock output)
Warning 539: Model 'PS7_VPR' output port 'FTMTP2FTRIG' has no timing specification (no clock specified to create a sequential output port, not combinationally connected to any inputs, not a clock output)
Warning 540: Model 'PS7_VPR' output port 'FTMTP2FDEBUG' has no timing specification (no clock specified to create a sequential output port, not combinationally connected to any inputs, not a clock output)
Warning 541: Model 'PS7_VPR' output port 'FTMTF2PTRIGACK' has no timing specification (no clock specified to create a sequential output port, not combinationally connected to any inputs, not a clock output)
Warning 542: Model 'PS7_VPR' output port 'FCLKRESETN' has no timing specification (no clock specified to create a sequential output port, not combinationally connected to any inputs, not a clock output)
Warning 543: Model 'PS7_VPR' output port 'FCLKCLK' has no timing specification (no clock specified to create a sequential output port, not combinationally connected to any inputs, not a clock output)
Warning 544: Model 'PS7_VPR' output port 'EVENTSTANDBYWFI' has no timing specification (no clock specified to create a sequential output port, not combinationally connected to any inputs, not a clock output)
Warning 545: Model 'PS7_VPR' output port 'EVENTSTANDBYWFE' has no timing specification (no clock specified to create a sequential output port, not combinationally connected to any inputs, not a clock output)
Warning 546: Model 'PS7_VPR' output port 'EVENTEVENTO' has no timing specification (no clock specified to create a sequential output port, not combinationally connected to any inputs, not a clock output)
Warning 547: Model 'PS7_VPR' output port 'EMIOWDTRSTO' has no timing specification (no clock specified to create a sequential output port, not combinationally connected to any inputs, not a clock output)
Warning 548: Model 'PS7_VPR' output port 'EMIOUSB1VBUSPWRSELECT' has no timing specification (no clock specified to create a sequential output port, not combinationally connected to any inputs, not a clock output)
Warning 549: Model 'PS7_VPR' output port 'EMIOUSB1PORTINDCTL' has no timing specification (no clock specified to create a sequential output port, not combinationally connected to any inputs, not a clock output)
Warning 550: Model 'PS7_VPR' output port 'EMIOUSB0VBUSPWRSELECT' has no timing specification (no clock specified to create a sequential output port, not combinationally connected to any inputs, not a clock output)
Warning 551: Model 'PS7_VPR' output port 'EMIOUSB0PORTINDCTL' has no timing specification (no clock specified to create a sequential output port, not combinationally connected to any inputs, not a clock output)
Warning 552: Model 'PS7_VPR' output port 'EMIOUART1TX' has no timing specification (no clock specified to create a sequential output port, not combinationally connected to any inputs, not a clock output)
Warning 553: Model 'PS7_VPR' output port 'EMIOUART1RTSN' has no timing specification (no clock specified to create a sequential output port, not combinationally connected to any inputs, not a clock output)
Warning 554: Model 'PS7_VPR' output port 'EMIOUART1DTRN' has no timing specification (no clock specified to create a sequential output port, not combinationally connected to any inputs, not a clock output)
Warning 555: Model 'PS7_VPR' output port 'EMIOUART0TX' has no timing specification (no clock specified to create a sequential output port, not combinationally connected to any inputs, not a clock output)
Warning 556: Model 'PS7_VPR' output port 'EMIOUART0RTSN' has no timing specification (no clock specified to create a sequential output port, not combinationally connected to any inputs, not a clock output)
Warning 557: Model 'PS7_VPR' output port 'EMIOUART0DTRN' has no timing specification (no clock specified to create a sequential output port, not combinationally connected to any inputs, not a clock output)
Warning 558: Model 'PS7_VPR' output port 'EMIOTTC1WAVEO' has no timing specification (no clock specified to create a sequential output port, not combinationally connected to any inputs, not a clock output)
Warning 559: Model 'PS7_VPR' output port 'EMIOTTC0WAVEO' has no timing specification (no clock specified to create a sequential output port, not combinationally connected to any inputs, not a clock output)
Warning 560: Model 'PS7_VPR' output port 'EMIOTRACEDATA' has no timing specification (no clock specified to create a sequential output port, not combinationally connected to any inputs, not a clock output)
Warning 561: Model 'PS7_VPR' output port 'EMIOTRACECTL' has no timing specification (no clock specified to create a sequential output port, not combinationally connected to any inputs, not a clock output)
Warning 562: Model 'PS7_VPR' output port 'EMIOSPI1STN' has no timing specification (no clock specified to create a sequential output port, not combinationally connected to any inputs, not a clock output)
Warning 563: Model 'PS7_VPR' output port 'EMIOSPI1SSON' has no timing specification (no clock specified to create a sequential output port, not combinationally connected to any inputs, not a clock output)
Warning 564: Model 'PS7_VPR' output port 'EMIOSPI1SSNTN' has no timing specification (no clock specified to create a sequential output port, not combinationally connected to any inputs, not a clock output)
Warning 565: Model 'PS7_VPR' output port 'EMIOSPI1SO' has no timing specification (no clock specified to create a sequential output port, not combinationally connected to any inputs, not a clock output)
Warning 566: Model 'PS7_VPR' output port 'EMIOSPI1SCLKTN' has no timing specification (no clock specified to create a sequential output port, not combinationally connected to any inputs, not a clock output)
Warning 567: Model 'PS7_VPR' output port 'EMIOSPI1SCLKO' has no timing specification (no clock specified to create a sequential output port, not combinationally connected to any inputs, not a clock output)
Warning 568: Model 'PS7_VPR' output port 'EMIOSPI1MOTN' has no timing specification (no clock specified to create a sequential output port, not combinationally connected to any inputs, not a clock output)
Warning 569: Model 'PS7_VPR' output port 'EMIOSPI1MO' has no timing specification (no clock specified to create a sequential output port, not combinationally connected to any inputs, not a clock output)
Warning 570: Model 'PS7_VPR' output port 'EMIOSPI0STN' has no timing specification (no clock specified to create a sequential output port, not combinationally connected to any inputs, not a clock output)
Warning 571: Model 'PS7_VPR' output port 'EMIOSPI0SSON' has no timing specification (no clock specified to create a sequential output port, not combinationally connected to any inputs, not a clock output)
Warning 572: Model 'PS7_VPR' output port 'EMIOSPI0SSNTN' has no timing specification (no clock specified to create a sequential output port, not combinationally connected to any inputs, not a clock output)
Warning 573: Model 'PS7_VPR' output port 'EMIOSPI0SO' has no timing specification (no clock specified to create a sequential output port, not combinationally connected to any inputs, not a clock output)
Warning 574: Model 'PS7_VPR' output port 'EMIOSPI0SCLKTN' has no timing specification (no clock specified to create a sequential output port, not combinationally connected to any inputs, not a clock output)
Warning 575: Model 'PS7_VPR' output port 'EMIOSPI0SCLKO' has no timing specification (no clock specified to create a sequential output port, not combinationally connected to any inputs, not a clock output)
Warning 576: Model 'PS7_VPR' output port 'EMIOSPI0MOTN' has no timing specification (no clock specified to create a sequential output port, not combinationally connected to any inputs, not a clock output)
Warning 577: Model 'PS7_VPR' output port 'EMIOSPI0MO' has no timing specification (no clock specified to create a sequential output port, not combinationally connected to any inputs, not a clock output)
Warning 578: Model 'PS7_VPR' output port 'EMIOSDIO1LED' has no timing specification (no clock specified to create a sequential output port, not combinationally connected to any inputs, not a clock output)
Warning 579: Model 'PS7_VPR' output port 'EMIOSDIO1DATATN' has no timing specification (no clock specified to create a sequential output port, not combinationally connected to any inputs, not a clock output)
Warning 580: Model 'PS7_VPR' output port 'EMIOSDIO1DATAO' has no timing specification (no clock specified to create a sequential output port, not combinationally connected to any inputs, not a clock output)
Warning 581: Model 'PS7_VPR' output port 'EMIOSDIO1CMDTN' has no timing specification (no clock specified to create a sequential output port, not combinationally connected to any inputs, not a clock output)
Warning 582: Model 'PS7_VPR' output port 'EMIOSDIO1CMDO' has no timing specification (no clock specified to create a sequential output port, not combinationally connected to any inputs, not a clock output)
Warning 583: Model 'PS7_VPR' output port 'EMIOSDIO1CLK' has no timing specification (no clock specified to create a sequential output port, not combinationally connected to any inputs, not a clock output)
Warning 584: Model 'PS7_VPR' output port 'EMIOSDIO1BUSVOLT' has no timing specification (no clock specified to create a sequential output port, not combinationally connected to any inputs, not a clock output)
Warning 585: Model 'PS7_VPR' output port 'EMIOSDIO1BUSPOW' has no timing specification (no clock specified to create a sequential output port, not combinationally connected to any inputs, not a clock output)
Warning 586: Model 'PS7_VPR' output port 'EMIOSDIO0LED' has no timing specification (no clock specified to create a sequential output port, not combinationally connected to any inputs, not a clock output)
Warning 587: Model 'PS7_VPR' output port 'EMIOSDIO0DATATN' has no timing specification (no clock specified to create a sequential output port, not combinationally connected to any inputs, not a clock output)
Warning 588: Model 'PS7_VPR' output port 'EMIOSDIO0DATAO' has no timing specification (no clock specified to create a sequential output port, not combinationally connected to any inputs, not a clock output)
Warning 589: Model 'PS7_VPR' output port 'EMIOSDIO0CMDTN' has no timing specification (no clock specified to create a sequential output port, not combinationally connected to any inputs, not a clock output)
Warning 590: Model 'PS7_VPR' output port 'EMIOSDIO0CMDO' has no timing specification (no clock specified to create a sequential output port, not combinationally connected to any inputs, not a clock output)
Warning 591: Model 'PS7_VPR' output port 'EMIOSDIO0CLK' has no timing specification (no clock specified to create a sequential output port, not combinationally connected to any inputs, not a clock output)
Warning 592: Model 'PS7_VPR' output port 'EMIOSDIO0BUSVOLT' has no timing specification (no clock specified to create a sequential output port, not combinationally connected to any inputs, not a clock output)
Warning 593: Model 'PS7_VPR' output port 'EMIOSDIO0BUSPOW' has no timing specification (no clock specified to create a sequential output port, not combinationally connected to any inputs, not a clock output)
Warning 594: Model 'PS7_VPR' output port 'EMIOPJTAGTDTN' has no timing specification (no clock specified to create a sequential output port, not combinationally connected to any inputs, not a clock output)
Warning 595: Model 'PS7_VPR' output port 'EMIOPJTAGTDO' has no timing specification (no clock specified to create a sequential output port, not combinationally connected to any inputs, not a clock output)
Warning 596: Model 'PS7_VPR' output port 'EMIOI2C1SDATN' has no timing specification (no clock specified to create a sequential output port, not combinationally connected to any inputs, not a clock output)
Warning 597: Model 'PS7_VPR' output port 'EMIOI2C1SDAO' has no timing specification (no clock specified to create a sequential output port, not combinationally connected to any inputs, not a clock output)
Warning 598: Model 'PS7_VPR' output port 'EMIOI2C1SCLTN' has no timing specification (no clock specified to create a sequential output port, not combinationally connected to any inputs, not a clock output)
Warning 599: Model 'PS7_VPR' output port 'EMIOI2C1SCLO' has no timing specification (no clock specified to create a sequential output port, not combinationally connected to any inputs, not a clock output)
Warning 600: Model 'PS7_VPR' output port 'EMIOI2C0SDATN' has no timing specification (no clock specified to create a sequential output port, not combinationally connected to any inputs, not a clock output)
Warning 601: Model 'PS7_VPR' output port 'EMIOI2C0SDAO' has no timing specification (no clock specified to create a sequential output port, not combinationally connected to any inputs, not a clock output)
Warning 602: Model 'PS7_VPR' output port 'EMIOI2C0SCLTN' has no timing specification (no clock specified to create a sequential output port, not combinationally connected to any inputs, not a clock output)
Warning 603: Model 'PS7_VPR' output port 'EMIOI2C0SCLO' has no timing specification (no clock specified to create a sequential output port, not combinationally connected to any inputs, not a clock output)
Warning 604: Model 'PS7_VPR' output port 'EMIOGPIOTN' has no timing specification (no clock specified to create a sequential output port, not combinationally connected to any inputs, not a clock output)
Warning 605: Model 'PS7_VPR' output port 'EMIOGPIOO' has no timing specification (no clock specified to create a sequential output port, not combinationally connected to any inputs, not a clock output)
Warning 606: Model 'PS7_VPR' output port 'EMIOENET1SOFTX' has no timing specification (no clock specified to create a sequential output port, not combinationally connected to any inputs, not a clock output)
Warning 607: Model 'PS7_VPR' output port 'EMIOENET1SOFRX' has no timing specification (no clock specified to create a sequential output port, not combinationally connected to any inputs, not a clock output)
Warning 608: Model 'PS7_VPR' output port 'EMIOENET1PTPSYNCFRAMETX' has no timing specification (no clock specified to create a sequential output port, not combinationally connected to any inputs, not a clock output)
Warning 609: Model 'PS7_VPR' output port 'EMIOENET1PTPSYNCFRAMERX' has no timing specification (no clock specified to create a sequential output port, not combinationally connected to any inputs, not a clock output)
Warning 610: Model 'PS7_VPR' output port 'EMIOENET1PTPPDELAYRESPTX' has no timing specification (no clock specified to create a sequential output port, not combinationally connected to any inputs, not a clock output)
Warning 611: Model 'PS7_VPR' output port 'EMIOENET1PTPPDELAYRESPRX' has no timing specification (no clock specified to create a sequential output port, not combinationally connected to any inputs, not a clock output)
Warning 612: Model 'PS7_VPR' output port 'EMIOENET1PTPPDELAYREQTX' has no timing specification (no clock specified to create a sequential output port, not combinationally connected to any inputs, not a clock output)
Warning 613: Model 'PS7_VPR' output port 'EMIOENET1PTPPDELAYREQRX' has no timing specification (no clock specified to create a sequential output port, not combinationally connected to any inputs, not a clock output)
Warning 614: Model 'PS7_VPR' output port 'EMIOENET1PTPDELAYREQTX' has no timing specification (no clock specified to create a sequential output port, not combinationally connected to any inputs, not a clock output)
Warning 615: Model 'PS7_VPR' output port 'EMIOENET1PTPDELAYREQRX' has no timing specification (no clock specified to create a sequential output port, not combinationally connected to any inputs, not a clock output)
Warning 616: Model 'PS7_VPR' output port 'EMIOENET1MDIOTN' has no timing specification (no clock specified to create a sequential output port, not combinationally connected to any inputs, not a clock output)
Warning 617: Model 'PS7_VPR' output port 'EMIOENET1MDIOO' has no timing specification (no clock specified to create a sequential output port, not combinationally connected to any inputs, not a clock output)
Warning 618: Model 'PS7_VPR' output port 'EMIOENET1MDIOMDC' has no timing specification (no clock specified to create a sequential output port, not combinationally connected to any inputs, not a clock output)
Warning 619: Model 'PS7_VPR' output port 'EMIOENET1GMIITXER' has no timing specification (no clock specified to create a sequential output port, not combinationally connected to any inputs, not a clock output)
Warning 620: Model 'PS7_VPR' output port 'EMIOENET1GMIITXEN' has no timing specification (no clock specified to create a sequential output port, not combinationally connected to any inputs, not a clock output)
Warning 621: Model 'PS7_VPR' output port 'EMIOENET1GMIITXD' has no timing specification (no clock specified to create a sequential output port, not combinationally connected to any inputs, not a clock output)
Warning 622: Model 'PS7_VPR' output port 'EMIOENET0SOFTX' has no timing specification (no clock specified to create a sequential output port, not combinationally connected to any inputs, not a clock output)
Warning 623: Model 'PS7_VPR' output port 'EMIOENET0SOFRX' has no timing specification (no clock specified to create a sequential output port, not combinationally connected to any inputs, not a clock output)
Warning 624: Model 'PS7_VPR' output port 'EMIOENET0PTPSYNCFRAMETX' has no timing specification (no clock specified to create a sequential output port, not combinationally connected to any inputs, not a clock output)
Warning 625: Model 'PS7_VPR' output port 'EMIOENET0PTPSYNCFRAMERX' has no timing specification (no clock specified to create a sequential output port, not combinationally connected to any inputs, not a clock output)
Warning 626: Model 'PS7_VPR' output port 'EMIOENET0PTPPDELAYRESPTX' has no timing specification (no clock specified to create a sequential output port, not combinationally connected to any inputs, not a clock output)
Warning 627: Model 'PS7_VPR' output port 'EMIOENET0PTPPDELAYRESPRX' has no timing specification (no clock specified to create a sequential output port, not combinationally connected to any inputs, not a clock output)
Warning 628: Model 'PS7_VPR' output port 'EMIOENET0PTPPDELAYREQTX' has no timing specification (no clock specified to create a sequential output port, not combinationally connected to any inputs, not a clock output)
Warning 629: Model 'PS7_VPR' output port 'EMIOENET0PTPPDELAYREQRX' has no timing specification (no clock specified to create a sequential output port, not combinationally connected to any inputs, not a clock output)
Warning 630: Model 'PS7_VPR' output port 'EMIOENET0PTPDELAYREQTX' has no timing specification (no clock specified to create a sequential output port, not combinationally connected to any inputs, not a clock output)
Warning 631: Model 'PS7_VPR' output port 'EMIOENET0PTPDELAYREQRX' has no timing specification (no clock specified to create a sequential output port, not combinationally connected to any inputs, not a clock output)
Warning 632: Model 'PS7_VPR' output port 'EMIOENET0MDIOTN' has no timing specification (no clock specified to create a sequential output port, not combinationally connected to any inputs, not a clock output)
Warning 633: Model 'PS7_VPR' output port 'EMIOENET0MDIOO' has no timing specification (no clock specified to create a sequential output port, not combinationally connected to any inputs, not a clock output)
Warning 634: Model 'PS7_VPR' output port 'EMIOENET0MDIOMDC' has no timing specification (no clock specified to create a sequential output port, not combinationally connected to any inputs, not a clock output)
Warning 635: Model 'PS7_VPR' output port 'EMIOENET0GMIITXER' has no timing specification (no clock specified to create a sequential output port, not combinationally connected to any inputs, not a clock output)
Warning 636: Model 'PS7_VPR' output port 'EMIOENET0GMIITXEN' has no timing specification (no clock specified to create a sequential output port, not combinationally connected to any inputs, not a clock output)
Warning 637: Model 'PS7_VPR' output port 'EMIOENET0GMIITXD' has no timing specification (no clock specified to create a sequential output port, not combinationally connected to any inputs, not a clock output)
Warning 638: Model 'PS7_VPR' output port 'EMIOCAN1PHYTX' has no timing specification (no clock specified to create a sequential output port, not combinationally connected to any inputs, not a clock output)
Warning 639: Model 'PS7_VPR' output port 'EMIOCAN0PHYTX' has no timing specification (no clock specified to create a sequential output port, not combinationally connected to any inputs, not a clock output)
Warning 640: Model 'PS7_VPR' output port 'DMA3RSTN' has no timing specification (no clock specified to create a sequential output port, not combinationally connected to any inputs, not a clock output)
Warning 641: Model 'PS7_VPR' output port 'DMA3DRREADY' has no timing specification (no clock specified to create a sequential output port, not combinationally connected to any inputs, not a clock output)
Warning 642: Model 'PS7_VPR' output port 'DMA3DAVALID' has no timing specification (no clock specified to create a sequential output port, not combinationally connected to any inputs, not a clock output)
Warning 643: Model 'PS7_VPR' output port 'DMA3DATYPE' has no timing specification (no clock specified to create a sequential output port, not combinationally connected to any inputs, not a clock output)
Warning 644: Model 'PS7_VPR' output port 'DMA2RSTN' has no timing specification (no clock specified to create a sequential output port, not combinationally connected to any inputs, not a clock output)
Warning 645: Model 'PS7_VPR' output port 'DMA2DRREADY' has no timing specification (no clock specified to create a sequential output port, not combinationally connected to any inputs, not a clock output)
Warning 646: Model 'PS7_VPR' output port 'DMA2DAVALID' has no timing specification (no clock specified to create a sequential output port, not combinationally connected to any inputs, not a clock output)
Warning 647: Model 'PS7_VPR' output port 'DMA2DATYPE' has no timing specification (no clock specified to create a sequential output port, not combinationally connected to any inputs, not a clock output)
Warning 648: Model 'PS7_VPR' output port 'DMA1RSTN' has no timing specification (no clock specified to create a sequential output port, not combinationally connected to any inputs, not a clock output)
Warning 649: Model 'PS7_VPR' output port 'DMA1DRREADY' has no timing specification (no clock specified to create a sequential output port, not combinationally connected to any inputs, not a clock output)
Warning 650: Model 'PS7_VPR' output port 'DMA1DAVALID' has no timing specification (no clock specified to create a sequential output port, not combinationally connected to any inputs, not a clock output)
Warning 651: Model 'PS7_VPR' output port 'DMA1DATYPE' has no timing specification (no clock specified to create a sequential output port, not combinationally connected to any inputs, not a clock output)
Warning 652: Model 'PS7_VPR' output port 'DMA0RSTN' has no timing specification (no clock specified to create a sequential output port, not combinationally connected to any inputs, not a clock output)
Warning 653: Model 'PS7_VPR' output port 'DMA0DRREADY' has no timing specification (no clock specified to create a sequential output port, not combinationally connected to any inputs, not a clock output)
Warning 654: Model 'PS7_VPR' output port 'DMA0DAVALID' has no timing specification (no clock specified to create a sequential output port, not combinationally connected to any inputs, not a clock output)
Warning 655: Model 'PS7_VPR' output port 'DMA0DATYPE' has no timing specification (no clock specified to create a sequential output port, not combinationally connected to any inputs, not a clock output)
Warning 656: Model 'VCC' output port 'VCC' has no timing specification (no clock specified to create a sequential output port, not combinationally connected to any inputs, not a clock output)
Warning 657: Model 'GND' output port 'GND' has no timing specification (no clock specified to create a sequential output port, not combinationally connected to any inputs, not a clock output)
Warning 658: <pb_type> 'empty' timing-annotation/<model> mismatch on port 'D' of model '.latch', port is a sequential input but has neither T_setup nor T_hold specified
Warning 659: <pb_type> 'empty' timing-annotation/<model> mismatch on port 'Q' of model '.latch', port is a sequential output but has neither min nor max T_clock_to_Q specified
# Loading Architecture Description took 1.74 seconds (max_rss 52.0 MiB, delta_rss +40.2 MiB)

Warning 660: Non-zero switch output capacitance (4e-15) has no effect when switch 'buffer' is used for connection block inputs
Timing analysis: ON
Circuit netlist file: top.net
Circuit placement file: top.place
Circuit routing file: top.route
Circuit SDC file: top.sdc
Vpr floorplanning constraints file: not specified

Packer: ENABLED
Placer: ENABLED
Router: DISABLED
Analysis: DISABLED

VPR was run with the following options:

NetlistOpts.abosrb_buffer_luts            : true
NetlistOpts.sweep_dangling_primary_ios    : true
NetlistOpts.sweep_dangling_nets           : true
NetlistOpts.sweep_dangling_blocks         : true
NetlistOpts.sweep_constant_primary_outputs: false
NetlistOpts.netlist_verbosity             : 1
NetlistOpts.const_gen_inference           : COMB_SEQ

PackerOpts.allow_unrelated_clustering: auto
PackerOpts.alpha_clustering: 0.750000
PackerOpts.beta_clustering: 0.900000
PackerOpts.cluster_seed_type: BLEND2
PackerOpts.connection_driven: true
PackerOpts.global_clocks: true
PackerOpts.hill_climbing_flag: false
PackerOpts.inter_cluster_net_delay: 1.000000
PackerOpts.timing_driven: true
PackerOpts.target_external_pin_util: auto

PlacerOpts.place_freq: PLACE_ONCE
PlacerOpts.place_algorithm: CRITICALITY_TIMING_PLACE
PlacerOpts.pad_loc_type: FREE
PlacerOpts.constraints_file: Using constraints file 'constraints.place'
PlacerOpts.place_cost_exp: 1.000000
PlacerOpts.place_chan_width: 500
PlacerOpts.inner_loop_recompute_divider: 0
PlacerOpts.recompute_crit_iter: 1
PlacerOpts.timing_tradeoff: 0.500000
PlacerOpts.td_place_exp_first: 1.000000
PlacerOpts.td_place_exp_last: 8.000000
PlacerOpts.delay_offset: 0.000000
PlacerOpts.delay_ramp_delta_threshold: -1
PlacerOpts.delay_ramp_slope: 0.000000
PlacerOpts.tsu_rel_margin: 1.000000
PlacerOpts.tsu_abs_margin: 0.000000
PlacerOpts.post_place_timing_report_file: 
PlacerOpts.allowed_tiles_for_delay_model: 
PlacerOpts.delay_model_reducer: MIN
PlacerOpts.delay_model_type: DELTA
PlacerOpts.rlim_escape_fraction: 0.000000
PlacerOpts.move_stats_file: 
PlacerOpts.placement_saves_per_temperature: 0
PlacerOpts.effort_scaling: CIRCUIT
PlacerOpts.place_delta_delay_matrix_calculation_method: DIJKSTRA_EXPANSION
PlaceOpts.seed: 0
AnnealSched.type: AUTO_SCHED
AnnealSched.inner_num: 0.500000

# Building complex block graph
# Building complex block graph took 0.08 seconds (max_rss 52.0 MiB, delta_rss +0.0 MiB)
Circuit file: top.eblif
# Load circuit
# Load circuit took 0.00 seconds (max_rss 52.0 MiB, delta_rss +0.0 MiB)
# Clean circuit
Absorbed 101 LUT buffers
Inferred   11 additional primitive pins as constant generators since they have no combinationally connected inputs
Inferred    6 additional primitive pins as constant generators due to constant inputs
Inferred    0 additional primitive pins as constant generators since they have no combinationally connected inputs
Inferred    0 additional primitive pins as constant generators due to constant inputs
Inferred    0 additional primitive pins as constant generators since they have no combinationally connected inputs
Inferred    0 additional primitive pins as constant generators due to constant inputs
Swept input(s)      : 0
Swept output(s)     : 0 (0 dangling, 0 constant)
Swept net(s)        : 5
Swept block(s)      : 1
Constant Pins Marked: 17
# Clean circuit took 0.00 seconds (max_rss 52.0 MiB, delta_rss +0.0 MiB)
# Compress circuit
# Compress circuit took 0.00 seconds (max_rss 52.0 MiB, delta_rss +0.0 MiB)
# Verify circuit
# Verify circuit took 0.00 seconds (max_rss 52.0 MiB, delta_rss +0.0 MiB)
Circuit Statistics:
  Blocks: 61
    .input            :       4
    .output           :       6
    5-LUT             :       8
    CE_VCC            :       4
    DPRAM32           :       8
    DRAM_8_OUTPUT_STUB:       1
    FDCE_ZINI         :       4
    FDRE_ZINI         :       4
    GND               :       1
    IBUF_VPR          :       4
    OBUFT_VPR         :       6
    SR_GND            :       4
    T_INV             :       6
    VCC               :       1
  Nets  : 58
    Avg Fanout:     3.5
    Max Fanout:    70.0
    Min Fanout:     1.0
  Netlist Clocks: 1
# Build Timing Graph
Warning 661: Inferred implicit clock source $iopadmap$top.clk.O[0] for netlist clock S1.clk (possibly data used as clock)
Warning 662: Timing edge from $iopadmap$top.clk.I[0] to $iopadmap$top.clk.O[0] will not be created since $iopadmap$top.clk.O[0] has been identified as a clock generator
  Timing Graph Nodes: 259
  Timing Graph Edges: 383
  Timing Graph Levels: 10
# Build Timing Graph took 0.00 seconds (max_rss 52.0 MiB, delta_rss +0.0 MiB)
Netlist contains 1 clocks
  Netlist Clock 'S1.clk' Fanout: 16 pins (6.2%), 16 blocks (26.2%)
# Load Timing Constraints

SDC file 'top.sdc' contained no SDC commands
Setting default timing constraints:
   * constrain all primay inputs and primary outputs on netlist clock 'S1.clk'
   * optimize netlist clock to run as fast as possible
Timing constraints created 1 clocks
  Constrained Clock 'S1.clk' Source: '$iopadmap$top.clk.O[0]'

# Load Timing Constraints took 0.00 seconds (max_rss 52.0 MiB, delta_rss +0.0 MiB)
# Load packing
Begin loading packed FPGA netlist file.
Netlist generated from file 'top.net'.
Detected 10 constant generators (to see names run with higher pack verbosity)
Finished loading packed FPGA netlist file (took 0.026303 seconds).
# Load packing took 0.03 seconds (max_rss 79.2 MiB, delta_rss +27.2 MiB)
Warning 663: Netlist contains 0 global net to non-global architecture pin connections
Warning 664: Logic block #13 ($false) has only 1 output pin '$false.GND[0]'. It may be a constant generator.
Warning 665: Logic block #14 ($true) has only 1 output pin '$true.VCC[0]'. It may be a constant generator.

Pb types usage...
  BLK-TL-SLICEL              : 2
   SLICEL0                   : 2
    COMMON_LUT_AND_F78MUX    : 2
     ALUT                    : 2
      A5LUT                  : 4
       lut                   : 4
     BLUT                    : 1
      B5LUT                  : 2
       lut                   : 2
     CLUT                    : 1
      C5LUT                  : 1
       lut                   : 1
     DLUT                    : 1
      D5LUT                  : 1
       lut                   : 1
    COMMON_SLICE             : 1
     CEUSEDMUX               : 1
      CE_VCC                 : 4
     SLICE_FF                : 1
      FF_FDPE_or_FDCE        : 3
       FDCE                  : 3
      REG_FDPE_or_FDCE       : 1
       FDCE                  : 1
  BLK-TL-SLICEM              : 1
   SLICEM                    : 1
    COMMON_SLICE             : 1
     SLICE_FF                : 1
      FF_FDSE_or_FDRE        : 2
       FDRE                  : 2
      REG_FDSE_or_FDRE       : 2
       FDRE                  : 2
     SRUSEDMUX               : 1
      SR_GND                 : 4
    SLICEM_MODES             : 1
     D_DRAM                  : 1
      DPRAM32_O6             : 1
      DPRAM32_O5             : 1
     C_DRAM                  : 1
      DPRAM32_O6             : 1
      DPRAM32_O5             : 1
     B_DRAM                  : 1
      DPRAM32_O6             : 1
      DPRAM32_O5             : 1
     A_DRAM                  : 1
      DPRAM32_O6             : 1
      DPRAM32_O5             : 1
     DRAM_8_OUTPUT_STUB      : 1
  BLK-TL-IOPAD               : 10
   IOB33                     : 10
    IOB33_MODES              : 10
     IBUF_VPR                : 4
     inpad                   : 4
     OBUFT_VPR               : 6
     outpad                  : 6
   OLOGICE3                  : 6
    OLOGIC_TFF               : 6
     T_INV                   : 6
  SYN-VCC                    : 1
   VCC                       : 1
  SYN-GND                    : 1
   GND                       : 1

# Create Device
## Build Device Grid
FPGA sized to 130 x 109: 14170 grid tiles (xc7z010-test)

Resource usage...
	Netlist
		2	blocks of type: BLK-TL-SLICEL
	Architecture
		800	blocks of type: BLK-TL-CLBLL_L
		600	blocks of type: BLK-TL-CLBLL_R
		1200	blocks of type: BLK-TL-CLBLM_L
		1800	blocks of type: BLK-TL-CLBLM_R
	Netlist
		1	blocks of type: BLK-TL-SLICEM
	Architecture
		1200	blocks of type: BLK-TL-CLBLM_L
		1800	blocks of type: BLK-TL-CLBLM_R
	Netlist
		0	blocks of type: BLK-TL-BRAM_L
	Architecture
		40	blocks of type: BLK-TL-BRAM_L
	Netlist
		10	blocks of type: BLK-TL-IOPAD
	Architecture
		4	blocks of type: BLK-TL-RIOPAD_SING
		48	blocks of type: BLK-TL-RIOPAD_M
		48	blocks of type: BLK-TL-RIOPAD_S
	Netlist
		0	blocks of type: BLK-TL-IOPAD_M
	Architecture
		48	blocks of type: BLK-TL-RIOPAD_M
	Netlist
		0	blocks of type: BLK-TL-IOPAD_S
	Architecture
		48	blocks of type: BLK-TL-RIOPAD_S
	Netlist
		0	blocks of type: BLK-TL-BUFGCTRL
	Architecture
		16	blocks of type: BLK-TL-CLK_BUFG_TOP_R
		16	blocks of type: BLK-TL-CLK_BUFG_BOT_R
	Netlist
		0	blocks of type: BLK-TL-PLLE2_ADV
	Architecture
		2	blocks of type: BLK-TL-CMT_TOP_L_UPPER_T
	Netlist
		0	blocks of type: BLK-TL-HCLK_IOI3
	Architecture
		2	blocks of type: BLK-TL-HCLK_IOI3
	Netlist
		0	blocks of type: BLK-TL-PSS2
	Architecture
		1	blocks of type: BLK-TL-PSS2
	Netlist
		1	blocks of type: SYN-VCC
	Architecture
		1	blocks of type: SYN-VCC
	Netlist
		1	blocks of type: SYN-GND
	Architecture
		1	blocks of type: SYN-GND

Device Utilization: 0.00 (target 1.00)
	Physical Tile BLK-TL-CLBLL_L:
	Block Utilization: 0.00 Logical Block: BLK-TL-SLICEL
	Physical Tile BLK-TL-CLBLL_R:
	Block Utilization: 0.00 Logical Block: BLK-TL-SLICEL
	Physical Tile BLK-TL-CLBLM_L:
	Block Utilization: 0.00 Logical Block: BLK-TL-SLICEM
	Block Utilization: 0.00 Logical Block: BLK-TL-SLICEL
	Physical Tile BLK-TL-CLBLM_R:
	Block Utilization: 0.00 Logical Block: BLK-TL-SLICEM
	Block Utilization: 0.00 Logical Block: BLK-TL-SLICEL
	Physical Tile BLK-TL-BRAM_L:
	Block Utilization: 0.00 Logical Block: BLK-TL-BRAM_L
	Physical Tile BLK-TL-RIOPAD_M:
	Block Utilization: 0.21 Logical Block: BLK-TL-IOPAD
	Block Utilization: 0.00 Logical Block: BLK-TL-IOPAD_M
	Physical Tile BLK-TL-RIOPAD_S:
	Block Utilization: 0.21 Logical Block: BLK-TL-IOPAD
	Block Utilization: 0.00 Logical Block: BLK-TL-IOPAD_S
	Physical Tile BLK-TL-RIOPAD_SING:
	Block Utilization: 2.50 Logical Block: BLK-TL-IOPAD
	Physical Tile BLK-TL-CLK_BUFG_TOP_R:
	Block Utilization: 0.00 Logical Block: BLK-TL-BUFGCTRL
	Physical Tile BLK-TL-CLK_BUFG_BOT_R:
	Block Utilization: 0.00 Logical Block: BLK-TL-BUFGCTRL
	Physical Tile BLK-TL-CMT_TOP_L_UPPER_T:
	Block Utilization: 0.00 Logical Block: BLK-TL-PLLE2_ADV
	Physical Tile BLK-TL-HCLK_IOI3:
	Block Utilization: 0.00 Logical Block: BLK-TL-HCLK_IOI3
	Physical Tile BLK-TL-PSS2:
	Block Utilization: 0.00 Logical Block: BLK-TL-PSS2
	Physical Tile SYN-VCC:
	Block Utilization: 1.00 Logical Block: SYN-VCC
	Physical Tile SYN-GND:
	Block Utilization: 1.00 Logical Block: SYN-GND

## Build Device Grid took 0.01 seconds (max_rss 79.6 MiB, delta_rss +0.0 MiB)
## Loading routing resource graph



Warning 666: This architecture version is for VPR 8.1.0-dev+c012f19d3 while your current VPR version is 8.1.0-dev+25e723a24-dirty, compatibility issues may arise

## Loading routing resource graph took 4.15 seconds (max_rss 1884.5 MiB, delta_rss +1805.0 MiB)
  RR Graph Nodes: 1672762
  RR Graph Edges: 12698458
# Create Device took 4.49 seconds (max_rss 1884.5 MiB, delta_rss +1805.0 MiB)

# Computing src/opin lookahead
Warning 667: Found no more sample locations for SOURCE in BLK-TL-BRAM_L
Warning 668: Found no more sample locations for OPIN in BLK-TL-BRAM_L
Warning 669: Found no more sample locations for SOURCE in BLK-TL-RIOPAD_M
Warning 670: Found no more sample locations for OPIN in BLK-TL-RIOPAD_M
Warning 671: Found no more sample locations for SOURCE in BLK-TL-RIOPAD_S
Warning 672: Found no more sample locations for OPIN in BLK-TL-RIOPAD_S
Warning 673: Found no more sample locations for SOURCE in BLK-TL-RIOPAD_SING
Warning 674: Found no more sample locations for OPIN in BLK-TL-RIOPAD_SING
Warning 675: Found no more sample locations for SOURCE in BLK-TL-CMT_TOP_L_UPPER_T
Warning 676: Found no more sample locations for OPIN in BLK-TL-CMT_TOP_L_UPPER_T
Warning 677: Found no more sample locations for SOURCE in BLK-TL-PSS2
Warning 678: Found no more sample locations for OPIN in BLK-TL-PSS2
# Computing src/opin lookahead took 0.00 seconds (max_rss 1884.5 MiB, delta_rss +0.0 MiB)
# Computing chan/ipin lookahead
Warning 679: Found no sample locations for EMPTY
Warning 680: Found no sample locations for BLK-TL-CLBLL_L
Warning 681: Found no sample locations for BLK-TL-CLBLL_R
Warning 682: Found no sample locations for BLK-TL-CLBLM_L
Warning 683: Found no sample locations for BLK-TL-CLBLM_R
Warning 684: Found no sample locations for BLK-TL-BRAM_L
Warning 685: Found no sample locations for BLK-TL-RIOPAD_M
Warning 686: Found no sample locations for BLK-TL-RIOPAD_S
Warning 687: Found no sample locations for BLK-TL-RIOPAD_SING
Warning 688: Found no sample locations for BLK-TL-CLK_BUFG_TOP_R
Warning 689: Found no sample locations for BLK-TL-CLK_BUFG_BOT_R
Warning 690: Found no sample locations for BLK-TL-CMT_TOP_L_UPPER_T
Warning 691: Found no sample locations for BLK-TL-HCLK_IOI3
Warning 692: Found no sample locations for BLK-TL-PSS2
Warning 693: Found no sample locations for SYN-VCC
Warning 694: Found no sample locations for SYN-GND
# Computing chan/ipin lookahead took 0.01 seconds (max_rss 1884.5 MiB, delta_rss +0.0 MiB)
# Computing placement delta delay look-up
  RR Graph Nodes: 1672762
  RR Graph Edges: 12698458
# Computing placement delta delay look-up took 0.38 seconds (max_rss 1884.5 MiB, delta_rss +0.0 MiB)
Using simple RL 'Softmax agent' for choosing move types
Warning 695: CHANX place cost fac is 0 at 0 0
Warning 696: CHANX place cost fac is 0 at 52 52
Warning 697: CHANX place cost fac is 0 at 107 107
Warning 698: CHANX place cost fac is 0 at 108 107
Warning 699: CHANX place cost fac is 0 at 108 108
Warning 700: CHANY place cost fac is 0 at 0 0
Warning 701: CHANY place cost fac is 0 at 1 0
Warning 702: CHANY place cost fac is 0 at 1 1
Warning 703: CHANY place cost fac is 0 at 2 0
Warning 704: CHANY place cost fac is 0 at 2 1
Warning 705: CHANY place cost fac is 0 at 2 2
Warning 706: CHANY place cost fac is 0 at 3 0
Warning 707: CHANY place cost fac is 0 at 3 1
Warning 708: CHANY place cost fac is 0 at 3 2
Warning 709: CHANY place cost fac is 0 at 3 3
Warning 710: CHANY place cost fac is 0 at 4 0
Warning 711: CHANY place cost fac is 0 at 4 1
Warning 712: CHANY place cost fac is 0 at 4 2
Warning 713: CHANY place cost fac is 0 at 4 3
Warning 714: CHANY place cost fac is 0 at 4 4
Warning 715: CHANY place cost fac is 0 at 5 0
Warning 716: CHANY place cost fac is 0 at 5 1
Warning 717: CHANY place cost fac is 0 at 5 2
Warning 718: CHANY place cost fac is 0 at 5 3
Warning 719: CHANY place cost fac is 0 at 5 4
Warning 720: CHANY place cost fac is 0 at 5 5
Warning 721: CHANY place cost fac is 0 at 6 0
Warning 722: CHANY place cost fac is 0 at 6 1
Warning 723: CHANY place cost fac is 0 at 6 2
Warning 724: CHANY place cost fac is 0 at 6 3
Warning 725: CHANY place cost fac is 0 at 6 4
Warning 726: CHANY place cost fac is 0 at 6 5
Warning 727: CHANY place cost fac is 0 at 6 6
Warning 728: CHANY place cost fac is 0 at 7 0
Warning 729: CHANY place cost fac is 0 at 7 1
Warning 730: CHANY place cost fac is 0 at 7 2
Warning 731: CHANY place cost fac is 0 at 7 3
Warning 732: CHANY place cost fac is 0 at 7 4
Warning 733: CHANY place cost fac is 0 at 7 5
Warning 734: CHANY place cost fac is 0 at 7 6
Warning 735: CHANY place cost fac is 0 at 7 7
Warning 736: CHANY place cost fac is 0 at 8 0
Warning 737: CHANY place cost fac is 0 at 8 1
Warning 738: CHANY place cost fac is 0 at 8 2
Warning 739: CHANY place cost fac is 0 at 8 3
Warning 740: CHANY place cost fac is 0 at 8 4
Warning 741: CHANY place cost fac is 0 at 8 5
Warning 742: CHANY place cost fac is 0 at 8 6
Warning 743: CHANY place cost fac is 0 at 8 7
Warning 744: CHANY place cost fac is 0 at 8 8
Warning 745: CHANY place cost fac is 0 at 9 0
Warning 746: CHANY place cost fac is 0 at 9 1
Warning 747: CHANY place cost fac is 0 at 9 2
Warning 748: CHANY place cost fac is 0 at 9 3
Warning 749: CHANY place cost fac is 0 at 9 4
Warning 750: CHANY place cost fac is 0 at 9 5
Warning 751: CHANY place cost fac is 0 at 9 6
Warning 752: CHANY place cost fac is 0 at 9 7
Warning 753: CHANY place cost fac is 0 at 9 8
Warning 754: CHANY place cost fac is 0 at 9 9
Warning 755: CHANY place cost fac is 0 at 10 0
Warning 756: CHANY place cost fac is 0 at 10 1
Warning 757: CHANY place cost fac is 0 at 10 2
Warning 758: CHANY place cost fac is 0 at 10 3
Warning 759: CHANY place cost fac is 0 at 10 4
Warning 760: CHANY place cost fac is 0 at 10 5
Warning 761: CHANY place cost fac is 0 at 10 6
Warning 762: CHANY place cost fac is 0 at 10 7
Warning 763: CHANY place cost fac is 0 at 10 8
Warning 764: CHANY place cost fac is 0 at 10 9
Warning 765: CHANY place cost fac is 0 at 10 10
Warning 766: CHANY place cost fac is 0 at 11 0
Warning 767: CHANY place cost fac is 0 at 11 1
Warning 768: CHANY place cost fac is 0 at 11 2
Warning 769: CHANY place cost fac is 0 at 11 3
Warning 770: CHANY place cost fac is 0 at 11 4
Warning 771: CHANY place cost fac is 0 at 11 5
Warning 772: CHANY place cost fac is 0 at 11 6
Warning 773: CHANY place cost fac is 0 at 11 7
Warning 774: CHANY place cost fac is 0 at 11 8
Warning 775: CHANY place cost fac is 0 at 11 9
Warning 776: CHANY place cost fac is 0 at 11 10
Warning 777: CHANY place cost fac is 0 at 11 11
Warning 778: CHANY place cost fac is 0 at 12 0
Warning 779: CHANY place cost fac is 0 at 12 1
Warning 780: CHANY place cost fac is 0 at 12 2
Warning 781: CHANY place cost fac is 0 at 12 3
Warning 782: CHANY place cost fac is 0 at 12 4
Warning 783: CHANY place cost fac is 0 at 12 5
Warning 784: CHANY place cost fac is 0 at 12 6
Warning 785: CHANY place cost fac is 0 at 12 7
Warning 786: CHANY place cost fac is 0 at 12 8
Warning 787: CHANY place cost fac is 0 at 12 9
Warning 788: CHANY place cost fac is 0 at 12 10
Warning 789: CHANY place cost fac is 0 at 12 11
Warning 790: CHANY place cost fac is 0 at 12 12
Warning 791: CHANY place cost fac is 0 at 13 0
Warning 792: CHANY place cost fac is 0 at 13 1
Warning 793: CHANY place cost fac is 0 at 13 2
Warning 794: CHANY place cost fac is 0 at 13 3
Warning 795: CHANY place cost fac is 0 at 13 4
Warning 796: CHANY place cost fac is 0 at 13 5
Warning 797: CHANY place cost fac is 0 at 13 6
Warning 798: CHANY place cost fac is 0 at 13 7
Warning 799: CHANY place cost fac is 0 at 13 8
Warning 800: CHANY place cost fac is 0 at 13 9
Warning 801: CHANY place cost fac is 0 at 13 10
Warning 802: CHANY place cost fac is 0 at 13 11
Warning 803: CHANY place cost fac is 0 at 13 12
Warning 804: CHANY place cost fac is 0 at 13 13
Warning 805: CHANY place cost fac is 0 at 15 15
Warning 806: CHANY place cost fac is 0 at 16 15
Warning 807: CHANY place cost fac is 0 at 16 16
Warning 808: CHANY place cost fac is 0 at 17 15
Warning 809: CHANY place cost fac is 0 at 17 16
Warning 810: CHANY place cost fac is 0 at 17 17
Warning 811: CHANY place cost fac is 0 at 18 15
Warning 812: CHANY place cost fac is 0 at 18 16
Warning 813: CHANY place cost fac is 0 at 18 17
Warning 814: CHANY place cost fac is 0 at 18 18
Warning 815: CHANY place cost fac is 0 at 19 15
Warning 816: CHANY place cost fac is 0 at 19 16
Warning 817: CHANY place cost fac is 0 at 19 17
Warning 818: CHANY place cost fac is 0 at 19 18
Warning 819: CHANY place cost fac is 0 at 19 19
Warning 820: CHANY place cost fac is 0 at 20 15
Warning 821: CHANY place cost fac is 0 at 20 16
Warning 822: CHANY place cost fac is 0 at 20 17
Warning 823: CHANY place cost fac is 0 at 20 18
Warning 824: CHANY place cost fac is 0 at 20 19
Warning 825: CHANY place cost fac is 0 at 20 20
Warning 826: CHANY place cost fac is 0 at 21 15
Warning 827: CHANY place cost fac is 0 at 21 16
Warning 828: CHANY place cost fac is 0 at 21 17
Warning 829: CHANY place cost fac is 0 at 21 18
Warning 830: CHANY place cost fac is 0 at 21 19
Warning 831: CHANY place cost fac is 0 at 21 20
Warning 832: CHANY place cost fac is 0 at 21 21
Warning 833: CHANY place cost fac is 0 at 22 15
Warning 834: CHANY place cost fac is 0 at 22 16
Warning 835: CHANY place cost fac is 0 at 22 17
Warning 836: CHANY place cost fac is 0 at 22 18
Warning 837: CHANY place cost fac is 0 at 22 19
Warning 838: CHANY place cost fac is 0 at 22 20
Warning 839: CHANY place cost fac is 0 at 22 21
Warning 840: CHANY place cost fac is 0 at 22 22
Warning 841: CHANY place cost fac is 0 at 23 15
Warning 842: CHANY place cost fac is 0 at 23 16
Warning 843: CHANY place cost fac is 0 at 23 17
Warning 844: CHANY place cost fac is 0 at 23 18
Warning 845: CHANY place cost fac is 0 at 23 19
Warning 846: CHANY place cost fac is 0 at 23 20
Warning 847: CHANY place cost fac is 0 at 23 21
Warning 848: CHANY place cost fac is 0 at 23 22
Warning 849: CHANY place cost fac is 0 at 23 23
Warning 850: CHANY place cost fac is 0 at 24 15
Warning 851: CHANY place cost fac is 0 at 24 16
Warning 852: CHANY place cost fac is 0 at 24 17
Warning 853: CHANY place cost fac is 0 at 24 18
Warning 854: CHANY place cost fac is 0 at 24 19
Warning 855: CHANY place cost fac is 0 at 24 20
Warning 856: CHANY place cost fac is 0 at 24 21
Warning 857: CHANY place cost fac is 0 at 24 22
Warning 858: CHANY place cost fac is 0 at 24 23
Warning 859: CHANY place cost fac is 0 at 24 24
Warning 860: CHANY place cost fac is 0 at 25 15
Warning 861: CHANY place cost fac is 0 at 25 16
Warning 862: CHANY place cost fac is 0 at 25 17
Warning 863: CHANY place cost fac is 0 at 25 18
Warning 864: CHANY place cost fac is 0 at 25 19
Warning 865: CHANY place cost fac is 0 at 25 20
Warning 866: CHANY place cost fac is 0 at 25 21
Warning 867: CHANY place cost fac is 0 at 25 22
Warning 868: CHANY place cost fac is 0 at 25 23
Warning 869: CHANY place cost fac is 0 at 25 24
Warning 870: CHANY place cost fac is 0 at 25 25
Warning 871: CHANY place cost fac is 0 at 26 15
Warning 872: CHANY place cost fac is 0 at 26 16
Warning 873: CHANY place cost fac is 0 at 26 17
Warning 874: CHANY place cost fac is 0 at 26 18
Warning 875: CHANY place cost fac is 0 at 26 19
Warning 876: CHANY place cost fac is 0 at 26 20
Warning 877: CHANY place cost fac is 0 at 26 21
Warning 878: CHANY place cost fac is 0 at 26 22
Warning 879: CHANY place cost fac is 0 at 26 23
Warning 880: CHANY place cost fac is 0 at 26 24
Warning 881: CHANY place cost fac is 0 at 26 25
Warning 882: CHANY place cost fac is 0 at 26 26
Warning 883: CHANY place cost fac is 0 at 27 15
Warning 884: CHANY place cost fac is 0 at 27 16
Warning 885: CHANY place cost fac is 0 at 27 17
Warning 886: CHANY place cost fac is 0 at 27 18
Warning 887: CHANY place cost fac is 0 at 27 19
Warning 888: CHANY place cost fac is 0 at 27 20
Warning 889: CHANY place cost fac is 0 at 27 21
Warning 890: CHANY place cost fac is 0 at 27 22
Warning 891: CHANY place cost fac is 0 at 27 23
Warning 892: CHANY place cost fac is 0 at 27 24
Warning 893: CHANY place cost fac is 0 at 27 25
Warning 894: CHANY place cost fac is 0 at 27 26
Warning 895: CHANY place cost fac is 0 at 27 27
Warning 896: CHANY place cost fac is 0 at 28 15
Warning 897: CHANY place cost fac is 0 at 28 16
Warning 898: CHANY place cost fac is 0 at 28 17
Warning 899: CHANY place cost fac is 0 at 28 18
Warning 900: CHANY place cost fac is 0 at 28 19
Warning 901: CHANY place cost fac is 0 at 28 20
Warning 902: CHANY place cost fac is 0 at 28 21
Warning 903: CHANY place cost fac is 0 at 28 22
Warning 904: CHANY place cost fac is 0 at 28 23
Warning 905: CHANY place cost fac is 0 at 28 24
Warning 906: CHANY place cost fac is 0 at 28 25
Warning 907: CHANY place cost fac is 0 at 28 26
Warning 908: CHANY place cost fac is 0 at 28 27
Warning 909: CHANY place cost fac is 0 at 28 28
Warning 910: CHANY place cost fac is 0 at 29 15
Warning 911: CHANY place cost fac is 0 at 29 16
Warning 912: CHANY place cost fac is 0 at 29 17
Warning 913: CHANY place cost fac is 0 at 29 18
Warning 914: CHANY place cost fac is 0 at 29 19
Warning 915: CHANY place cost fac is 0 at 29 20
Warning 916: CHANY place cost fac is 0 at 29 21
Warning 917: CHANY place cost fac is 0 at 29 22
Warning 918: CHANY place cost fac is 0 at 29 23
Warning 919: CHANY place cost fac is 0 at 29 24
Warning 920: CHANY place cost fac is 0 at 29 25
Warning 921: CHANY place cost fac is 0 at 29 26
Warning 922: CHANY place cost fac is 0 at 29 27
Warning 923: CHANY place cost fac is 0 at 29 28
Warning 924: CHANY place cost fac is 0 at 29 29
Warning 925: CHANY place cost fac is 0 at 30 15
Warning 926: CHANY place cost fac is 0 at 30 16
Warning 927: CHANY place cost fac is 0 at 30 17
Warning 928: CHANY place cost fac is 0 at 30 18
Warning 929: CHANY place cost fac is 0 at 30 19
Warning 930: CHANY place cost fac is 0 at 30 20
Warning 931: CHANY place cost fac is 0 at 30 21
Warning 932: CHANY place cost fac is 0 at 30 22
Warning 933: CHANY place cost fac is 0 at 30 23
Warning 934: CHANY place cost fac is 0 at 30 24
Warning 935: CHANY place cost fac is 0 at 30 25
Warning 936: CHANY place cost fac is 0 at 30 26
Warning 937: CHANY place cost fac is 0 at 30 27
Warning 938: CHANY place cost fac is 0 at 30 28
Warning 939: CHANY place cost fac is 0 at 30 29
Warning 940: CHANY place cost fac is 0 at 30 30
Warning 941: CHANY place cost fac is 0 at 31 15
Warning 942: CHANY place cost fac is 0 at 31 16
Warning 943: CHANY place cost fac is 0 at 31 17
Warning 944: CHANY place cost fac is 0 at 31 18
Warning 945: CHANY place cost fac is 0 at 31 19
Warning 946: CHANY place cost fac is 0 at 31 20
Warning 947: CHANY place cost fac is 0 at 31 21
Warning 948: CHANY place cost fac is 0 at 31 22
Warning 949: CHANY place cost fac is 0 at 31 23
Warning 950: CHANY place cost fac is 0 at 31 24
Warning 951: CHANY place cost fac is 0 at 31 25
Warning 952: CHANY place cost fac is 0 at 31 26
Warning 953: CHANY place cost fac is 0 at 31 27
Warning 954: CHANY place cost fac is 0 at 31 28
Warning 955: CHANY place cost fac is 0 at 31 29
Warning 956: CHANY place cost fac is 0 at 31 30
Warning 957: CHANY place cost fac is 0 at 31 31
Warning 958: CHANY place cost fac is 0 at 35 35
Warning 959: CHANY place cost fac is 0 at 39 39
Warning 960: CHANY place cost fac is 0 at 40 39
Warning 961: CHANY place cost fac is 0 at 40 40
Warning 962: CHANY place cost fac is 0 at 45 45
Warning 963: CHANY place cost fac is 0 at 51 51
Warning 964: CHANY place cost fac is 0 at 55 55
Warning 965: CHANY place cost fac is 0 at 56 55
Warning 966: CHANY place cost fac is 0 at 56 56
Warning 967: CHANY place cost fac is 0 at 57 55
Warning 968: CHANY place cost fac is 0 at 57 56
Warning 969: CHANY place cost fac is 0 at 57 57
Warning 970: CHANY place cost fac is 0 at 58 55
Warning 971: CHANY place cost fac is 0 at 58 56
Warning 972: CHANY place cost fac is 0 at 58 57
Warning 973: CHANY place cost fac is 0 at 58 58
Warning 974: CHANY place cost fac is 0 at 59 55
Warning 975: CHANY place cost fac is 0 at 59 56
Warning 976: CHANY place cost fac is 0 at 59 57
Warning 977: CHANY place cost fac is 0 at 59 58
Warning 978: CHANY place cost fac is 0 at 59 59
Warning 979: CHANY place cost fac is 0 at 60 55
Warning 980: CHANY place cost fac is 0 at 60 56
Warning 981: CHANY place cost fac is 0 at 60 57
Warning 982: CHANY place cost fac is 0 at 60 58
Warning 983: CHANY place cost fac is 0 at 60 59
Warning 984: CHANY place cost fac is 0 at 60 60
Warning 985: CHANY place cost fac is 0 at 61 55
Warning 986: CHANY place cost fac is 0 at 61 56
Warning 987: CHANY place cost fac is 0 at 61 57
Warning 988: CHANY place cost fac is 0 at 61 58
Warning 989: CHANY place cost fac is 0 at 61 59
Warning 990: CHANY place cost fac is 0 at 61 60
Warning 991: CHANY place cost fac is 0 at 61 61
Warning 992: CHANY place cost fac is 0 at 62 55
Warning 993: CHANY place cost fac is 0 at 62 56
Warning 994: CHANY place cost fac is 0 at 62 57
Warning 995: CHANY place cost fac is 0 at 62 58
Warning 996: CHANY place cost fac is 0 at 62 59
Warning 997: CHANY place cost fac is 0 at 62 60
Warning 998: CHANY place cost fac is 0 at 62 61
Warning 999: CHANY place cost fac is 0 at 62 62
Warning 1000: CHANY place cost fac is 0 at 63 55
Warning 1001: CHANY place cost fac is 0 at 63 56
Warning 1002: CHANY place cost fac is 0 at 63 57
Warning 1003: CHANY place cost fac is 0 at 63 58
Warning 1004: CHANY place cost fac is 0 at 63 59
Warning 1005: CHANY place cost fac is 0 at 63 60
Warning 1006: CHANY place cost fac is 0 at 63 61
Warning 1007: CHANY place cost fac is 0 at 63 62
Warning 1008: CHANY place cost fac is 0 at 63 63
Warning 1009: CHANY place cost fac is 0 at 64 55
Warning 1010: CHANY place cost fac is 0 at 64 56
Warning 1011: CHANY place cost fac is 0 at 64 57
Warning 1012: CHANY place cost fac is 0 at 64 58
Warning 1013: CHANY place cost fac is 0 at 64 59
Warning 1014: CHANY place cost fac is 0 at 64 60
Warning 1015: CHANY place cost fac is 0 at 64 61
Warning 1016: CHANY place cost fac is 0 at 64 62
Warning 1017: CHANY place cost fac is 0 at 64 63
Warning 1018: CHANY place cost fac is 0 at 64 64
Warning 1019: CHANY place cost fac is 0 at 65 55
Warning 1020: CHANY place cost fac is 0 at 65 56
Warning 1021: CHANY place cost fac is 0 at 65 57
Warning 1022: CHANY place cost fac is 0 at 65 58
Warning 1023: CHANY place cost fac is 0 at 65 59
Warning 1024: CHANY place cost fac is 0 at 65 60
Warning 1025: CHANY place cost fac is 0 at 65 61
Warning 1026: CHANY place cost fac is 0 at 65 62
Warning 1027: CHANY place cost fac is 0 at 65 63
Warning 1028: CHANY place cost fac is 0 at 65 64
Warning 1029: CHANY place cost fac is 0 at 65 65
Warning 1030: CHANY place cost fac is 0 at 66 55
Warning 1031: CHANY place cost fac is 0 at 66 56
Warning 1032: CHANY place cost fac is 0 at 66 57
Warning 1033: CHANY place cost fac is 0 at 66 58
Warning 1034: CHANY place cost fac is 0 at 66 59
Warning 1035: CHANY place cost fac is 0 at 66 60
Warning 1036: CHANY place cost fac is 0 at 66 61
Warning 1037: CHANY place cost fac is 0 at 66 62
Warning 1038: CHANY place cost fac is 0 at 66 63
Warning 1039: CHANY place cost fac is 0 at 66 64
Warning 1040: CHANY place cost fac is 0 at 66 65
Warning 1041: CHANY place cost fac is 0 at 66 66
Warning 1042: CHANY place cost fac is 0 at 67 55
Warning 1043: CHANY place cost fac is 0 at 67 56
Warning 1044: CHANY place cost fac is 0 at 67 57
Warning 1045: CHANY place cost fac is 0 at 67 58
Warning 1046: CHANY place cost fac is 0 at 67 59
Warning 1047: CHANY place cost fac is 0 at 67 60
Warning 1048: CHANY place cost fac is 0 at 67 61
Warning 1049: CHANY place cost fac is 0 at 67 62
Warning 1050: CHANY place cost fac is 0 at 67 63
Warning 1051: CHANY place cost fac is 0 at 67 64
Warning 1052: CHANY place cost fac is 0 at 67 65
Warning 1053: CHANY place cost fac is 0 at 67 66
Warning 1054: CHANY place cost fac is 0 at 67 67
Warning 1055: CHANY place cost fac is 0 at 69 69
Warning 1056: CHANY place cost fac is 0 at 73 73
Warning 1057: CHANY place cost fac is 0 at 77 77
Warning 1058: CHANY place cost fac is 0 at 78 77
Warning 1059: CHANY place cost fac is 0 at 78 78
Warning 1060: CHANY place cost fac is 0 at 84 84
Warning 1061: CHANY place cost fac is 0 at 88 88
Warning 1062: CHANY place cost fac is 0 at 89 88
Warning 1063: CHANY place cost fac is 0 at 89 89
Warning 1064: CHANY place cost fac is 0 at 94 94
Warning 1065: CHANY place cost fac is 0 at 98 98
Warning 1066: CHANY place cost fac is 0 at 99 98
Warning 1067: CHANY place cost fac is 0 at 99 99
Warning 1068: CHANY place cost fac is 0 at 104 104
Warning 1069: CHANY place cost fac is 0 at 110 110
Warning 1070: CHANY place cost fac is 0 at 114 114
Warning 1071: CHANY place cost fac is 0 at 118 118
Warning 1072: CHANY place cost fac is 0 at 119 118
Warning 1073: CHANY place cost fac is 0 at 119 119
Warning 1074: CHANY place cost fac is 0 at 128 128
Warning 1075: CHANY place cost fac is 0 at 129 128
Warning 1076: CHANY place cost fac is 0 at 129 129
# Placement
## Initial Placement
Reading constraints.place.

Successfully read constraints file constraints.place.

## Initial Placement took 0.00 seconds (max_rss 1884.5 MiB, delta_rss +0.0 MiB)

There are 62 point to point connections in this circuit.


Completed placement consistency check successfully.
Initial placement cost: 1 bb_cost: 6.08381 td_cost: 4.59789e-08
Initial placement estimated Critical Path Delay (CPD): 8.03423 ns
Initial placement estimated setup Total Negative Slack (sTNS): -207.763 ns
Initial placement estimated setup Worst Negative Slack (sWNS): -8.03423 ns

Initial placement estimated setup slack histogram:
[   -8e-09: -7.1e-09)  1 (  2.5%) |***
[ -7.1e-09: -6.2e-09) 12 ( 30.0%) |************************************
[ -6.2e-09: -5.3e-09) 16 ( 40.0%) |************************************************
[ -5.3e-09: -4.4e-09)  1 (  2.5%) |***
[ -4.4e-09: -3.5e-09)  2 (  5.0%) |******
[ -3.5e-09: -2.5e-09)  1 (  2.5%) |***
[ -2.5e-09: -1.6e-09)  1 (  2.5%) |***
[ -1.6e-09:   -7e-10)  2 (  5.0%) |******
[   -7e-10:  2.1e-10)  0 (  0.0%) |
[  2.1e-10:  1.1e-09)  4 ( 10.0%) |************
Placement contains 0 placement macros involving 0 blocks (average macro size -nan)

Moves per temperature: 18
Warning 1077: Starting t: 4 of 15 configurations accepted.

---- ------ ------- ------- ---------- ---------- ------- ---------- -------- ------- ------- ------ -------- --------- ------
Tnum   Time       T Av Cost Av BB Cost Av TD Cost     CPD       sTNS     sWNS Ac Rate Std Dev  R lim Crit Exp Tot Moves  Alpha
      (sec)                                          (ns)       (ns)     (ns)                                                 
---- ------ ------- ------- ---------- ---------- ------- ---------- -------- ------- ------- ------ -------- --------- ------
   1    0.0 2.0e+00   0.851       4.29 2.6268e-08   8.034       -148   -8.034   0.667  0.0472  129.0     1.00        18  0.200
   2    0.0 1.9e+00   1.035       4.13 2.7707e-08   5.760       -122   -5.760   0.611  0.0584  129.0     1.00        36  0.950
   3    0.0 1.8e+00   0.923       3.59 2.6643e-08   6.050       -127   -6.050   0.889  0.0634  129.0     1.00        54  0.950
   4    0.0 1.6e+00   1.051       3.77 2.6929e-08   5.386       -115   -5.386   0.611  0.0423  129.0     1.00        72  0.900
   5    0.0 1.6e+00   1.003       3.67 2.6856e-08   5.817       -115   -5.817   0.611  0.0295  129.0     1.00        90  0.950
   6    0.0 1.5e+00   1.062       4.19 3.091e-08    5.508       -116   -5.508   0.556  0.1646  129.0     1.00       108  0.950
   7    0.0 1.4e+00   1.014       3.58 2.6731e-08   5.300       -116   -5.300   0.556  0.0269  129.0     1.00       126  0.950
   8    0.0 1.3e+00   1.078       4.04 2.8737e-08   5.629       -129   -5.629   0.556  0.1533  129.0     1.00       144  0.950
   9    0.0 1.3e+00   1.099       4.20 2.9521e-08   5.450       -118   -5.450   0.500  0.1385  129.0     1.00       162  0.950
  10    0.0 1.2e+00   0.976       3.81 2.784e-08    5.508       -117   -5.508   0.389  0.0200  129.0     1.00       180  0.950
  11    0.0 1.1e+00   0.984       3.76 2.7165e-08   4.791       -106   -4.791   0.667  0.0942  122.4     1.36       198  0.950
  12    0.0 1.1e+00   1.098       4.13 2.936e-08    5.508       -118   -5.508   0.722  0.1185  129.0     1.00       216  0.950
  13    0.0 1.0e+00   1.046       3.97 2.967e-08    5.316       -116   -5.316   0.500  0.0664  129.0     1.00       234  0.950
  14    0.0 9.8e-01   0.971       3.68 2.6855e-08   5.867       -122   -5.867   0.389  0.0227  129.0     1.00       252  0.950
  15    0.0 9.3e-01   0.978       3.76 2.464e-08    5.441       -112   -5.441   0.611  0.0196  122.4     1.36       270  0.950
  16    0.0 8.8e-01   1.042       3.91 2.8546e-08   5.612       -115   -5.612   0.500  0.1648  129.0     1.00       288  0.950
  17    0.0 8.4e-01   0.715       3.68 2.6861e-08   6.892       -146   -6.892   0.556  0.0220  129.0     1.00       306  0.950
  18    0.0 8.0e-01   0.950       3.65 2.6262e-08   6.055       -119   -6.055   0.556  0.0273  129.0     1.00       324  0.950
  19    0.0 7.6e-01   0.948       3.51 2.6316e-08   5.938       -117   -5.938   0.611  0.0399  129.0     1.00       342  0.950
  20    0.0 7.2e-01   1.037       3.91 2.8575e-08   5.386       -117   -5.386   0.611  0.0703  129.0     1.00       360  0.950
  21    0.0 6.8e-01   1.159       4.57 3.1551e-08   5.179       -113   -5.179   0.389  0.1417  129.0     1.00       378  0.950
  22    0.0 6.5e-01   1.018       4.19 2.8874e-08   5.125       -122   -5.125   0.500  0.1195  122.4     1.36       396  0.950
  23    0.0 6.2e-01   0.855       4.24 3.1244e-08   5.742       -142   -5.742   0.556  0.1005  129.0     1.00       414  0.950
  24    0.0 5.9e-01   0.942       4.04 2.9595e-08   5.659       -116   -5.659   0.667  0.1033  129.0     1.00       432  0.950
  25    0.0 5.6e-01   1.002       3.90 2.9302e-08   5.304       -121   -5.304   0.500  0.1323  129.0     1.00       450  0.950
  26    0.0 5.3e-01   0.856       4.84 3.1608e-08   6.799       -167   -6.799   0.611  0.1052  129.0     1.00       468  0.950
  27    0.0 5.0e-01   0.953       3.92 2.948e-08    4.876       -118   -4.876   0.556  0.0295  129.0     1.00       486  0.950
  28    0.0 4.8e-01   0.971       3.51 2.759e-08    5.245       -110   -5.245   0.667  0.1119  129.0     1.00       504  0.950
  29    0.0 4.5e-01   1.063       3.65 2.6413e-08   5.614       -116   -5.614   0.611  0.0971  129.0     1.00       522  0.950
  30    0.0 4.3e-01   0.976       3.48 2.6565e-08   5.271       -118   -5.271   0.667  0.0154  129.0     1.00       540  0.950
  31    0.0 4.1e-01   0.992       3.52 2.6947e-08   5.557       -124   -5.557   0.500  0.0320  129.0     1.00       558  0.950
  32    0.0 3.9e-01   1.029       3.53 2.5758e-08   5.750       -120   -5.750   0.500  0.0256  129.0     1.00       576  0.950
  33    0.0 3.7e-01   1.007       3.73 2.7277e-08   5.808       -116   -5.808   0.556  0.0157  129.0     1.00       594  0.950
  34    0.0 3.5e-01   1.002       3.87 2.7535e-08   5.671       -118   -5.671   0.500  0.0186  129.0     1.00       612  0.950
  35    0.0 3.3e-01   0.946       3.51 2.6439e-08   5.582       -105   -5.582   0.500  0.0314  129.0     1.00       630  0.950
  36    0.0 3.2e-01   1.026       3.52 2.5855e-08   5.809       -122   -5.809   0.667  0.0366  129.0     1.00       648  0.950
  37    0.0 3.0e-01   1.030       3.65 2.674e-08    5.557       -113   -5.557   0.389  0.0299  129.0     1.00       666  0.950
  38    0.0 2.9e-01   1.078       3.84 2.42e-08     5.809       -113   -5.809   0.667  0.0866  122.4     1.36       684  0.950
  39    0.0 2.7e-01   0.979       4.42 3.2789e-08   5.659       -136   -5.659   0.611  0.0161  129.0     1.00       702  0.950
  40    0.0 2.6e-01   0.936       4.11 2.9803e-08   5.659       -117   -5.659   0.333  0.0339  129.0     1.00       720  0.950
  41    0.0 2.4e-01   0.933       3.72 2.3175e-08   5.182       -113   -5.182   0.667  0.0439  115.2     1.75       738  0.950
  42    0.0 2.3e-01   1.026       3.52 2.685e-08    5.454       -122   -5.454   0.333  0.0306  129.0     1.00       756  0.950
  43    0.0 2.2e-01   1.024       3.81 2.3504e-08   5.226       -109   -5.226   0.389  0.0283  115.2     1.75       774  0.950
  44    0.0 2.1e-01   1.075       3.93 2.1643e-08   5.399       -109   -5.399   0.556  0.1153  109.3     2.07       792  0.950
  45    0.0 2.0e-01   0.995       4.09 2.653e-08    5.870       -121   -5.870   0.500  0.0624  122.0     1.38       810  0.950
  46    0.0 1.9e-01   1.305       5.10 3.5579e-08   5.080       -119   -5.080   0.444  0.1298  129.0     1.00       828  0.950
  47    0.0 1.8e-01   0.859       4.54 2.8373e-08   7.079       -117   -7.079   0.667  0.1105  129.0     1.00       846  0.950
  48    0.0 1.7e-01   0.945       3.54 2.725e-08    5.262       -123   -5.262   0.556  0.0296  129.0     1.00       864  0.950
  49    0.0 1.6e-01   0.970       3.66 2.8161e-08   5.450       -125   -5.450   0.556  0.0230  129.0     1.00       882  0.950
  50    0.0 1.5e-01   0.988       3.77 2.8755e-08   5.100       -114   -5.100   0.500  0.0185  129.0     1.00       900  0.950
  51    0.0 1.5e-01   0.988       3.64 2.8683e-08   4.791       -111   -4.791   0.389  0.0230  129.0     1.00       918  0.950
  52    0.0 1.4e-01   0.981       3.47 2.3282e-08   5.398       -119   -5.398   0.333  0.0257  122.4     1.36       936  0.950
  53    0.0 1.3e-01   1.015       3.56 2.0075e-08   5.226       -121   -5.226   0.500  0.0278  109.3     2.07       954  0.950
  54    0.0 1.3e-01   1.008       3.53 2.0613e-08   5.525       -117   -5.525   0.444  0.0330  115.9     1.72       972  0.950
  55    0.0 1.2e-01   1.030       3.51 2.0534e-08   5.768       -116   -5.768   0.333  0.0140  116.4     1.69       990  0.950
  56    0.0 1.1e-01   1.021       3.55 1.7389e-08   5.728       -111   -5.728   0.778  0.0171  104.0     2.37      1008  0.950
  57    0.0 1.1e-01   1.052       3.76 2.7788e-08   5.399       -122   -5.399   0.611  0.0483  129.0     1.00      1026  0.950
  58    0.0 1.0e-01   0.992       3.87 2.8584e-08   5.581       -118   -5.581   0.500  0.0702  129.0     1.00      1044  0.950
  59    0.0 9.7e-02   1.035       3.67 2.6868e-08   5.930       -124   -5.930   0.389  0.0368  129.0     1.00      1062  0.950
  60    0.0 9.2e-02   1.028       3.67 2.5787e-08   5.242       -110   -5.242   0.389  0.0171  122.4     1.36      1080  0.950
  61    0.0 8.8e-02   1.123       4.49 2.4257e-08   5.629       -112   -5.629   0.611  0.1659  116.2     1.70      1098  0.950
  62    0.0 8.3e-02   0.987       3.91 2.8106e-08   5.297       -108   -5.297   0.556  0.0227  129.0     1.00      1116  0.950
  63    0.0 7.9e-02   0.978       3.74 2.8325e-08   5.133       -107   -5.133   0.444  0.0125  129.0     1.00      1134  0.950
  64    0.0 7.5e-02   1.009       3.71 2.6808e-08   5.709       -117   -5.709   0.444  0.0116  129.0     1.00      1152  0.950
  65    0.0 7.1e-02   0.989       3.60 2.6586e-08   5.768       -126   -5.768   0.333  0.0213  129.0     1.00      1170  0.950
  66    0.0 6.8e-02   1.059       3.73 2.1392e-08   5.525       -114   -5.525   0.444  0.0453  115.2     1.75      1188  0.950
  67    0.0 6.5e-02   0.996       4.21 2.2973e-08   5.882       -123   -5.882   0.444  0.0319  115.8     1.72      1206  0.950
  68    0.0 6.1e-02   0.972       3.78 2.1602e-08   5.887       -123   -5.887   0.389  0.0266  116.3     1.70      1224  0.950
  69    0.0 5.8e-02   0.965       3.42 1.8809e-08   5.808       -118   -5.808   0.389  0.0152  110.3     2.02      1242  0.950
  70    0.0 5.5e-02   0.993       3.45 1.7425e-08   5.691       -115   -5.691   0.389  0.0059  104.7     2.33      1260  0.950
  71    0.0 5.3e-02   1.016       3.50 1.6883e-08   5.495       -112   -5.495   0.500  0.0150   99.3     2.62      1278  0.950
  72    0.0 5.0e-02   1.016       3.64 1.9171e-08   5.386       -109   -5.386   0.222  0.0159  105.3     2.30      1296  0.950
  73    0.0 4.7e-02   0.972       3.64 1.4523e-08   5.347       -112   -5.347   0.278  0.0371   82.4     3.55      1314  0.950
  74    0.0 4.5e-02   1.010       3.47 1.1182e-08   5.612       -116   -5.612   0.333  0.0228   69.0     4.28      1332  0.950
  75    0.0 4.3e-02   0.950       3.38 1.3539e-08   4.965       -109   -4.965   0.222  0.0325   61.6     4.68      1350  0.950
  76    0.0 4.1e-02   1.008       3.69 1.1073e-08   5.245       -115   -5.245   0.389  0.0065   48.2     5.42      1368  0.950
  77    0.0 3.9e-02   0.959       3.44 1.0329e-08   5.441       -118   -5.441   0.444  0.0209   45.8     5.55      1386  0.950
  78    0.0 3.7e-02   0.992       3.38 1.2349e-08   4.965       -106   -4.965   0.278  0.0076   46.0     5.54      1404  0.950
  79    0.0 3.5e-02   1.003       3.44 1.1083e-08   5.037       -103   -5.037   0.444  0.0306   38.5     5.95      1422  0.950
  80    0.0 3.3e-02   0.996       3.31 9.9237e-09   5.037       -111   -5.037   0.111  0.0229   38.7     5.94      1440  0.950
  81    0.0 3.1e-02   0.988       3.33 9.2523e-09   5.037       -111   -5.037   0.278  0.0118   26.0     6.64      1458  0.950
  82    0.0 3.0e-02   1.001       3.39 9.3645e-09   5.037       -108   -5.037   0.167  0.0033   21.7     6.87      1476  0.950
  83    0.0 2.8e-02   0.993       3.30 8.9132e-09   5.123       -108   -5.123   0.222  0.0071   15.8     7.19      1494  0.950
  84    0.0 2.7e-02   1.003       3.35 9.5686e-09   5.123       -104   -5.123   0.222  0.0009   12.4     7.38      1512  0.950
  85    0.0 2.6e-02   0.990       3.31 9.1692e-09   5.123       -109   -5.123   0.111  0.0191    9.7     7.53      1530  0.950
  86    0.0 2.4e-02   1.000       3.25 8.2204e-09   5.123       -114   -5.123   0.056  0.0000    6.5     7.70      1548  0.950
  87    0.0 2.3e-02   1.000       3.25 8.1697e-09   5.123       -117   -5.123   0.000  0.0000    4.0     7.84      1566  0.950
  88    0.0 2.2e-02   1.000       3.25 8.1044e-09   5.123       -117   -5.123   0.000  0.0000    2.2     7.93      1584  0.950
  89    0.0 2.1e-02   1.006       3.28 8.0807e-09   5.123       -117   -5.123   0.278  0.0039    1.3     7.99      1602  0.950
  90    0.0 2.0e-02   1.000       3.28 7.9752e-09   5.182       -119   -5.182   0.000  0.0000    1.0     8.00      1620  0.950
  91    0.0 1.9e-02   0.994       3.25 7.9648e-09   5.182       -119   -5.182   0.111  0.0035    1.0     8.00      1638  0.950
  92    0.0 1.5e-02   0.999       3.22 7.6962e-09   5.307       -122   -5.307   0.167  0.0022    1.0     8.00      1656  0.800
Agent's 2nd state: 
Checkpoint saved: bb_costs=3.21195, TD costs=7.56768e-09, CPD=  5.328 (ns) 
  93    0.0 1.4e-02   1.003       3.25 7.5153e-09   5.328       -123   -5.328   0.167  0.0039    1.0     8.00      1674  0.950
  94    0.0 1.4e-02   0.995       3.27 7.307e-09    5.412       -124   -5.412   0.167  0.0084    1.0     8.00      1692  0.950
  95    0.0 1.3e-02   1.000       3.22 7.2264e-09   5.412       -123   -5.412   0.000  0.0000    1.0     8.00      1710  0.950
  96    0.0 1.0e-02   1.001       3.22 7.2355e-09   5.412       -123   -5.412   0.056  0.0000    1.0     8.00      1728  0.800
  97    0.0 8.3e-03   1.011       3.24 7.385e-09    5.412       -121   -5.412   0.056  0.0000    1.0     8.00      1746  0.800
  98    0.0 6.6e-03   1.000       3.24 7.3064e-09   5.429       -121   -5.429   0.000  0.0000    1.0     8.00      1764  0.800
  99    0.0 5.3e-03   0.988       3.22 7.1842e-09   5.429       -121   -5.429   0.111  0.0008    1.0     8.00      1782  0.800
 100    0.0 4.2e-03   1.001       3.22 7.2325e-09   5.412       -123   -5.412   0.167  0.0006    1.0     8.00      1800  0.800
 101    0.0 4.0e-03   1.003       3.23 7.297e-09    5.412       -121   -5.412   0.111  0.0037    1.0     8.00      1818  0.950
 102    0.0 3.2e-03   1.003       3.23 7.2964e-09   5.412       -121   -5.412   0.222  0.0049    1.0     8.00      1836  0.800
 103    0.0 3.1e-03   0.999       3.24 6.9956e-09   5.507       -122   -5.507   0.056  0.0000    1.0     8.00      1854  0.950
 104    0.0 2.4e-03   1.004       3.26 6.9759e-09   5.507       -124   -5.507   0.111  0.0003    1.0     8.00      1872  0.800
 105    0.0 2.0e-03   1.000       3.27 7.3705e-09   5.361       -129   -5.361   0.000  0.0000    1.0     8.00      1890  0.800
 106    0.0 1.6e-03   1.000       3.27 7.3705e-09   5.361       -129   -5.361   0.000  0.0000    1.0     8.00      1908  0.800
 107    0.0 1.3e-03   0.992       3.26 7.2829e-09   5.361       -129   -5.361   0.111  0.0017    1.0     8.00      1926  0.800
 108    0.0 1.0e-03   0.998       3.26 7.047e-09    5.361       -125   -5.361   0.111  0.0026    1.0     8.00      1944  0.800
 109    0.0 8.0e-04   1.000       3.26 7.0758e-09   5.361       -125   -5.361   0.000  0.0000    1.0     8.00      1962  0.800
 110    0.0 6.4e-04   1.000       3.26 7.0758e-09   5.361       -125   -5.361   0.000  0.0000    1.0     8.00      1980  0.800
 111    0.0 5.1e-04   0.996       3.26 7.0181e-09   5.361       -125   -5.361   0.111  0.0007    1.0     8.00      1998  0.800
 112    0.0 4.1e-04   1.000       3.26 6.8742e-09   5.361       -120   -5.361   0.000  0.0000    1.0     8.00      2016  0.800
 113    0.0 3.3e-04   1.000       3.26 6.8742e-09   5.361       -120   -5.361   0.000  0.0000    1.0     8.00      2034  0.800
 114    0.0 2.6e-04   1.000       3.26 6.8742e-09   5.361       -120   -5.361   0.000  0.0000    1.0     8.00      2052  0.800
 115    0.0 0.0e+00   1.000       3.26 6.8742e-09   5.361       -120   -5.361   0.000  0.0000    1.0     8.00      2070  0.800
## Placement Quench took 0.00 seconds (max_rss 1884.5 MiB)
post-quench CPD = 5.36149 (ns) 

Checkpoint restored

Completed placement consistency check successfully.

Swaps called: 2085

Aborted Move Reasons:
  No moves aborted

Placement estimated critical path delay (least slack): 5.32844 ns, Fmax: 187.672 MHz
Placement estimated setup Worst Negative Slack (sWNS): -5.32844 ns
Placement estimated setup Total Negative Slack (sTNS): -122.883 ns

Placement estimated setup slack histogram:
[ -5.3e-09: -4.9e-09)  1 (  2.5%) |***
[ -4.9e-09: -4.5e-09)  1 (  2.5%) |***
[ -4.5e-09: -4.1e-09)  0 (  0.0%) |
[ -4.1e-09: -3.6e-09) 10 ( 25.0%) |**********************************
[ -3.6e-09: -3.2e-09)  6 ( 15.0%) |*********************
[ -3.2e-09: -2.8e-09) 14 ( 35.0%) |************************************************
[ -2.8e-09: -2.4e-09)  2 (  5.0%) |*******
[ -2.4e-09: -1.9e-09)  0 (  0.0%) |
[ -1.9e-09: -1.5e-09)  0 (  0.0%) |
[ -1.5e-09: -1.1e-09)  6 ( 15.0%) |*********************

Placement estimated geomean non-virtual intra-domain period: 5.32844 ns (187.672 MHz)
Placement estimated fanout-weighted geomean non-virtual intra-domain period: 5.32844 ns (187.672 MHz)

Placement cost: 1, bb_cost: 3.21195, td_cost: 7.56768e-09, 

Placement resource usage:
  BLK-TL-SLICEL implemented as BLK-TL-CLBLM_R : 2
  BLK-TL-SLICEM implemented as BLK-TL-CLBLM_R : 1
  BLK-TL-IOPAD  implemented as BLK-TL-RIOPAD_M: 5
  BLK-TL-IOPAD  implemented as BLK-TL-RIOPAD_S: 5
  SYN-VCC       implemented as SYN-VCC        : 1
  SYN-GND       implemented as SYN-GND        : 1

Placement number of temperatures: 115
Placement total # of swap attempts: 2085
	Swaps accepted:  783 (37.6 %)
	Swaps rejected:  273 (13.1 %)
	Swaps aborted : 1029 (49.4 %)


Percentage of different move types:
	Uniform move: 15.16 % (acc=13.92 %, rej=45.89 %, aborted=40.19 %)
	Median move: 26.91 % (acc=46.88 %, rej=3.39 %, aborted=49.73 %)
	W. Centroid move: 24.80 % (acc=37.72 %, rej=14.12 %, aborted=48.16 %)
	Centroid move: 28.44 % (acc=46.71 %, rej=4.22 %, aborted=49.07 %)
	W. Median move: 3.55 % (acc=2.70 %, rej=0.00 %, aborted=97.30 %)
	Crit. Uniform move: 0.10 % (acc=100.00 %, rej=0.00 %, aborted=0.00 %)
	Feasible Region move: 1.06 % (acc=0.00 %, rej=50.00 %, aborted=50.00 %)

Placement Quench timing analysis took 0.00012192 seconds (0.000100278 STA, 2.1642e-05 slack) (1 full updates: 1 setup, 0 hold, 0 combined).
Placement Total  timing analysis took 0.0157486 seconds (0.0124857 STA, 0.00326299 slack) (118 full updates: 118 setup, 0 hold, 0 combined).
update_td_costs: connections 0 nets 0 sum_nets 0 total 0
# Placement took 0.03 seconds (max_rss 1884.5 MiB, delta_rss +0.0 MiB)
Incr Slack updates 118 in 0.00116317 sec
Full Max Req/Worst Slack updates 58 in 0.000182363 sec
Incr Max Req/Worst Slack updates 60 in 0.00019931 sec
Incr Criticality updates 25 in 0.000265186 sec
Full Criticality updates 93 in 0.00113368 sec

Flow timing analysis took 0.0157486 seconds (0.0124857 STA, 0.00326299 slack) (118 full updates: 118 setup, 0 hold, 0 combined).
VPR succeeded
The entire flow of VPR took 6.89 seconds (max_rss 1884.5 MiB)
