#Timing report of worst 40 path(s)
# Unit scale: 1e-09 seconds
# Output precision: 3

#Path 1
Startpoint: $auto$ff.cc:266:slice$2223.Q[0] (FDCE_ZINI clocked by S1.clk)
Endpoint  : out:ready.outpad[0] (.output clocked by S1.clk)
Path Type : setup

Point                                                              Incr      Path
---------------------------------------------------------------------------------
clock S1.clk (rise edge)                                          0.000     0.000
clock source latency                                              0.000     0.000
$iopadmap$top.clk.O[0] (IBUF_VPR)                                 0.000     0.000
$auto$ff.cc:266:slice$2223.C[0] (FDCE_ZINI)                       1.569     1.569
$auto$ff.cc:266:slice$2223.Q[0] (FDCE_ZINI) [clock-to-output]     0.340     1.909
ready_wire.in[1] (.names)                                         0.840     2.749
ready_wire.out[0] (.names)                                        0.154     2.903
$iopadmap$top.ready.obuft.I[0] (OBUFT_VPR)                        2.125     5.028
$iopadmap$top.ready.obuft.O[0] (OBUFT_VPR)                        0.010     5.038
out:ready.outpad[0] (.output)                                     0.000     5.038
data arrival time                                                           5.038

clock S1.clk (rise edge)                                          0.000     0.000
clock source latency                                              0.000     0.000
clock uncertainty                                                 0.000     0.000
output external delay                                             0.000     0.000
data required time                                                          0.000
---------------------------------------------------------------------------------
data required time                                                          0.000
data arrival time                                                          -5.038
---------------------------------------------------------------------------------
slack (VIOLATED)                                                           -5.038


#Path 2
Startpoint: $auto$ff.cc:266:slice$2178.Q[0] (FDCE_ZINI clocked by S1.clk)
Endpoint  : out:valid.outpad[0] (.output clocked by S1.clk)
Path Type : setup

Point                                                              Incr      Path
---------------------------------------------------------------------------------
clock S1.clk (rise edge)                                          0.000     0.000
clock source latency                                              0.000     0.000
$iopadmap$top.clk.O[0] (IBUF_VPR)                                 0.000     0.000
$auto$ff.cc:266:slice$2178.C[0] (FDCE_ZINI)                       1.569     1.569
$auto$ff.cc:266:slice$2178.Q[0] (FDCE_ZINI) [clock-to-output]     0.303     1.872
valid_wire.in[1] (.names)                                         1.206     3.078
valid_wire.out[0] (.names)                                        0.152     3.230
$iopadmap$top.valid.obuft.I[0] (OBUFT_VPR)                        1.401     4.631
$iopadmap$top.valid.obuft.O[0] (OBUFT_VPR)                        0.010     4.641
out:valid.outpad[0] (.output)                                     0.000     4.641
data arrival time                                                           4.641

clock S1.clk (rise edge)                                          0.000     0.000
clock source latency                                              0.000     0.000
clock uncertainty                                                 0.000     0.000
output external delay                                             0.000     0.000
data required time                                                          0.000
---------------------------------------------------------------------------------
data required time                                                          0.000
data arrival time                                                          -4.641
---------------------------------------------------------------------------------
slack (VIOLATED)                                                           -4.641


#Path 3
Startpoint: $auto$ff.cc:266:slice$2216.Q[0] (FDRE_ZINI clocked by S1.clk)
Endpoint  : out:dataFpga[1].outpad[0] (.output clocked by S1.clk)
Path Type : setup

Point                                                                  Incr      Path
-------------------------------------------------------------------------------------
clock S1.clk (rise edge)                                              0.000     0.000
clock source latency                                                  0.000     0.000
$iopadmap$top.clk.O[0] (IBUF_VPR)                                     0.000     0.000
$auto$ff.cc:266:slice$2216.C[0] (FDRE_ZINI)                           1.043     1.043
$auto$ff.cc:266:slice$2216.Q[0] (FDRE_ZINI) [clock-to-output]         0.362     1.405
$iopadmap$top.dataFpga_1.obuft.I[0] (OBUFT_VPR)                       2.559     3.964
$iopadmap$top.dataFpga_1.obuft.O[0] (OBUFT_VPR)                       0.010     3.974
out:dataFpga[1].outpad[0] (.output)                                   0.000     3.974
data arrival time                                                               3.974

clock S1.clk (rise edge)                                              0.000     0.000
clock source latency                                                  0.000     0.000
clock uncertainty                                                     0.000     0.000
output external delay                                                 0.000     0.000
data required time                                                              0.000
-------------------------------------------------------------------------------------
data required time                                                              0.000
data arrival time                                                              -3.974
-------------------------------------------------------------------------------------
slack (VIOLATED)                                                               -3.974


#Path 4
Startpoint: $auto$ff.cc:266:slice$2178.Q[0] (FDCE_ZINI clocked by S1.clk)
Endpoint  : $auto$ff.cc:266:slice$2215.D[0] (FDRE_ZINI clocked by S1.clk)
Path Type : setup

Point                                                                   Incr      Path
--------------------------------------------------------------------------------------
clock S1.clk (rise edge)                                               0.000     0.000
clock source latency                                                   0.000     0.000
$iopadmap$top.clk.O[0] (IBUF_VPR)                                      0.000     0.000
$auto$ff.cc:266:slice$2178.C[0] (FDCE_ZINI)                            1.569     1.569
$auto$ff.cc:266:slice$2178.Q[0] (FDCE_ZINI) [clock-to-output]          0.303     1.872
valid_wire.in[1] (.names)                                              1.206     3.078
valid_wire.out[0] (.names)                                             0.152     3.230
S1.mem.0.0.ram_d0.A[0] (DPRAM32)                                       1.210     4.440
S1.mem.0.0.ram_d0.O[0] (DPRAM32)                                       0.156     4.596
S1.mem.0.0.stub.DOD0[0] (DRAM_8_OUTPUT_STUB)                           0.000     4.596
S1.mem.0.0.stub.DOD0_OUT[0] (DRAM_8_OUTPUT_STUB)                       0.000     4.596
$auto$ff.cc:266:slice$2215.D[0] (FDRE_ZINI)                            0.113     4.709
data arrival time                                                                4.709

clock S1.clk (rise edge)                                               0.000     0.000
clock source latency                                                   0.000     0.000
$iopadmap$top.clk.O[0] (IBUF_VPR)                                      0.000     0.000
$auto$ff.cc:266:slice$2215.C[0] (FDRE_ZINI)                            1.043     1.043
clock uncertainty                                                      0.000     1.043
cell setup time                                                        0.060     1.103
data required time                                                               1.103
--------------------------------------------------------------------------------------
data required time                                                               1.103
data arrival time                                                               -4.709
--------------------------------------------------------------------------------------
slack (VIOLATED)                                                                -3.606


#Path 5
Startpoint: $auto$ff.cc:266:slice$2178.Q[0] (FDCE_ZINI clocked by S1.clk)
Endpoint  : $auto$ff.cc:266:slice$2216.D[0] (FDRE_ZINI clocked by S1.clk)
Path Type : setup

Point                                                                   Incr      Path
--------------------------------------------------------------------------------------
clock S1.clk (rise edge)                                               0.000     0.000
clock source latency                                                   0.000     0.000
$iopadmap$top.clk.O[0] (IBUF_VPR)                                      0.000     0.000
$auto$ff.cc:266:slice$2178.C[0] (FDCE_ZINI)                            1.569     1.569
$auto$ff.cc:266:slice$2178.Q[0] (FDCE_ZINI) [clock-to-output]          0.303     1.872
valid_wire.in[1] (.names)                                              1.206     3.078
valid_wire.out[0] (.names)                                             0.152     3.230
S1.mem.0.0.ram_d1.A[0] (DPRAM32)                                       1.210     4.440
S1.mem.0.0.ram_d1.O[0] (DPRAM32)                                       0.156     4.596
S1.mem.0.0.stub.DOD1[0] (DRAM_8_OUTPUT_STUB)                           0.000     4.596
S1.mem.0.0.stub.DOD1_OUT[0] (DRAM_8_OUTPUT_STUB)                       0.000     4.596
$auto$ff.cc:266:slice$2216.D[0] (FDRE_ZINI)                            0.107     4.703
data arrival time                                                                4.703

clock S1.clk (rise edge)                                               0.000     0.000
clock source latency                                                   0.000     0.000
$iopadmap$top.clk.O[0] (IBUF_VPR)                                      0.000     0.000
$auto$ff.cc:266:slice$2216.C[0] (FDRE_ZINI)                            1.043     1.043
clock uncertainty                                                      0.000     1.043
cell setup time                                                        0.060     1.103
data required time                                                               1.103
--------------------------------------------------------------------------------------
data required time                                                               1.103
data arrival time                                                               -4.703
--------------------------------------------------------------------------------------
slack (VIOLATED)                                                                -3.600


#Path 6
Startpoint: $auto$ff.cc:266:slice$2178.Q[0] (FDCE_ZINI clocked by S1.clk)
Endpoint  : $auto$ff.cc:266:slice$2217.D[0] (FDRE_ZINI clocked by S1.clk)
Path Type : setup

Point                                                                   Incr      Path
--------------------------------------------------------------------------------------
clock S1.clk (rise edge)                                               0.000     0.000
clock source latency                                                   0.000     0.000
$iopadmap$top.clk.O[0] (IBUF_VPR)                                      0.000     0.000
$auto$ff.cc:266:slice$2178.C[0] (FDCE_ZINI)                            1.569     1.569
$auto$ff.cc:266:slice$2178.Q[0] (FDCE_ZINI) [clock-to-output]          0.303     1.872
valid_wire.in[1] (.names)                                              1.206     3.078
valid_wire.out[0] (.names)                                             0.152     3.230
S1.mem.0.0.ram_c0.A[0] (DPRAM32)                                       1.191     4.421
S1.mem.0.0.ram_c0.O[0] (DPRAM32)                                       0.153     4.574
S1.mem.0.0.stub.DOC0[0] (DRAM_8_OUTPUT_STUB)                           0.000     4.574
S1.mem.0.0.stub.DOC0_OUT[0] (DRAM_8_OUTPUT_STUB)                       0.000     4.574
$auto$ff.cc:266:slice$2217.D[0] (FDRE_ZINI)                            0.109     4.683
data arrival time                                                                4.683

clock S1.clk (rise edge)                                               0.000     0.000
clock source latency                                                   0.000     0.000
$iopadmap$top.clk.O[0] (IBUF_VPR)                                      0.000     0.000
$auto$ff.cc:266:slice$2217.C[0] (FDRE_ZINI)                            1.043     1.043
clock uncertainty                                                      0.000     1.043
cell setup time                                                        0.060     1.103
data required time                                                               1.103
--------------------------------------------------------------------------------------
data required time                                                               1.103
data arrival time                                                               -4.683
--------------------------------------------------------------------------------------
slack (VIOLATED)                                                                -3.580


#Path 7
Startpoint: $auto$ff.cc:266:slice$2178.Q[0] (FDCE_ZINI clocked by S1.clk)
Endpoint  : $auto$ff.cc:266:slice$2218.D[0] (FDRE_ZINI clocked by S1.clk)
Path Type : setup

Point                                                                   Incr      Path
--------------------------------------------------------------------------------------
clock S1.clk (rise edge)                                               0.000     0.000
clock source latency                                                   0.000     0.000
$iopadmap$top.clk.O[0] (IBUF_VPR)                                      0.000     0.000
$auto$ff.cc:266:slice$2178.C[0] (FDCE_ZINI)                            1.569     1.569
$auto$ff.cc:266:slice$2178.Q[0] (FDCE_ZINI) [clock-to-output]          0.303     1.872
valid_wire.in[1] (.names)                                              1.206     3.078
valid_wire.out[0] (.names)                                             0.152     3.230
S1.mem.0.0.ram_c1.A[0] (DPRAM32)                                       1.191     4.421
S1.mem.0.0.ram_c1.O[0] (DPRAM32)                                       0.153     4.574
S1.mem.0.0.stub.DOC1[0] (DRAM_8_OUTPUT_STUB)                           0.000     4.574
S1.mem.0.0.stub.DOC1_OUT[0] (DRAM_8_OUTPUT_STUB)                       0.000     4.574
$auto$ff.cc:266:slice$2218.D[0] (FDRE_ZINI)                            0.107     4.681
data arrival time                                                                4.681

clock S1.clk (rise edge)                                               0.000     0.000
clock source latency                                                   0.000     0.000
$iopadmap$top.clk.O[0] (IBUF_VPR)                                      0.000     0.000
$auto$ff.cc:266:slice$2218.C[0] (FDRE_ZINI)                            1.043     1.043
clock uncertainty                                                      0.000     1.043
cell setup time                                                        0.060     1.103
data required time                                                               1.103
--------------------------------------------------------------------------------------
data required time                                                               1.103
data arrival time                                                               -4.681
--------------------------------------------------------------------------------------
slack (VIOLATED)                                                                -3.578


#Path 8
Startpoint: $auto$ff.cc:266:slice$2178.Q[0] (FDCE_ZINI clocked by S1.clk)
Endpoint  : S1.mem.0.0.ram_a0.WE[0] (DPRAM32 clocked by S1.clk)
Path Type : setup

Point                                                                                                                                            Incr      Path
---------------------------------------------------------------------------------------------------------------------------------------------------------------
clock S1.clk (rise edge)                                                                                                                        0.000     0.000
clock source latency                                                                                                                            0.000     0.000
$iopadmap$top.clk.O[0] (IBUF_VPR)                                                                                                               0.000     0.000
$auto$ff.cc:266:slice$2178.C[0] (FDCE_ZINI)                                                                                                     1.569     1.569
$auto$ff.cc:266:slice$2178.Q[0] (FDCE_ZINI) [clock-to-output]                                                                                   0.303     1.872
$abc$2377$flatten\S1.$0$memwr$\mem$/home/cl4/f4pga-examples/xc7/handshake/slave.v:67$1359_EN[7:0]$1365[7].in[3] (.names)                        1.219     3.092
$abc$2377$flatten\S1.$0$memwr$\mem$/home/cl4/f4pga-examples/xc7/handshake/slave.v:67$1359_EN[7:0]$1365[7].out[0] (.names)                       0.152     3.244
S1.mem.0.0.ram_a0.WE[0] (DPRAM32)                                                                                                               0.672     3.916
data arrival time                                                                                                                                         3.916

clock S1.clk (rise edge)                                                                                                                        0.000     0.000
clock source latency                                                                                                                            0.000     0.000
$iopadmap$top.clk.O[0] (IBUF_VPR)                                                                                                               0.000     0.000
S1.mem.0.0.ram_a0.CLK[0] (DPRAM32)                                                                                                              1.043     1.043
clock uncertainty                                                                                                                               0.000     1.043
cell setup time                                                                                                                                -0.654     0.389
data required time                                                                                                                                        0.389
---------------------------------------------------------------------------------------------------------------------------------------------------------------
data required time                                                                                                                                        0.389
data arrival time                                                                                                                                        -3.916
---------------------------------------------------------------------------------------------------------------------------------------------------------------
slack (VIOLATED)                                                                                                                                         -3.527


#Path 9
Startpoint: $auto$ff.cc:266:slice$2178.Q[0] (FDCE_ZINI clocked by S1.clk)
Endpoint  : S1.mem.0.0.ram_a1.WE[0] (DPRAM32 clocked by S1.clk)
Path Type : setup

Point                                                                                                                                            Incr      Path
---------------------------------------------------------------------------------------------------------------------------------------------------------------
clock S1.clk (rise edge)                                                                                                                        0.000     0.000
clock source latency                                                                                                                            0.000     0.000
$iopadmap$top.clk.O[0] (IBUF_VPR)                                                                                                               0.000     0.000
$auto$ff.cc:266:slice$2178.C[0] (FDCE_ZINI)                                                                                                     1.569     1.569
$auto$ff.cc:266:slice$2178.Q[0] (FDCE_ZINI) [clock-to-output]                                                                                   0.303     1.872
$abc$2377$flatten\S1.$0$memwr$\mem$/home/cl4/f4pga-examples/xc7/handshake/slave.v:67$1359_EN[7:0]$1365[7].in[3] (.names)                        1.219     3.092
$abc$2377$flatten\S1.$0$memwr$\mem$/home/cl4/f4pga-examples/xc7/handshake/slave.v:67$1359_EN[7:0]$1365[7].out[0] (.names)                       0.152     3.244
S1.mem.0.0.ram_a1.WE[0] (DPRAM32)                                                                                                               0.672     3.916
data arrival time                                                                                                                                         3.916

clock S1.clk (rise edge)                                                                                                                        0.000     0.000
clock source latency                                                                                                                            0.000     0.000
$iopadmap$top.clk.O[0] (IBUF_VPR)                                                                                                               0.000     0.000
S1.mem.0.0.ram_a1.CLK[0] (DPRAM32)                                                                                                              1.043     1.043
clock uncertainty                                                                                                                               0.000     1.043
cell setup time                                                                                                                                -0.654     0.389
data required time                                                                                                                                        0.389
---------------------------------------------------------------------------------------------------------------------------------------------------------------
data required time                                                                                                                                        0.389
data arrival time                                                                                                                                        -3.916
---------------------------------------------------------------------------------------------------------------------------------------------------------------
slack (VIOLATED)                                                                                                                                         -3.527


#Path 10
Startpoint: $auto$ff.cc:266:slice$2178.Q[0] (FDCE_ZINI clocked by S1.clk)
Endpoint  : S1.mem.0.0.ram_b0.WE[0] (DPRAM32 clocked by S1.clk)
Path Type : setup

Point                                                                                                                                            Incr      Path
---------------------------------------------------------------------------------------------------------------------------------------------------------------
clock S1.clk (rise edge)                                                                                                                        0.000     0.000
clock source latency                                                                                                                            0.000     0.000
$iopadmap$top.clk.O[0] (IBUF_VPR)                                                                                                               0.000     0.000
$auto$ff.cc:266:slice$2178.C[0] (FDCE_ZINI)                                                                                                     1.569     1.569
$auto$ff.cc:266:slice$2178.Q[0] (FDCE_ZINI) [clock-to-output]                                                                                   0.303     1.872
$abc$2377$flatten\S1.$0$memwr$\mem$/home/cl4/f4pga-examples/xc7/handshake/slave.v:67$1359_EN[7:0]$1365[7].in[3] (.names)                        1.219     3.092
$abc$2377$flatten\S1.$0$memwr$\mem$/home/cl4/f4pga-examples/xc7/handshake/slave.v:67$1359_EN[7:0]$1365[7].out[0] (.names)                       0.152     3.244
S1.mem.0.0.ram_b0.WE[0] (DPRAM32)                                                                                                               0.672     3.916
data arrival time                                                                                                                                         3.916

clock S1.clk (rise edge)                                                                                                                        0.000     0.000
clock source latency                                                                                                                            0.000     0.000
$iopadmap$top.clk.O[0] (IBUF_VPR)                                                                                                               0.000     0.000
S1.mem.0.0.ram_b0.CLK[0] (DPRAM32)                                                                                                              1.043     1.043
clock uncertainty                                                                                                                               0.000     1.043
cell setup time                                                                                                                                -0.654     0.389
data required time                                                                                                                                        0.389
---------------------------------------------------------------------------------------------------------------------------------------------------------------
data required time                                                                                                                                        0.389
data arrival time                                                                                                                                        -3.916
---------------------------------------------------------------------------------------------------------------------------------------------------------------
slack (VIOLATED)                                                                                                                                         -3.527


#Path 11
Startpoint: $auto$ff.cc:266:slice$2178.Q[0] (FDCE_ZINI clocked by S1.clk)
Endpoint  : S1.mem.0.0.ram_b1.WE[0] (DPRAM32 clocked by S1.clk)
Path Type : setup

Point                                                                                                                                            Incr      Path
---------------------------------------------------------------------------------------------------------------------------------------------------------------
clock S1.clk (rise edge)                                                                                                                        0.000     0.000
clock source latency                                                                                                                            0.000     0.000
$iopadmap$top.clk.O[0] (IBUF_VPR)                                                                                                               0.000     0.000
$auto$ff.cc:266:slice$2178.C[0] (FDCE_ZINI)                                                                                                     1.569     1.569
$auto$ff.cc:266:slice$2178.Q[0] (FDCE_ZINI) [clock-to-output]                                                                                   0.303     1.872
$abc$2377$flatten\S1.$0$memwr$\mem$/home/cl4/f4pga-examples/xc7/handshake/slave.v:67$1359_EN[7:0]$1365[7].in[3] (.names)                        1.219     3.092
$abc$2377$flatten\S1.$0$memwr$\mem$/home/cl4/f4pga-examples/xc7/handshake/slave.v:67$1359_EN[7:0]$1365[7].out[0] (.names)                       0.152     3.244
S1.mem.0.0.ram_b1.WE[0] (DPRAM32)                                                                                                               0.672     3.916
data arrival time                                                                                                                                         3.916

clock S1.clk (rise edge)                                                                                                                        0.000     0.000
clock source latency                                                                                                                            0.000     0.000
$iopadmap$top.clk.O[0] (IBUF_VPR)                                                                                                               0.000     0.000
S1.mem.0.0.ram_b1.CLK[0] (DPRAM32)                                                                                                              1.043     1.043
clock uncertainty                                                                                                                               0.000     1.043
cell setup time                                                                                                                                -0.654     0.389
data required time                                                                                                                                        0.389
---------------------------------------------------------------------------------------------------------------------------------------------------------------
data required time                                                                                                                                        0.389
data arrival time                                                                                                                                        -3.916
---------------------------------------------------------------------------------------------------------------------------------------------------------------
slack (VIOLATED)                                                                                                                                         -3.527


#Path 12
Startpoint: $auto$ff.cc:266:slice$2178.Q[0] (FDCE_ZINI clocked by S1.clk)
Endpoint  : S1.mem.0.0.ram_c0.WE[0] (DPRAM32 clocked by S1.clk)
Path Type : setup

Point                                                                                                                                            Incr      Path
---------------------------------------------------------------------------------------------------------------------------------------------------------------
clock S1.clk (rise edge)                                                                                                                        0.000     0.000
clock source latency                                                                                                                            0.000     0.000
$iopadmap$top.clk.O[0] (IBUF_VPR)                                                                                                               0.000     0.000
$auto$ff.cc:266:slice$2178.C[0] (FDCE_ZINI)                                                                                                     1.569     1.569
$auto$ff.cc:266:slice$2178.Q[0] (FDCE_ZINI) [clock-to-output]                                                                                   0.303     1.872
$abc$2377$flatten\S1.$0$memwr$\mem$/home/cl4/f4pga-examples/xc7/handshake/slave.v:67$1359_EN[7:0]$1365[7].in[3] (.names)                        1.219     3.092
$abc$2377$flatten\S1.$0$memwr$\mem$/home/cl4/f4pga-examples/xc7/handshake/slave.v:67$1359_EN[7:0]$1365[7].out[0] (.names)                       0.152     3.244
S1.mem.0.0.ram_c0.WE[0] (DPRAM32)                                                                                                               0.672     3.916
data arrival time                                                                                                                                         3.916

clock S1.clk (rise edge)                                                                                                                        0.000     0.000
clock source latency                                                                                                                            0.000     0.000
$iopadmap$top.clk.O[0] (IBUF_VPR)                                                                                                               0.000     0.000
S1.mem.0.0.ram_c0.CLK[0] (DPRAM32)                                                                                                              1.043     1.043
clock uncertainty                                                                                                                               0.000     1.043
cell setup time                                                                                                                                -0.654     0.389
data required time                                                                                                                                        0.389
---------------------------------------------------------------------------------------------------------------------------------------------------------------
data required time                                                                                                                                        0.389
data arrival time                                                                                                                                        -3.916
---------------------------------------------------------------------------------------------------------------------------------------------------------------
slack (VIOLATED)                                                                                                                                         -3.527


#Path 13
Startpoint: $auto$ff.cc:266:slice$2178.Q[0] (FDCE_ZINI clocked by S1.clk)
Endpoint  : S1.mem.0.0.ram_c1.WE[0] (DPRAM32 clocked by S1.clk)
Path Type : setup

Point                                                                                                                                            Incr      Path
---------------------------------------------------------------------------------------------------------------------------------------------------------------
clock S1.clk (rise edge)                                                                                                                        0.000     0.000
clock source latency                                                                                                                            0.000     0.000
$iopadmap$top.clk.O[0] (IBUF_VPR)                                                                                                               0.000     0.000
$auto$ff.cc:266:slice$2178.C[0] (FDCE_ZINI)                                                                                                     1.569     1.569
$auto$ff.cc:266:slice$2178.Q[0] (FDCE_ZINI) [clock-to-output]                                                                                   0.303     1.872
$abc$2377$flatten\S1.$0$memwr$\mem$/home/cl4/f4pga-examples/xc7/handshake/slave.v:67$1359_EN[7:0]$1365[7].in[3] (.names)                        1.219     3.092
$abc$2377$flatten\S1.$0$memwr$\mem$/home/cl4/f4pga-examples/xc7/handshake/slave.v:67$1359_EN[7:0]$1365[7].out[0] (.names)                       0.152     3.244
S1.mem.0.0.ram_c1.WE[0] (DPRAM32)                                                                                                               0.672     3.916
data arrival time                                                                                                                                         3.916

clock S1.clk (rise edge)                                                                                                                        0.000     0.000
clock source latency                                                                                                                            0.000     0.000
$iopadmap$top.clk.O[0] (IBUF_VPR)                                                                                                               0.000     0.000
S1.mem.0.0.ram_c1.CLK[0] (DPRAM32)                                                                                                              1.043     1.043
clock uncertainty                                                                                                                               0.000     1.043
cell setup time                                                                                                                                -0.654     0.389
data required time                                                                                                                                        0.389
---------------------------------------------------------------------------------------------------------------------------------------------------------------
data required time                                                                                                                                        0.389
data arrival time                                                                                                                                        -3.916
---------------------------------------------------------------------------------------------------------------------------------------------------------------
slack (VIOLATED)                                                                                                                                         -3.527


#Path 14
Startpoint: $auto$ff.cc:266:slice$2178.Q[0] (FDCE_ZINI clocked by S1.clk)
Endpoint  : S1.mem.0.0.ram_d0.WE[0] (DPRAM32 clocked by S1.clk)
Path Type : setup

Point                                                                                                                                            Incr      Path
---------------------------------------------------------------------------------------------------------------------------------------------------------------
clock S1.clk (rise edge)                                                                                                                        0.000     0.000
clock source latency                                                                                                                            0.000     0.000
$iopadmap$top.clk.O[0] (IBUF_VPR)                                                                                                               0.000     0.000
$auto$ff.cc:266:slice$2178.C[0] (FDCE_ZINI)                                                                                                     1.569     1.569
$auto$ff.cc:266:slice$2178.Q[0] (FDCE_ZINI) [clock-to-output]                                                                                   0.303     1.872
$abc$2377$flatten\S1.$0$memwr$\mem$/home/cl4/f4pga-examples/xc7/handshake/slave.v:67$1359_EN[7:0]$1365[7].in[3] (.names)                        1.219     3.092
$abc$2377$flatten\S1.$0$memwr$\mem$/home/cl4/f4pga-examples/xc7/handshake/slave.v:67$1359_EN[7:0]$1365[7].out[0] (.names)                       0.152     3.244
S1.mem.0.0.ram_d0.WE[0] (DPRAM32)                                                                                                               0.672     3.916
data arrival time                                                                                                                                         3.916

clock S1.clk (rise edge)                                                                                                                        0.000     0.000
clock source latency                                                                                                                            0.000     0.000
$iopadmap$top.clk.O[0] (IBUF_VPR)                                                                                                               0.000     0.000
S1.mem.0.0.ram_d0.CLK[0] (DPRAM32)                                                                                                              1.043     1.043
clock uncertainty                                                                                                                               0.000     1.043
cell setup time                                                                                                                                -0.654     0.389
data required time                                                                                                                                        0.389
---------------------------------------------------------------------------------------------------------------------------------------------------------------
data required time                                                                                                                                        0.389
data arrival time                                                                                                                                        -3.916
---------------------------------------------------------------------------------------------------------------------------------------------------------------
slack (VIOLATED)                                                                                                                                         -3.527


#Path 15
Startpoint: $auto$ff.cc:266:slice$2178.Q[0] (FDCE_ZINI clocked by S1.clk)
Endpoint  : S1.mem.0.0.ram_d1.WE[0] (DPRAM32 clocked by S1.clk)
Path Type : setup

Point                                                                                                                                            Incr      Path
---------------------------------------------------------------------------------------------------------------------------------------------------------------
clock S1.clk (rise edge)                                                                                                                        0.000     0.000
clock source latency                                                                                                                            0.000     0.000
$iopadmap$top.clk.O[0] (IBUF_VPR)                                                                                                               0.000     0.000
$auto$ff.cc:266:slice$2178.C[0] (FDCE_ZINI)                                                                                                     1.569     1.569
$auto$ff.cc:266:slice$2178.Q[0] (FDCE_ZINI) [clock-to-output]                                                                                   0.303     1.872
$abc$2377$flatten\S1.$0$memwr$\mem$/home/cl4/f4pga-examples/xc7/handshake/slave.v:67$1359_EN[7:0]$1365[7].in[3] (.names)                        1.219     3.092
$abc$2377$flatten\S1.$0$memwr$\mem$/home/cl4/f4pga-examples/xc7/handshake/slave.v:67$1359_EN[7:0]$1365[7].out[0] (.names)                       0.152     3.244
S1.mem.0.0.ram_d1.WE[0] (DPRAM32)                                                                                                               0.672     3.916
data arrival time                                                                                                                                         3.916

clock S1.clk (rise edge)                                                                                                                        0.000     0.000
clock source latency                                                                                                                            0.000     0.000
$iopadmap$top.clk.O[0] (IBUF_VPR)                                                                                                               0.000     0.000
S1.mem.0.0.ram_d1.CLK[0] (DPRAM32)                                                                                                              1.043     1.043
clock uncertainty                                                                                                                               0.000     1.043
cell setup time                                                                                                                                -0.654     0.389
data required time                                                                                                                                        0.389
---------------------------------------------------------------------------------------------------------------------------------------------------------------
data required time                                                                                                                                        0.389
data arrival time                                                                                                                                        -3.916
---------------------------------------------------------------------------------------------------------------------------------------------------------------
slack (VIOLATED)                                                                                                                                         -3.527


#Path 16
Startpoint: $auto$ff.cc:266:slice$2178.Q[0] (FDCE_ZINI clocked by S1.clk)
Endpoint  : S1.mem.0.0.ram_a0.WA[0] (DPRAM32 clocked by S1.clk)
Path Type : setup

Point                                                              Incr      Path
---------------------------------------------------------------------------------
clock S1.clk (rise edge)                                          0.000     0.000
clock source latency                                              0.000     0.000
$iopadmap$top.clk.O[0] (IBUF_VPR)                                 0.000     0.000
$auto$ff.cc:266:slice$2178.C[0] (FDCE_ZINI)                       1.569     1.569
$auto$ff.cc:266:slice$2178.Q[0] (FDCE_ZINI) [clock-to-output]     0.303     1.872
valid_wire.in[1] (.names)                                         1.206     3.078
valid_wire.out[0] (.names)                                        0.152     3.230
S1.mem.0.0.ram_a0.WA[0] (DPRAM32)                                 1.210     4.440
data arrival time                                                           4.440

clock S1.clk (rise edge)                                          0.000     0.000
clock source latency                                              0.000     0.000
$iopadmap$top.clk.O[0] (IBUF_VPR)                                 0.000     0.000
S1.mem.0.0.ram_a0.CLK[0] (DPRAM32)                                1.043     1.043
clock uncertainty                                                 0.000     1.043
cell setup time                                                  -0.066     0.977
data required time                                                          0.977
---------------------------------------------------------------------------------
data required time                                                          0.977
data arrival time                                                          -4.440
---------------------------------------------------------------------------------
slack (VIOLATED)                                                           -3.463


#Path 17
Startpoint: $auto$ff.cc:266:slice$2178.Q[0] (FDCE_ZINI clocked by S1.clk)
Endpoint  : S1.mem.0.0.ram_b0.WA[0] (DPRAM32 clocked by S1.clk)
Path Type : setup

Point                                                              Incr      Path
---------------------------------------------------------------------------------
clock S1.clk (rise edge)                                          0.000     0.000
clock source latency                                              0.000     0.000
$iopadmap$top.clk.O[0] (IBUF_VPR)                                 0.000     0.000
$auto$ff.cc:266:slice$2178.C[0] (FDCE_ZINI)                       1.569     1.569
$auto$ff.cc:266:slice$2178.Q[0] (FDCE_ZINI) [clock-to-output]     0.303     1.872
valid_wire.in[1] (.names)                                         1.206     3.078
valid_wire.out[0] (.names)                                        0.152     3.230
S1.mem.0.0.ram_b0.WA[0] (DPRAM32)                                 1.210     4.440
data arrival time                                                           4.440

clock S1.clk (rise edge)                                          0.000     0.000
clock source latency                                              0.000     0.000
$iopadmap$top.clk.O[0] (IBUF_VPR)                                 0.000     0.000
S1.mem.0.0.ram_b0.CLK[0] (DPRAM32)                                1.043     1.043
clock uncertainty                                                 0.000     1.043
cell setup time                                                  -0.066     0.977
data required time                                                          0.977
---------------------------------------------------------------------------------
data required time                                                          0.977
data arrival time                                                          -4.440
---------------------------------------------------------------------------------
slack (VIOLATED)                                                           -3.463


#Path 18
Startpoint: $auto$ff.cc:266:slice$2178.Q[0] (FDCE_ZINI clocked by S1.clk)
Endpoint  : S1.mem.0.0.ram_a1.WA[0] (DPRAM32 clocked by S1.clk)
Path Type : setup

Point                                                              Incr      Path
---------------------------------------------------------------------------------
clock S1.clk (rise edge)                                          0.000     0.000
clock source latency                                              0.000     0.000
$iopadmap$top.clk.O[0] (IBUF_VPR)                                 0.000     0.000
$auto$ff.cc:266:slice$2178.C[0] (FDCE_ZINI)                       1.569     1.569
$auto$ff.cc:266:slice$2178.Q[0] (FDCE_ZINI) [clock-to-output]     0.303     1.872
valid_wire.in[1] (.names)                                         1.206     3.078
valid_wire.out[0] (.names)                                        0.152     3.230
S1.mem.0.0.ram_a1.WA[0] (DPRAM32)                                 1.210     4.440
data arrival time                                                           4.440

clock S1.clk (rise edge)                                          0.000     0.000
clock source latency                                              0.000     0.000
$iopadmap$top.clk.O[0] (IBUF_VPR)                                 0.000     0.000
S1.mem.0.0.ram_a1.CLK[0] (DPRAM32)                                1.043     1.043
clock uncertainty                                                 0.000     1.043
cell setup time                                                  -0.066     0.977
data required time                                                          0.977
---------------------------------------------------------------------------------
data required time                                                          0.977
data arrival time                                                          -4.440
---------------------------------------------------------------------------------
slack (VIOLATED)                                                           -3.463


#Path 19
Startpoint: $auto$ff.cc:266:slice$2178.Q[0] (FDCE_ZINI clocked by S1.clk)
Endpoint  : S1.mem.0.0.ram_d1.WA[0] (DPRAM32 clocked by S1.clk)
Path Type : setup

Point                                                              Incr      Path
---------------------------------------------------------------------------------
clock S1.clk (rise edge)                                          0.000     0.000
clock source latency                                              0.000     0.000
$iopadmap$top.clk.O[0] (IBUF_VPR)                                 0.000     0.000
$auto$ff.cc:266:slice$2178.C[0] (FDCE_ZINI)                       1.569     1.569
$auto$ff.cc:266:slice$2178.Q[0] (FDCE_ZINI) [clock-to-output]     0.303     1.872
valid_wire.in[1] (.names)                                         1.206     3.078
valid_wire.out[0] (.names)                                        0.152     3.230
S1.mem.0.0.ram_d1.WA[0] (DPRAM32)                                 1.210     4.440
data arrival time                                                           4.440

clock S1.clk (rise edge)                                          0.000     0.000
clock source latency                                              0.000     0.000
$iopadmap$top.clk.O[0] (IBUF_VPR)                                 0.000     0.000
S1.mem.0.0.ram_d1.CLK[0] (DPRAM32)                                1.043     1.043
clock uncertainty                                                 0.000     1.043
cell setup time                                                  -0.066     0.977
data required time                                                          0.977
---------------------------------------------------------------------------------
data required time                                                          0.977
data arrival time                                                          -4.440
---------------------------------------------------------------------------------
slack (VIOLATED)                                                           -3.463


#Path 20
Startpoint: $auto$ff.cc:266:slice$2178.Q[0] (FDCE_ZINI clocked by S1.clk)
Endpoint  : S1.mem.0.0.ram_d0.WA[0] (DPRAM32 clocked by S1.clk)
Path Type : setup

Point                                                              Incr      Path
---------------------------------------------------------------------------------
clock S1.clk (rise edge)                                          0.000     0.000
clock source latency                                              0.000     0.000
$iopadmap$top.clk.O[0] (IBUF_VPR)                                 0.000     0.000
$auto$ff.cc:266:slice$2178.C[0] (FDCE_ZINI)                       1.569     1.569
$auto$ff.cc:266:slice$2178.Q[0] (FDCE_ZINI) [clock-to-output]     0.303     1.872
valid_wire.in[1] (.names)                                         1.206     3.078
valid_wire.out[0] (.names)                                        0.152     3.230
S1.mem.0.0.ram_d0.WA[0] (DPRAM32)                                 1.210     4.440
data arrival time                                                           4.440

clock S1.clk (rise edge)                                          0.000     0.000
clock source latency                                              0.000     0.000
$iopadmap$top.clk.O[0] (IBUF_VPR)                                 0.000     0.000
S1.mem.0.0.ram_d0.CLK[0] (DPRAM32)                                1.043     1.043
clock uncertainty                                                 0.000     1.043
cell setup time                                                  -0.066     0.977
data required time                                                          0.977
---------------------------------------------------------------------------------
data required time                                                          0.977
data arrival time                                                          -4.440
---------------------------------------------------------------------------------
slack (VIOLATED)                                                           -3.463


#Path 21
Startpoint: $auto$ff.cc:266:slice$2178.Q[0] (FDCE_ZINI clocked by S1.clk)
Endpoint  : S1.mem.0.0.ram_c1.WA[0] (DPRAM32 clocked by S1.clk)
Path Type : setup

Point                                                              Incr      Path
---------------------------------------------------------------------------------
clock S1.clk (rise edge)                                          0.000     0.000
clock source latency                                              0.000     0.000
$iopadmap$top.clk.O[0] (IBUF_VPR)                                 0.000     0.000
$auto$ff.cc:266:slice$2178.C[0] (FDCE_ZINI)                       1.569     1.569
$auto$ff.cc:266:slice$2178.Q[0] (FDCE_ZINI) [clock-to-output]     0.303     1.872
valid_wire.in[1] (.names)                                         1.206     3.078
valid_wire.out[0] (.names)                                        0.152     3.230
S1.mem.0.0.ram_c1.WA[0] (DPRAM32)                                 1.210     4.440
data arrival time                                                           4.440

clock S1.clk (rise edge)                                          0.000     0.000
clock source latency                                              0.000     0.000
$iopadmap$top.clk.O[0] (IBUF_VPR)                                 0.000     0.000
S1.mem.0.0.ram_c1.CLK[0] (DPRAM32)                                1.043     1.043
clock uncertainty                                                 0.000     1.043
cell setup time                                                  -0.066     0.977
data required time                                                          0.977
---------------------------------------------------------------------------------
data required time                                                          0.977
data arrival time                                                          -4.440
---------------------------------------------------------------------------------
slack (VIOLATED)                                                           -3.463


#Path 22
Startpoint: $auto$ff.cc:266:slice$2178.Q[0] (FDCE_ZINI clocked by S1.clk)
Endpoint  : S1.mem.0.0.ram_c0.WA[0] (DPRAM32 clocked by S1.clk)
Path Type : setup

Point                                                              Incr      Path
---------------------------------------------------------------------------------
clock S1.clk (rise edge)                                          0.000     0.000
clock source latency                                              0.000     0.000
$iopadmap$top.clk.O[0] (IBUF_VPR)                                 0.000     0.000
$auto$ff.cc:266:slice$2178.C[0] (FDCE_ZINI)                       1.569     1.569
$auto$ff.cc:266:slice$2178.Q[0] (FDCE_ZINI) [clock-to-output]     0.303     1.872
valid_wire.in[1] (.names)                                         1.206     3.078
valid_wire.out[0] (.names)                                        0.152     3.230
S1.mem.0.0.ram_c0.WA[0] (DPRAM32)                                 1.210     4.440
data arrival time                                                           4.440

clock S1.clk (rise edge)                                          0.000     0.000
clock source latency                                              0.000     0.000
$iopadmap$top.clk.O[0] (IBUF_VPR)                                 0.000     0.000
S1.mem.0.0.ram_c0.CLK[0] (DPRAM32)                                1.043     1.043
clock uncertainty                                                 0.000     1.043
cell setup time                                                  -0.066     0.977
data required time                                                          0.977
---------------------------------------------------------------------------------
data required time                                                          0.977
data arrival time                                                          -4.440
---------------------------------------------------------------------------------
slack (VIOLATED)                                                           -3.463


#Path 23
Startpoint: $auto$ff.cc:266:slice$2178.Q[0] (FDCE_ZINI clocked by S1.clk)
Endpoint  : S1.mem.0.0.ram_b1.WA[0] (DPRAM32 clocked by S1.clk)
Path Type : setup

Point                                                              Incr      Path
---------------------------------------------------------------------------------
clock S1.clk (rise edge)                                          0.000     0.000
clock source latency                                              0.000     0.000
$iopadmap$top.clk.O[0] (IBUF_VPR)                                 0.000     0.000
$auto$ff.cc:266:slice$2178.C[0] (FDCE_ZINI)                       1.569     1.569
$auto$ff.cc:266:slice$2178.Q[0] (FDCE_ZINI) [clock-to-output]     0.303     1.872
valid_wire.in[1] (.names)                                         1.206     3.078
valid_wire.out[0] (.names)                                        0.152     3.230
S1.mem.0.0.ram_b1.WA[0] (DPRAM32)                                 1.210     4.440
data arrival time                                                           4.440

clock S1.clk (rise edge)                                          0.000     0.000
clock source latency                                              0.000     0.000
$iopadmap$top.clk.O[0] (IBUF_VPR)                                 0.000     0.000
S1.mem.0.0.ram_b1.CLK[0] (DPRAM32)                                1.043     1.043
clock uncertainty                                                 0.000     1.043
cell setup time                                                  -0.066     0.977
data required time                                                          0.977
---------------------------------------------------------------------------------
data required time                                                          0.977
data arrival time                                                          -4.440
---------------------------------------------------------------------------------
slack (VIOLATED)                                                           -3.463


#Path 24
Startpoint: $auto$ff.cc:266:slice$2178.Q[0] (FDCE_ZINI clocked by S1.clk)
Endpoint  : S1.mem.0.0.ram_c1.DI[0] (DPRAM32 clocked by S1.clk)
Path Type : setup

Point                                                              Incr      Path
---------------------------------------------------------------------------------
clock S1.clk (rise edge)                                          0.000     0.000
clock source latency                                              0.000     0.000
$iopadmap$top.clk.O[0] (IBUF_VPR)                                 0.000     0.000
$auto$ff.cc:266:slice$2178.C[0] (FDCE_ZINI)                       1.569     1.569
$auto$ff.cc:266:slice$2178.Q[0] (FDCE_ZINI) [clock-to-output]     0.303     1.872
valid_wire.in[1] (.names)                                         1.206     3.078
valid_wire.out[0] (.names)                                        0.152     3.230
S1.mem.0.0.ram_c1.DI[0] (DPRAM32)                                 0.859     4.089
data arrival time                                                           4.089

clock S1.clk (rise edge)                                          0.000     0.000
clock source latency                                              0.000     0.000
$iopadmap$top.clk.O[0] (IBUF_VPR)                                 0.000     0.000
S1.mem.0.0.ram_c1.CLK[0] (DPRAM32)                                1.043     1.043
clock uncertainty                                                 0.000     1.043
cell setup time                                                  -0.301     0.742
data required time                                                          0.742
---------------------------------------------------------------------------------
data required time                                                          0.742
data arrival time                                                          -4.089
---------------------------------------------------------------------------------
slack (VIOLATED)                                                           -3.347


#Path 25
Startpoint: $auto$ff.cc:266:slice$2178.Q[0] (FDCE_ZINI clocked by S1.clk)
Endpoint  : $auto$ff.cc:266:slice$2216.CE[0] (FDRE_ZINI clocked by S1.clk)
Path Type : setup

Point                                                                                         Incr      Path
------------------------------------------------------------------------------------------------------------
clock S1.clk (rise edge)                                                                     0.000     0.000
clock source latency                                                                         0.000     0.000
$iopadmap$top.clk.O[0] (IBUF_VPR)                                                            0.000     0.000
$auto$ff.cc:266:slice$2178.C[0] (FDCE_ZINI)                                                  1.569     1.569
$auto$ff.cc:266:slice$2178.Q[0] (FDCE_ZINI) [clock-to-output]                                0.303     1.872
$abc$2377$auto$opt_dff.cc:219:make_patterns_logic$1737.in[2] (.names)                        1.219     3.092
$abc$2377$auto$opt_dff.cc:219:make_patterns_logic$1737.out[0] (.names)                       0.152     3.244
$auto$ff.cc:266:slice$2216.CE[0] (FDRE_ZINI)                                                 0.882     4.125
data arrival time                                                                                      4.125

clock S1.clk (rise edge)                                                                     0.000     0.000
clock source latency                                                                         0.000     0.000
$iopadmap$top.clk.O[0] (IBUF_VPR)                                                            0.000     0.000
$auto$ff.cc:266:slice$2216.C[0] (FDRE_ZINI)                                                  1.043     1.043
clock uncertainty                                                                            0.000     1.043
cell setup time                                                                             -0.109     0.934
data required time                                                                                     0.934
------------------------------------------------------------------------------------------------------------
data required time                                                                                     0.934
data arrival time                                                                                     -4.125
------------------------------------------------------------------------------------------------------------
slack (VIOLATED)                                                                                      -3.191


#Path 26
Startpoint: $auto$ff.cc:266:slice$2178.Q[0] (FDCE_ZINI clocked by S1.clk)
Endpoint  : $auto$ff.cc:266:slice$2218.CE[0] (FDRE_ZINI clocked by S1.clk)
Path Type : setup

Point                                                                                         Incr      Path
------------------------------------------------------------------------------------------------------------
clock S1.clk (rise edge)                                                                     0.000     0.000
clock source latency                                                                         0.000     0.000
$iopadmap$top.clk.O[0] (IBUF_VPR)                                                            0.000     0.000
$auto$ff.cc:266:slice$2178.C[0] (FDCE_ZINI)                                                  1.569     1.569
$auto$ff.cc:266:slice$2178.Q[0] (FDCE_ZINI) [clock-to-output]                                0.303     1.872
$abc$2377$auto$opt_dff.cc:219:make_patterns_logic$1737.in[2] (.names)                        1.219     3.092
$abc$2377$auto$opt_dff.cc:219:make_patterns_logic$1737.out[0] (.names)                       0.152     3.244
$auto$ff.cc:266:slice$2218.CE[0] (FDRE_ZINI)                                                 0.882     4.125
data arrival time                                                                                      4.125

clock S1.clk (rise edge)                                                                     0.000     0.000
clock source latency                                                                         0.000     0.000
$iopadmap$top.clk.O[0] (IBUF_VPR)                                                            0.000     0.000
$auto$ff.cc:266:slice$2218.C[0] (FDRE_ZINI)                                                  1.043     1.043
clock uncertainty                                                                            0.000     1.043
cell setup time                                                                             -0.109     0.934
data required time                                                                                     0.934
------------------------------------------------------------------------------------------------------------
data required time                                                                                     0.934
data arrival time                                                                                     -4.125
------------------------------------------------------------------------------------------------------------
slack (VIOLATED)                                                                                      -3.191


#Path 27
Startpoint: $auto$ff.cc:266:slice$2178.Q[0] (FDCE_ZINI clocked by S1.clk)
Endpoint  : $auto$ff.cc:266:slice$2217.CE[0] (FDRE_ZINI clocked by S1.clk)
Path Type : setup

Point                                                                                         Incr      Path
------------------------------------------------------------------------------------------------------------
clock S1.clk (rise edge)                                                                     0.000     0.000
clock source latency                                                                         0.000     0.000
$iopadmap$top.clk.O[0] (IBUF_VPR)                                                            0.000     0.000
$auto$ff.cc:266:slice$2178.C[0] (FDCE_ZINI)                                                  1.569     1.569
$auto$ff.cc:266:slice$2178.Q[0] (FDCE_ZINI) [clock-to-output]                                0.303     1.872
$abc$2377$auto$opt_dff.cc:219:make_patterns_logic$1737.in[2] (.names)                        1.219     3.092
$abc$2377$auto$opt_dff.cc:219:make_patterns_logic$1737.out[0] (.names)                       0.152     3.244
$auto$ff.cc:266:slice$2217.CE[0] (FDRE_ZINI)                                                 0.882     4.125
data arrival time                                                                                      4.125

clock S1.clk (rise edge)                                                                     0.000     0.000
clock source latency                                                                         0.000     0.000
$iopadmap$top.clk.O[0] (IBUF_VPR)                                                            0.000     0.000
$auto$ff.cc:266:slice$2217.C[0] (FDRE_ZINI)                                                  1.043     1.043
clock uncertainty                                                                            0.000     1.043
cell setup time                                                                             -0.109     0.934
data required time                                                                                     0.934
------------------------------------------------------------------------------------------------------------
data required time                                                                                     0.934
data arrival time                                                                                     -4.125
------------------------------------------------------------------------------------------------------------
slack (VIOLATED)                                                                                      -3.191


#Path 28
Startpoint: $auto$ff.cc:266:slice$2178.Q[0] (FDCE_ZINI clocked by S1.clk)
Endpoint  : $auto$ff.cc:266:slice$2215.CE[0] (FDRE_ZINI clocked by S1.clk)
Path Type : setup

Point                                                                                         Incr      Path
------------------------------------------------------------------------------------------------------------
clock S1.clk (rise edge)                                                                     0.000     0.000
clock source latency                                                                         0.000     0.000
$iopadmap$top.clk.O[0] (IBUF_VPR)                                                            0.000     0.000
$auto$ff.cc:266:slice$2178.C[0] (FDCE_ZINI)                                                  1.569     1.569
$auto$ff.cc:266:slice$2178.Q[0] (FDCE_ZINI) [clock-to-output]                                0.303     1.872
$abc$2377$auto$opt_dff.cc:219:make_patterns_logic$1737.in[2] (.names)                        1.219     3.092
$abc$2377$auto$opt_dff.cc:219:make_patterns_logic$1737.out[0] (.names)                       0.152     3.244
$auto$ff.cc:266:slice$2215.CE[0] (FDRE_ZINI)                                                 0.882     4.125
data arrival time                                                                                      4.125

clock S1.clk (rise edge)                                                                     0.000     0.000
clock source latency                                                                         0.000     0.000
$iopadmap$top.clk.O[0] (IBUF_VPR)                                                            0.000     0.000
$auto$ff.cc:266:slice$2215.C[0] (FDRE_ZINI)                                                  1.043     1.043
clock uncertainty                                                                            0.000     1.043
cell setup time                                                                             -0.109     0.934
data required time                                                                                     0.934
------------------------------------------------------------------------------------------------------------
data required time                                                                                     0.934
data arrival time                                                                                     -4.125
------------------------------------------------------------------------------------------------------------
slack (VIOLATED)                                                                                      -3.191


#Path 29
Startpoint: $auto$ff.cc:266:slice$2178.Q[0] (FDCE_ZINI clocked by S1.clk)
Endpoint  : S1.mem.0.0.ram_d1.DI[0] (DPRAM32 clocked by S1.clk)
Path Type : setup

Point                                                              Incr      Path
---------------------------------------------------------------------------------
clock S1.clk (rise edge)                                          0.000     0.000
clock source latency                                              0.000     0.000
$iopadmap$top.clk.O[0] (IBUF_VPR)                                 0.000     0.000
$auto$ff.cc:266:slice$2178.C[0] (FDCE_ZINI)                       1.569     1.569
$auto$ff.cc:266:slice$2178.Q[0] (FDCE_ZINI) [clock-to-output]     0.303     1.872
valid_wire.in[1] (.names)                                         1.206     3.078
valid_wire.out[0] (.names)                                        0.152     3.230
S1.mem.0.0.ram_d1.DI[0] (DPRAM32)                                 0.859     4.089
data arrival time                                                           4.089

clock S1.clk (rise edge)                                          0.000     0.000
clock source latency                                              0.000     0.000
$iopadmap$top.clk.O[0] (IBUF_VPR)                                 0.000     0.000
S1.mem.0.0.ram_d1.CLK[0] (DPRAM32)                                1.043     1.043
clock uncertainty                                                 0.000     1.043
cell setup time                                                  -0.137     0.906
data required time                                                          0.906
---------------------------------------------------------------------------------
data required time                                                          0.906
data arrival time                                                          -4.089
---------------------------------------------------------------------------------
slack (VIOLATED)                                                           -3.183


#Path 30
Startpoint: $auto$ff.cc:266:slice$2217.Q[0] (FDRE_ZINI clocked by S1.clk)
Endpoint  : out:dataFpga[2].outpad[0] (.output clocked by S1.clk)
Path Type : setup

Point                                                                  Incr      Path
-------------------------------------------------------------------------------------
clock S1.clk (rise edge)                                              0.000     0.000
clock source latency                                                  0.000     0.000
$iopadmap$top.clk.O[0] (IBUF_VPR)                                     0.000     0.000
$auto$ff.cc:266:slice$2217.C[0] (FDRE_ZINI)                           1.043     1.043
$auto$ff.cc:266:slice$2217.Q[0] (FDRE_ZINI) [clock-to-output]         0.322     1.365
$iopadmap$top.dataFpga_2.obuft.I[0] (OBUFT_VPR)                       1.640     3.005
$iopadmap$top.dataFpga_2.obuft.O[0] (OBUFT_VPR)                       0.010     3.015
out:dataFpga[2].outpad[0] (.output)                                   0.000     3.015
data arrival time                                                               3.015

clock S1.clk (rise edge)                                              0.000     0.000
clock source latency                                                  0.000     0.000
clock uncertainty                                                     0.000     0.000
output external delay                                                 0.000     0.000
data required time                                                              0.000
-------------------------------------------------------------------------------------
data required time                                                              0.000
data arrival time                                                              -3.015
-------------------------------------------------------------------------------------
slack (VIOLATED)                                                               -3.015


#Path 31
Startpoint: $auto$ff.cc:266:slice$2215.Q[0] (FDRE_ZINI clocked by S1.clk)
Endpoint  : out:dataFpga[0].outpad[0] (.output clocked by S1.clk)
Path Type : setup

Point                                                                Incr      Path
-----------------------------------------------------------------------------------
clock S1.clk (rise edge)                                            0.000     0.000
clock source latency                                                0.000     0.000
$iopadmap$top.clk.O[0] (IBUF_VPR)                                   0.000     0.000
$auto$ff.cc:266:slice$2215.C[0] (FDRE_ZINI)                         1.043     1.043
$auto$ff.cc:266:slice$2215.Q[0] (FDRE_ZINI) [clock-to-output]       0.322     1.365
$iopadmap$top.dataFpga.obuft.I[0] (OBUFT_VPR)                       1.493     2.858
$iopadmap$top.dataFpga.obuft.O[0] (OBUFT_VPR)                       0.010     2.868
out:dataFpga[0].outpad[0] (.output)                                 0.000     2.868
data arrival time                                                             2.868

clock S1.clk (rise edge)                                            0.000     0.000
clock source latency                                                0.000     0.000
clock uncertainty                                                   0.000     0.000
output external delay                                               0.000     0.000
data required time                                                            0.000
-----------------------------------------------------------------------------------
data required time                                                            0.000
data arrival time                                                            -2.868
-----------------------------------------------------------------------------------
slack (VIOLATED)                                                             -2.868


#Path 32
Startpoint: $auto$ff.cc:266:slice$2178.Q[0] (FDCE_ZINI clocked by S1.clk)
Endpoint  : $auto$ff.cc:266:slice$2178.D[0] (FDCE_ZINI clocked by S1.clk)
Path Type : setup

Point                                                              Incr      Path
---------------------------------------------------------------------------------
clock S1.clk (rise edge)                                          0.000     0.000
clock source latency                                              0.000     0.000
$iopadmap$top.clk.O[0] (IBUF_VPR)                                 0.000     0.000
$auto$ff.cc:266:slice$2178.C[0] (FDCE_ZINI)                       1.569     1.569
$auto$ff.cc:266:slice$2178.Q[0] (FDCE_ZINI) [clock-to-output]     0.303     1.872
M1.next_state[0].in[2] (.names)                                   1.206     3.078
M1.next_state[0].out[0] (.names)                                  0.152     3.230
$auto$ff.cc:266:slice$2178.D[0] (FDCE_ZINI)                       0.918     4.148
data arrival time                                                           4.148

clock S1.clk (rise edge)                                          0.000     0.000
clock source latency                                              0.000     0.000
$iopadmap$top.clk.O[0] (IBUF_VPR)                                 0.000     0.000
$auto$ff.cc:266:slice$2178.C[0] (FDCE_ZINI)                       1.569     1.569
clock uncertainty                                                 0.000     1.569
cell setup time                                                   0.046     1.615
data required time                                                          1.615
---------------------------------------------------------------------------------
data required time                                                          1.615
data arrival time                                                          -4.148
---------------------------------------------------------------------------------
slack (VIOLATED)                                                           -2.532


#Path 33
Startpoint: $auto$ff.cc:266:slice$2218.Q[0] (FDRE_ZINI clocked by S1.clk)
Endpoint  : out:dataFpga[3].outpad[0] (.output clocked by S1.clk)
Path Type : setup

Point                                                                  Incr      Path
-------------------------------------------------------------------------------------
clock S1.clk (rise edge)                                              0.000     0.000
clock source latency                                                  0.000     0.000
$iopadmap$top.clk.O[0] (IBUF_VPR)                                     0.000     0.000
$auto$ff.cc:266:slice$2218.C[0] (FDRE_ZINI)                           1.043     1.043
$auto$ff.cc:266:slice$2218.Q[0] (FDRE_ZINI) [clock-to-output]         0.362     1.405
$iopadmap$top.dataFpga_3.obuft.I[0] (OBUFT_VPR)                       1.079     2.484
$iopadmap$top.dataFpga_3.obuft.O[0] (OBUFT_VPR)                       0.010     2.494
out:dataFpga[3].outpad[0] (.output)                                   0.000     2.494
data arrival time                                                               2.494

clock S1.clk (rise edge)                                              0.000     0.000
clock source latency                                                  0.000     0.000
clock uncertainty                                                     0.000     0.000
output external delay                                                 0.000     0.000
data required time                                                              0.000
-------------------------------------------------------------------------------------
data required time                                                              0.000
data arrival time                                                              -2.494
-------------------------------------------------------------------------------------
slack (VIOLATED)                                                               -2.494


#Path 34
Startpoint: $auto$ff.cc:266:slice$2178.Q[0] (FDCE_ZINI clocked by S1.clk)
Endpoint  : $auto$ff.cc:266:slice$2179.D[0] (FDCE_ZINI clocked by S1.clk)
Path Type : setup

Point                                                              Incr      Path
---------------------------------------------------------------------------------
clock S1.clk (rise edge)                                          0.000     0.000
clock source latency                                              0.000     0.000
$iopadmap$top.clk.O[0] (IBUF_VPR)                                 0.000     0.000
$auto$ff.cc:266:slice$2178.C[0] (FDCE_ZINI)                       1.569     1.569
$auto$ff.cc:266:slice$2178.Q[0] (FDCE_ZINI) [clock-to-output]     0.303     1.872
M1.next_state[1].in[1] (.names)                                   1.205     3.077
M1.next_state[1].out[0] (.names)                                  0.152     3.229
$auto$ff.cc:266:slice$2179.D[0] (FDCE_ZINI)                       0.800     4.030
data arrival time                                                           4.030

clock S1.clk (rise edge)                                          0.000     0.000
clock source latency                                              0.000     0.000
$iopadmap$top.clk.O[0] (IBUF_VPR)                                 0.000     0.000
$auto$ff.cc:266:slice$2179.C[0] (FDCE_ZINI)                       1.569     1.569
clock uncertainty                                                 0.000     1.569
cell setup time                                                   0.046     1.615
data required time                                                          1.615
---------------------------------------------------------------------------------
data required time                                                          1.615
data arrival time                                                          -4.030
---------------------------------------------------------------------------------
slack (VIOLATED)                                                           -2.414


#Path 35
Startpoint: $auto$ff.cc:266:slice$2178.Q[0] (FDCE_ZINI clocked by S1.clk)
Endpoint  : $auto$ff.cc:266:slice$2223.D[0] (FDCE_ZINI clocked by S1.clk)
Path Type : setup

Point                                                              Incr      Path
---------------------------------------------------------------------------------
clock S1.clk (rise edge)                                          0.000     0.000
clock source latency                                              0.000     0.000
$iopadmap$top.clk.O[0] (IBUF_VPR)                                 0.000     0.000
$auto$ff.cc:266:slice$2178.C[0] (FDCE_ZINI)                       1.569     1.569
$auto$ff.cc:266:slice$2178.Q[0] (FDCE_ZINI) [clock-to-output]     0.303     1.872
S1.next_state[0].in[1] (.names)                                   1.219     3.092
S1.next_state[0].out[0] (.names)                                  0.149     3.241
$auto$ff.cc:266:slice$2223.D[0] (FDCE_ZINI)                       0.106     3.347
data arrival time                                                           3.347

clock S1.clk (rise edge)                                          0.000     0.000
clock source latency                                              0.000     0.000
$iopadmap$top.clk.O[0] (IBUF_VPR)                                 0.000     0.000
$auto$ff.cc:266:slice$2223.C[0] (FDCE_ZINI)                       1.569     1.569
clock uncertainty                                                 0.000     1.569
cell setup time                                                   0.045     1.614
data required time                                                          1.614
---------------------------------------------------------------------------------
data required time                                                          1.614
data arrival time                                                          -3.347
---------------------------------------------------------------------------------
slack (VIOLATED)                                                           -1.732


#Path 36
Startpoint: $auto$ff.cc:266:slice$2178.Q[0] (FDCE_ZINI clocked by S1.clk)
Endpoint  : $auto$ff.cc:266:slice$2224.D[0] (FDCE_ZINI clocked by S1.clk)
Path Type : setup

Point                                                              Incr      Path
---------------------------------------------------------------------------------
clock S1.clk (rise edge)                                          0.000     0.000
clock source latency                                              0.000     0.000
$iopadmap$top.clk.O[0] (IBUF_VPR)                                 0.000     0.000
$auto$ff.cc:266:slice$2178.C[0] (FDCE_ZINI)                       1.569     1.569
$auto$ff.cc:266:slice$2178.Q[0] (FDCE_ZINI) [clock-to-output]     0.303     1.872
S1.next_state[1].in[3] (.names)                                   1.205     3.077
S1.next_state[1].out[0] (.names)                                  0.152     3.229
$auto$ff.cc:266:slice$2224.D[0] (FDCE_ZINI)                       0.107     3.336
data arrival time                                                           3.336

clock S1.clk (rise edge)                                          0.000     0.000
clock source latency                                              0.000     0.000
$iopadmap$top.clk.O[0] (IBUF_VPR)                                 0.000     0.000
$auto$ff.cc:266:slice$2224.C[0] (FDCE_ZINI)                       1.569     1.569
clock uncertainty                                                 0.000     1.569
cell setup time                                                   0.046     1.615
data required time                                                          1.615
---------------------------------------------------------------------------------
data required time                                                          1.615
data arrival time                                                          -3.336
---------------------------------------------------------------------------------
slack (VIOLATED)                                                           -1.721


#Path 37
Startpoint: rst.inpad[0] (.input clocked by S1.clk)
Endpoint  : $auto$ff.cc:266:slice$2178.CLR[0] (FDCE_ZINI clocked by S1.clk)
Path Type : setup

Point                                                                Incr      Path
-----------------------------------------------------------------------------------
clock S1.clk (rise edge)                                            0.000     0.000
clock source latency                                                0.000     0.000
input external delay                                                0.000     0.000
rst.inpad[0] (.input)                                               0.000     0.000
$iopadmap$top.rst.I[0] (IBUF_VPR)                                   0.000     0.000
$iopadmap$top.rst.O[0] (IBUF_VPR)                                   0.010     0.010
$auto$ff.cc:266:slice$2178.CLR[0] (FDCE_ZINI)                       1.824     1.834
data arrival time                                                             1.834

clock S1.clk (rise edge)                                            0.000     0.000
clock source latency                                                0.000     0.000
$iopadmap$top.clk.O[0] (IBUF_VPR)                                   0.000     0.000
$auto$ff.cc:266:slice$2178.C[0] (FDCE_ZINI)                         1.569     1.569
clock uncertainty                                                   0.000     1.569
cell setup time                                                    -0.404     1.165
data required time                                                            1.165
-----------------------------------------------------------------------------------
data required time                                                            1.165
data arrival time                                                            -1.834
-----------------------------------------------------------------------------------
slack (VIOLATED)                                                             -0.669


#Path 38
Startpoint: rst.inpad[0] (.input clocked by S1.clk)
Endpoint  : $auto$ff.cc:266:slice$2224.CLR[0] (FDCE_ZINI clocked by S1.clk)
Path Type : setup

Point                                                                Incr      Path
-----------------------------------------------------------------------------------
clock S1.clk (rise edge)                                            0.000     0.000
clock source latency                                                0.000     0.000
input external delay                                                0.000     0.000
rst.inpad[0] (.input)                                               0.000     0.000
$iopadmap$top.rst.I[0] (IBUF_VPR)                                   0.000     0.000
$iopadmap$top.rst.O[0] (IBUF_VPR)                                   0.010     0.010
$auto$ff.cc:266:slice$2224.CLR[0] (FDCE_ZINI)                       1.824     1.834
data arrival time                                                             1.834

clock S1.clk (rise edge)                                            0.000     0.000
clock source latency                                                0.000     0.000
$iopadmap$top.clk.O[0] (IBUF_VPR)                                   0.000     0.000
$auto$ff.cc:266:slice$2224.C[0] (FDCE_ZINI)                         1.569     1.569
clock uncertainty                                                   0.000     1.569
cell setup time                                                    -0.404     1.165
data required time                                                            1.165
-----------------------------------------------------------------------------------
data required time                                                            1.165
data arrival time                                                            -1.834
-----------------------------------------------------------------------------------
slack (VIOLATED)                                                             -0.669


#Path 39
Startpoint: rst.inpad[0] (.input clocked by S1.clk)
Endpoint  : $auto$ff.cc:266:slice$2223.CLR[0] (FDCE_ZINI clocked by S1.clk)
Path Type : setup

Point                                                                Incr      Path
-----------------------------------------------------------------------------------
clock S1.clk (rise edge)                                            0.000     0.000
clock source latency                                                0.000     0.000
input external delay                                                0.000     0.000
rst.inpad[0] (.input)                                               0.000     0.000
$iopadmap$top.rst.I[0] (IBUF_VPR)                                   0.000     0.000
$iopadmap$top.rst.O[0] (IBUF_VPR)                                   0.010     0.010
$auto$ff.cc:266:slice$2223.CLR[0] (FDCE_ZINI)                       1.824     1.834
data arrival time                                                             1.834

clock S1.clk (rise edge)                                            0.000     0.000
clock source latency                                                0.000     0.000
$iopadmap$top.clk.O[0] (IBUF_VPR)                                   0.000     0.000
$auto$ff.cc:266:slice$2223.C[0] (FDCE_ZINI)                         1.569     1.569
clock uncertainty                                                   0.000     1.569
cell setup time                                                    -0.404     1.165
data required time                                                            1.165
-----------------------------------------------------------------------------------
data required time                                                            1.165
data arrival time                                                            -1.834
-----------------------------------------------------------------------------------
slack (VIOLATED)                                                             -0.669


#Path 40
Startpoint: rst.inpad[0] (.input clocked by S1.clk)
Endpoint  : $auto$ff.cc:266:slice$2179.CLR[0] (FDCE_ZINI clocked by S1.clk)
Path Type : setup

Point                                                                Incr      Path
-----------------------------------------------------------------------------------
clock S1.clk (rise edge)                                            0.000     0.000
clock source latency                                                0.000     0.000
input external delay                                                0.000     0.000
rst.inpad[0] (.input)                                               0.000     0.000
$iopadmap$top.rst.I[0] (IBUF_VPR)                                   0.000     0.000
$iopadmap$top.rst.O[0] (IBUF_VPR)                                   0.010     0.010
$auto$ff.cc:266:slice$2179.CLR[0] (FDCE_ZINI)                       1.824     1.834
data arrival time                                                             1.834

clock S1.clk (rise edge)                                            0.000     0.000
clock source latency                                                0.000     0.000
$iopadmap$top.clk.O[0] (IBUF_VPR)                                   0.000     0.000
$auto$ff.cc:266:slice$2179.C[0] (FDCE_ZINI)                         1.569     1.569
clock uncertainty                                                   0.000     1.569
cell setup time                                                    -0.404     1.165
data required time                                                            1.165
-----------------------------------------------------------------------------------
data required time                                                            1.165
data arrival time                                                            -1.834
-----------------------------------------------------------------------------------
slack (VIOLATED)                                                             -0.669


#End of timing report
