
 /----------------------------------------------------------------------------\
 |                                                                            |
 |  yosys -- Yosys Open SYnthesis Suite                                       |
 |                                                                            |
 |  Copyright (C) 2012 - 2020  Claire Xenia Wolf <claire@yosyshq.com>         |
 |                                                                            |
 |  Permission to use, copy, modify, and/or distribute this software for any  |
 |  purpose with or without fee is hereby granted, provided that the above    |
 |  copyright notice and this permission notice appear in all copies.         |
 |                                                                            |
 |  THE SOFTWARE IS PROVIDED "AS IS" AND THE AUTHOR DISCLAIMS ALL WARRANTIES  |
 |  WITH REGARD TO THIS SOFTWARE INCLUDING ALL IMPLIED WARRANTIES OF          |
 |  MERCHANTABILITY AND FITNESS. IN NO EVENT SHALL THE AUTHOR BE LIABLE FOR   |
 |  ANY SPECIAL, DIRECT, INDIRECT, OR CONSEQUENTIAL DAMAGES OR ANY DAMAGES    |
 |  WHATSOEVER RESULTING FROM LOSS OF USE, DATA OR PROFITS, WHETHER IN AN     |
 |  ACTION OF CONTRACT, NEGLIGENCE OR OTHER TORTIOUS ACTION, ARISING OUT OF   |
 |  OR IN CONNECTION WITH THE USE OR PERFORMANCE OF THIS SOFTWARE.            |
 |                                                                            |
 \----------------------------------------------------------------------------/

 Yosys 0.27+22 (git sha1 0f5e7c244, x86_64-conda-linux-gnu-cc 11.2.0 -fvisibility-inlines-hidden -fmessage-length=0 -march=nocona -mtune=haswell -ftree-vectorize -fPIC -fstack-protector-strong -fno-plt -O2 -ffunction-sections -fdebug-prefix-map=/root/conda-eda/conda-eda/workdir/conda-env/conda-bld/yosys_1680770278298/work=/usr/local/src/conda/yosys-0.27_29_g0f5e7c244 -fdebug-prefix-map=/home/cl4/opt/f4pga/xc7/conda/envs/xc7=/usr/local/src/conda-prefix -fPIC -Os -fno-merge-constants)


-- Parsing `/home/cl4/f4pga-examples/xc7/handshake/master.v' using frontend ` -vlog2k' --

1. Executing Verilog-2005 frontend: /home/cl4/f4pga-examples/xc7/handshake/master.v
Parsing Verilog input from `/home/cl4/f4pga-examples/xc7/handshake/master.v' to AST representation.
Storing AST representation for module `$abstract\master'.
Successfully finished Verilog frontend.

-- Parsing `/home/cl4/f4pga-examples/xc7/handshake/slave.v' using frontend ` -vlog2k' --

2. Executing Verilog-2005 frontend: /home/cl4/f4pga-examples/xc7/handshake/slave.v
Parsing Verilog input from `/home/cl4/f4pga-examples/xc7/handshake/slave.v' to AST representation.
Storing AST representation for module `$abstract\slave'.
Successfully finished Verilog frontend.

-- Parsing `/home/cl4/f4pga-examples/xc7/handshake/top.v' using frontend ` -vlog2k' --

3. Executing Verilog-2005 frontend: /home/cl4/f4pga-examples/xc7/handshake/top.v
Parsing Verilog input from `/home/cl4/f4pga-examples/xc7/handshake/top.v' to AST representation.
Storing AST representation for module `$abstract\top'.
Successfully finished Verilog frontend.

-- Running command `; tcl /home/cl4/opt/f4pga/xc7/conda/envs/xc7/lib/python3.7/site-packages/f4pga/wrappers/tcl/xc7.f4pga.tcl' --
[TCL: yosys -import] Command name collision: found pre-existing command `cd' -> skip.
[TCL: yosys -import] Command name collision: found pre-existing command `eval' -> skip.
[TCL: yosys -import] Command name collision: found pre-existing command `exec' -> skip.
[TCL: yosys -import] Command name collision: found pre-existing command `read' -> skip.
[TCL: yosys -import] Command name collision: found pre-existing command `trace' -> skip.
Loaded SDC plugin
[TCL: yosys -import] Command name collision: found pre-existing command `abc' -> skip.
[TCL: yosys -import] Command name collision: found pre-existing command `abc9' -> skip.
[TCL: yosys -import] Command name collision: found pre-existing command `abc9_exe' -> skip.
[TCL: yosys -import] Command name collision: found pre-existing command `abc9_ops' -> skip.
[TCL: yosys -import] Command name collision: found pre-existing command `add' -> skip.
[TCL: yosys -import] Command name collision: found pre-existing command `aigmap' -> skip.
[TCL: yosys -import] Command name collision: found pre-existing command `alumacc' -> skip.
[TCL: yosys -import] Command name collision: found pre-existing command `anlogic_eqn' -> skip.
[TCL: yosys -import] Command name collision: found pre-existing command `anlogic_fixcarry' -> skip.
[TCL: yosys -import] Command name collision: found pre-existing command `assertpmux' -> skip.
[TCL: yosys -import] Command name collision: found pre-existing command `async2sync' -> skip.
[TCL: yosys -import] Command name collision: found pre-existing command `attrmap' -> skip.
[TCL: yosys -import] Command name collision: found pre-existing command `attrmvcp' -> skip.
[TCL: yosys -import] Command name collision: found pre-existing command `autoname' -> skip.
[TCL: yosys -import] Command name collision: found pre-existing command `blackbox' -> skip.
[TCL: yosys -import] Command name collision: found pre-existing command `bmuxmap' -> skip.
[TCL: yosys -import] Command name collision: found pre-existing command `bugpoint' -> skip.
[TCL: yosys -import] Command name collision: found pre-existing command `bwmuxmap' -> skip.
[TCL: yosys -import] Command name collision: found pre-existing command `cd' -> skip.
[TCL: yosys -import] Command name collision: found pre-existing command `check' -> skip.
[TCL: yosys -import] Command name collision: found pre-existing command `chformal' -> skip.
[TCL: yosys -import] Command name collision: found pre-existing command `chparam' -> skip.
[TCL: yosys -import] Command name collision: found pre-existing command `chtype' -> skip.
[TCL: yosys -import] Command name collision: found pre-existing command `clean' -> skip.
[TCL: yosys -import] Command name collision: found pre-existing command `clean_zerowidth' -> skip.
[TCL: yosys -import] Command name collision: found pre-existing command `clk2fflogic' -> skip.
[TCL: yosys -import] Command name collision: found pre-existing command `clkbufmap' -> skip.
[TCL: yosys -import] Command name collision: found pre-existing command `connect' -> skip.
[TCL: yosys -import] Command name collision: found pre-existing command `connect_rpc' -> skip.
[TCL: yosys -import] Command name collision: found pre-existing command `connwrappers' -> skip.
[TCL: yosys -import] Command name collision: found pre-existing command `coolrunner2_fixup' -> skip.
[TCL: yosys -import] Command name collision: found pre-existing command `coolrunner2_sop' -> skip.
[TCL: yosys -import] Command name collision: found pre-existing command `copy' -> skip.
[TCL: yosys -import] Command name collision: found pre-existing command `cover' -> skip.
[TCL: yosys -import] Command name collision: found pre-existing command `cutpoint' -> skip.
[TCL: yosys -import] Command name collision: found pre-existing command `debug' -> skip.
[TCL: yosys -import] Command name collision: found pre-existing command `delete' -> skip.
[TCL: yosys -import] Command name collision: found pre-existing command `deminout' -> skip.
[TCL: yosys -import] Command name collision: found pre-existing command `demuxmap' -> skip.
[TCL: yosys -import] Command name collision: found pre-existing command `design' -> skip.
[TCL: yosys -import] Command name collision: found pre-existing command `dffinit' -> skip.
[TCL: yosys -import] Command name collision: found pre-existing command `dfflegalize' -> skip.
[TCL: yosys -import] Command name collision: found pre-existing command `dfflibmap' -> skip.
[TCL: yosys -import] Command name collision: found pre-existing command `dffunmap' -> skip.
[TCL: yosys -import] Command name collision: found pre-existing command `dump' -> skip.
[TCL: yosys -import] Command name collision: found pre-existing command `echo' -> skip.
[TCL: yosys -import] Command name collision: found pre-existing command `ecp5_gsr' -> skip.
[TCL: yosys -import] Command name collision: found pre-existing command `edgetypes' -> skip.
[TCL: yosys -import] Command name collision: found pre-existing command `efinix_fixcarry' -> skip.
[TCL: yosys -import] Command name collision: found pre-existing command `equiv_add' -> skip.
[TCL: yosys -import] Command name collision: found pre-existing command `equiv_induct' -> skip.
[TCL: yosys -import] Command name collision: found pre-existing command `equiv_make' -> skip.
[TCL: yosys -import] Command name collision: found pre-existing command `equiv_mark' -> skip.
[TCL: yosys -import] Command name collision: found pre-existing command `equiv_miter' -> skip.
[TCL: yosys -import] Command name collision: found pre-existing command `equiv_opt' -> skip.
[TCL: yosys -import] Command name collision: found pre-existing command `equiv_purge' -> skip.
[TCL: yosys -import] Command name collision: found pre-existing command `equiv_remove' -> skip.
[TCL: yosys -import] Command name collision: found pre-existing command `equiv_simple' -> skip.
[TCL: yosys -import] Command name collision: found pre-existing command `equiv_status' -> skip.
[TCL: yosys -import] Command name collision: found pre-existing command `equiv_struct' -> skip.
[TCL: yosys -import] Command name collision: found pre-existing command `eval' -> skip.
[TCL: yosys -import] Command name collision: found pre-existing command `exec' -> skip.
[TCL: yosys -import] Command name collision: found pre-existing command `expose' -> skip.
[TCL: yosys -import] Command name collision: found pre-existing command `extract' -> skip.
[TCL: yosys -import] Command name collision: found pre-existing command `extract_counter' -> skip.
[TCL: yosys -import] Command name collision: found pre-existing command `extract_fa' -> skip.
[TCL: yosys -import] Command name collision: found pre-existing command `extract_reduce' -> skip.
[TCL: yosys -import] Command name collision: found pre-existing command `extractinv' -> skip.
[TCL: yosys -import] Command name collision: found pre-existing command `flatten' -> skip.
[TCL: yosys -import] Command name collision: found pre-existing command `flowmap' -> skip.
[TCL: yosys -import] Command name collision: found pre-existing command `fmcombine' -> skip.
[TCL: yosys -import] Command name collision: found pre-existing command `fminit' -> skip.
[TCL: yosys -import] Command name collision: found pre-existing command `formalff' -> skip.
[TCL: yosys -import] Command name collision: found pre-existing command `freduce' -> skip.
[TCL: yosys -import] Command name collision: found pre-existing command `fsm' -> skip.
[TCL: yosys -import] Command name collision: found pre-existing command `fsm_detect' -> skip.
[TCL: yosys -import] Command name collision: found pre-existing command `fsm_expand' -> skip.
[TCL: yosys -import] Command name collision: found pre-existing command `fsm_export' -> skip.
[TCL: yosys -import] Command name collision: found pre-existing command `fsm_extract' -> skip.
[TCL: yosys -import] Command name collision: found pre-existing command `fsm_info' -> skip.
[TCL: yosys -import] Command name collision: found pre-existing command `fsm_map' -> skip.
[TCL: yosys -import] Command name collision: found pre-existing command `fsm_opt' -> skip.
[TCL: yosys -import] Command name collision: found pre-existing command `fsm_recode' -> skip.
[TCL: yosys -import] Command name collision: found pre-existing command `fst2tb' -> skip.
[TCL: yosys -import] Command name collision: found pre-existing command `gatemate_foldinv' -> skip.
[TCL: yosys -import] Command name collision: found pre-existing command `get_bank_tiles' -> skip.
[TCL: yosys -import] Command name collision: found pre-existing command `get_iobanks' -> skip.
[TCL: yosys -import] Command name collision: found pre-existing command `getparam' -> skip.
[TCL: yosys -import] Command name collision: found pre-existing command `glift' -> skip.
[TCL: yosys -import] Command name collision: found pre-existing command `greenpak4_dffinv' -> skip.
[TCL: yosys -import] Command name collision: found pre-existing command `help' -> skip.
[TCL: yosys -import] Command name collision: found pre-existing command `hierarchy' -> skip.
[TCL: yosys -import] Command name collision: found pre-existing command `hilomap' -> skip.
[TCL: yosys -import] Command name collision: found pre-existing command `ice40_braminit' -> skip.
[TCL: yosys -import] Command name collision: found pre-existing command `ice40_dsp' -> skip.
[TCL: yosys -import] Command name collision: found pre-existing command `ice40_opt' -> skip.
[TCL: yosys -import] Command name collision: found pre-existing command `ice40_wrapcarry' -> skip.
[TCL: yosys -import] Command name collision: found pre-existing command `insbuf' -> skip.
[TCL: yosys -import] Command name collision: found pre-existing command `iopadmap' -> skip.
[TCL: yosys -import] Command name collision: found pre-existing command `jny' -> skip.
[TCL: yosys -import] Command name collision: found pre-existing command `json' -> skip.
[TCL: yosys -import] Command name collision: found pre-existing command `log' -> skip.
[TCL: yosys -import] Command name collision: found pre-existing command `logger' -> skip.
[TCL: yosys -import] Command name collision: found pre-existing command `ls' -> skip.
[TCL: yosys -import] Command name collision: found pre-existing command `ltp' -> skip.
[TCL: yosys -import] Command name collision: found pre-existing command `lut2mux' -> skip.
[TCL: yosys -import] Command name collision: found pre-existing command `maccmap' -> skip.
[TCL: yosys -import] Command name collision: found pre-existing command `memory' -> skip.
[TCL: yosys -import] Command name collision: found pre-existing command `memory_bmux2rom' -> skip.
[TCL: yosys -import] Command name collision: found pre-existing command `memory_bram' -> skip.
[TCL: yosys -import] Command name collision: found pre-existing command `memory_collect' -> skip.
[TCL: yosys -import] Command name collision: found pre-existing command `memory_dff' -> skip.
[TCL: yosys -import] Command name collision: found pre-existing command `memory_libmap' -> skip.
[TCL: yosys -import] Command name collision: found pre-existing command `memory_map' -> skip.
[TCL: yosys -import] Command name collision: found pre-existing command `memory_memx' -> skip.
[TCL: yosys -import] Command name collision: found pre-existing command `memory_narrow' -> skip.
[TCL: yosys -import] Command name collision: found pre-existing command `memory_nordff' -> skip.
[TCL: yosys -import] Command name collision: found pre-existing command `memory_share' -> skip.
[TCL: yosys -import] Command name collision: found pre-existing command `memory_unpack' -> skip.
[TCL: yosys -import] Command name collision: found pre-existing command `miter' -> skip.
[TCL: yosys -import] Command name collision: found pre-existing command `mutate' -> skip.
[TCL: yosys -import] Command name collision: found pre-existing command `muxcover' -> skip.
[TCL: yosys -import] Command name collision: found pre-existing command `muxpack' -> skip.
[TCL: yosys -import] Command name collision: found pre-existing command `nlutmap' -> skip.
[TCL: yosys -import] Command name collision: found pre-existing command `onehot' -> skip.
[TCL: yosys -import] Command name collision: found pre-existing command `opt' -> skip.
[TCL: yosys -import] Command name collision: found pre-existing command `opt_clean' -> skip.
[TCL: yosys -import] Command name collision: found pre-existing command `opt_demorgan' -> skip.
[TCL: yosys -import] Command name collision: found pre-existing command `opt_dff' -> skip.
[TCL: yosys -import] Command name collision: found pre-existing command `opt_expr' -> skip.
[TCL: yosys -import] Command name collision: found pre-existing command `opt_ffinv' -> skip.
[TCL: yosys -import] Command name collision: found pre-existing command `opt_lut' -> skip.
[TCL: yosys -import] Command name collision: found pre-existing command `opt_lut_ins' -> skip.
[TCL: yosys -import] Command name collision: found pre-existing command `opt_mem' -> skip.
[TCL: yosys -import] Command name collision: found pre-existing command `opt_mem_feedback' -> skip.
[TCL: yosys -import] Command name collision: found pre-existing command `opt_mem_priority' -> skip.
[TCL: yosys -import] Command name collision: found pre-existing command `opt_mem_widen' -> skip.
[TCL: yosys -import] Command name collision: found pre-existing command `opt_merge' -> skip.
[TCL: yosys -import] Command name collision: found pre-existing command `opt_muxtree' -> skip.
[TCL: yosys -import] Command name collision: found pre-existing command `opt_reduce' -> skip.
[TCL: yosys -import] Command name collision: found pre-existing command `opt_share' -> skip.
[TCL: yosys -import] Command name collision: found pre-existing command `paramap' -> skip.
[TCL: yosys -import] Command name collision: found pre-existing command `peepopt' -> skip.
[TCL: yosys -import] Command name collision: found pre-existing command `plugin' -> skip.
[TCL: yosys -import] Command name collision: found pre-existing command `pmux2shiftx' -> skip.
[TCL: yosys -import] Command name collision: found pre-existing command `pmuxtree' -> skip.
[TCL: yosys -import] Command name collision: found pre-existing command `portlist' -> skip.
[TCL: yosys -import] Command name collision: found pre-existing command `prep' -> skip.
[TCL: yosys -import] Command name collision: found pre-existing command `printattrs' -> skip.
[TCL: yosys -import] Command name collision: found pre-existing command `proc' -> skip.
[TCL: yosys -import] Command name collision: found pre-existing command `proc_arst' -> skip.
[TCL: yosys -import] Command name collision: found pre-existing command `proc_clean' -> skip.
[TCL: yosys -import] Command name collision: found pre-existing command `proc_dff' -> skip.
[TCL: yosys -import] Command name collision: found pre-existing command `proc_dlatch' -> skip.
[TCL: yosys -import] Command name collision: found pre-existing command `proc_init' -> skip.
[TCL: yosys -import] Command name collision: found pre-existing command `proc_memwr' -> skip.
[TCL: yosys -import] Command name collision: found pre-existing command `proc_mux' -> skip.
[TCL: yosys -import] Command name collision: found pre-existing command `proc_prune' -> skip.
[TCL: yosys -import] Command name collision: found pre-existing command `proc_rmdead' -> skip.
[TCL: yosys -import] Command name collision: found pre-existing command `proc_rom' -> skip.
[TCL: yosys -import] Command name collision: found pre-existing command `qbfsat' -> skip.
[TCL: yosys -import] Command name collision: found pre-existing command `qwp' -> skip.
[TCL: yosys -import] Command name collision: found pre-existing command `read' -> skip.
[TCL: yosys -import] Command name collision: found pre-existing command `read_aiger' -> skip.
[TCL: yosys -import] Command name collision: found pre-existing command `read_blif' -> skip.
[TCL: yosys -import] Command name collision: found pre-existing command `read_ilang' -> skip.
[TCL: yosys -import] Command name collision: found pre-existing command `read_json' -> skip.
[TCL: yosys -import] Command name collision: found pre-existing command `read_liberty' -> skip.
[TCL: yosys -import] Command name collision: found pre-existing command `read_rtlil' -> skip.
[TCL: yosys -import] Command name collision: found pre-existing command `read_verilog' -> skip.
[TCL: yosys -import] Command name collision: found pre-existing command `rename' -> skip.
[TCL: yosys -import] Command name collision: found pre-existing command `rmports' -> skip.
[TCL: yosys -import] Command name collision: found pre-existing command `sat' -> skip.
[TCL: yosys -import] Command name collision: found pre-existing command `scatter' -> skip.
[TCL: yosys -import] Command name collision: found pre-existing command `scc' -> skip.
[TCL: yosys -import] Command name collision: found pre-existing command `scratchpad' -> skip.
[TCL: yosys -import] Command name collision: found pre-existing command `script' -> skip.
[TCL: yosys -import] Command name collision: found pre-existing command `select' -> skip.
[TCL: yosys -import] Command name collision: found pre-existing command `set_property' -> skip.
[TCL: yosys -import] Command name collision: found pre-existing command `setattr' -> skip.
[TCL: yosys -import] Command name collision: found pre-existing command `setparam' -> skip.
[TCL: yosys -import] Command name collision: found pre-existing command `setundef' -> skip.
[TCL: yosys -import] Command name collision: found pre-existing command `share' -> skip.
[TCL: yosys -import] Command name collision: found pre-existing command `shell' -> skip.
[TCL: yosys -import] Command name collision: found pre-existing command `show' -> skip.
[TCL: yosys -import] Command name collision: found pre-existing command `shregmap' -> skip.
[TCL: yosys -import] Command name collision: found pre-existing command `sim' -> skip.
[TCL: yosys -import] Command name collision: found pre-existing command `simplemap' -> skip.
[TCL: yosys -import] Command name collision: found pre-existing command `splice' -> skip.
[TCL: yosys -import] Command name collision: found pre-existing command `splitcells' -> skip.
[TCL: yosys -import] Command name collision: found pre-existing command `splitnets' -> skip.
[TCL: yosys -import] Command name collision: found pre-existing command `sta' -> skip.
[TCL: yosys -import] Command name collision: found pre-existing command `stat' -> skip.
[TCL: yosys -import] Command name collision: found pre-existing command `submod' -> skip.
[TCL: yosys -import] Command name collision: found pre-existing command `supercover' -> skip.
[TCL: yosys -import] Command name collision: found pre-existing command `synth' -> skip.
[TCL: yosys -import] Command name collision: found pre-existing command `synth_achronix' -> skip.
[TCL: yosys -import] Command name collision: found pre-existing command `synth_anlogic' -> skip.
[TCL: yosys -import] Command name collision: found pre-existing command `synth_coolrunner2' -> skip.
[TCL: yosys -import] Command name collision: found pre-existing command `synth_easic' -> skip.
[TCL: yosys -import] Command name collision: found pre-existing command `synth_ecp5' -> skip.
[TCL: yosys -import] Command name collision: found pre-existing command `synth_efinix' -> skip.
[TCL: yosys -import] Command name collision: found pre-existing command `synth_fabulous' -> skip.
[TCL: yosys -import] Command name collision: found pre-existing command `synth_gatemate' -> skip.
[TCL: yosys -import] Command name collision: found pre-existing command `synth_gowin' -> skip.
[TCL: yosys -import] Command name collision: found pre-existing command `synth_greenpak4' -> skip.
[TCL: yosys -import] Command name collision: found pre-existing command `synth_ice40' -> skip.
[TCL: yosys -import] Command name collision: found pre-existing command `synth_intel' -> skip.
[TCL: yosys -import] Command name collision: found pre-existing command `synth_intel_alm' -> skip.
[TCL: yosys -import] Command name collision: found pre-existing command `synth_machxo2' -> skip.
[TCL: yosys -import] Command name collision: found pre-existing command `synth_nexus' -> skip.
[TCL: yosys -import] Command name collision: found pre-existing command `synth_quicklogic' -> skip.
[TCL: yosys -import] Command name collision: found pre-existing command `synth_sf2' -> skip.
[TCL: yosys -import] Command name collision: found pre-existing command `synth_xilinx' -> skip.
[TCL: yosys -import] Command name collision: found pre-existing command `tcl' -> skip.
[TCL: yosys -import] Command name collision: found pre-existing command `techmap' -> skip.
[TCL: yosys -import] Command name collision: found pre-existing command `tee' -> skip.
[TCL: yosys -import] Command name collision: found pre-existing command `test_abcloop' -> skip.
[TCL: yosys -import] Command name collision: found pre-existing command `test_autotb' -> skip.
[TCL: yosys -import] Command name collision: found pre-existing command `test_cell' -> skip.
[TCL: yosys -import] Command name collision: found pre-existing command `test_pmgen' -> skip.
[TCL: yosys -import] Command name collision: found pre-existing command `torder' -> skip.
[TCL: yosys -import] Command name collision: found pre-existing command `trace' -> skip.
[TCL: yosys -import] Command name collision: found pre-existing command `tribuf' -> skip.
[TCL: yosys -import] Command name collision: found pre-existing command `uniquify' -> skip.
[TCL: yosys -import] Command name collision: found pre-existing command `verific' -> skip.
[TCL: yosys -import] Command name collision: found pre-existing command `verilog_defaults' -> skip.
[TCL: yosys -import] Command name collision: found pre-existing command `verilog_defines' -> skip.
[TCL: yosys -import] Command name collision: found pre-existing command `viz' -> skip.
[TCL: yosys -import] Command name collision: found pre-existing command `wbflip' -> skip.
[TCL: yosys -import] Command name collision: found pre-existing command `wreduce' -> skip.
[TCL: yosys -import] Command name collision: found pre-existing command `write_aiger' -> skip.
[TCL: yosys -import] Command name collision: found pre-existing command `write_blif' -> skip.
[TCL: yosys -import] Command name collision: found pre-existing command `write_btor' -> skip.
[TCL: yosys -import] Command name collision: found pre-existing command `write_cxxrtl' -> skip.
[TCL: yosys -import] Command name collision: found pre-existing command `write_edif' -> skip.
[TCL: yosys -import] Command name collision: found pre-existing command `write_file' -> skip.
[TCL: yosys -import] Command name collision: found pre-existing command `write_firrtl' -> skip.
[TCL: yosys -import] Command name collision: found pre-existing command `write_ilang' -> skip.
[TCL: yosys -import] Command name collision: found pre-existing command `write_intersynth' -> skip.
[TCL: yosys -import] Command name collision: found pre-existing command `write_jny' -> skip.
[TCL: yosys -import] Command name collision: found pre-existing command `write_json' -> skip.
[TCL: yosys -import] Command name collision: found pre-existing command `write_rtlil' -> skip.
[TCL: yosys -import] Command name collision: found pre-existing command `write_simplec' -> skip.
[TCL: yosys -import] Command name collision: found pre-existing command `write_smt2' -> skip.
[TCL: yosys -import] Command name collision: found pre-existing command `write_smv' -> skip.
[TCL: yosys -import] Command name collision: found pre-existing command `write_spice' -> skip.
[TCL: yosys -import] Command name collision: found pre-existing command `write_table' -> skip.
[TCL: yosys -import] Command name collision: found pre-existing command `write_verilog' -> skip.
[TCL: yosys -import] Command name collision: found pre-existing command `write_xaiger' -> skip.
[TCL: yosys -import] Command name collision: found pre-existing command `xilinx_dffopt' -> skip.
[TCL: yosys -import] Command name collision: found pre-existing command `xilinx_dsp' -> skip.
[TCL: yosys -import] Command name collision: found pre-existing command `xilinx_srl' -> skip.
[TCL: yosys -import] Command name collision: found pre-existing command `xprop' -> skip.
[TCL: yosys -import] Command name collision: found pre-existing command `zinit' -> skip.

4. Executing Verilog-2005 frontend: /home/cl4/opt/f4pga/xc7/conda/envs/xc7/bin/../share/yosys/xilinx/cells_sim.v
Parsing Verilog input from `/home/cl4/opt/f4pga/xc7/conda/envs/xc7/bin/../share/yosys/xilinx/cells_sim.v' to AST representation.
Generating RTLIL representation for module `\VCC'.
Generating RTLIL representation for module `\GND'.
Generating RTLIL representation for module `\IBUF'.
Generating RTLIL representation for module `\IBUFG'.
Generating RTLIL representation for module `\OBUF'.
Generating RTLIL representation for module `\IOBUF'.
Generating RTLIL representation for module `\OBUFT'.
Generating RTLIL representation for module `\BUFG'.
Generating RTLIL representation for module `\BUFGCTRL'.
Generating RTLIL representation for module `\BUFHCE'.
Generating RTLIL representation for module `\INV'.
Generating RTLIL representation for module `\LUT1'.
Generating RTLIL representation for module `\LUT2'.
Generating RTLIL representation for module `\LUT3'.
Generating RTLIL representation for module `\LUT4'.
Generating RTLIL representation for module `\LUT5'.
Generating RTLIL representation for module `\LUT6'.
Generating RTLIL representation for module `\LUT6_2'.
Generating RTLIL representation for module `\$__ABC9_LUT7'.
Generating RTLIL representation for module `\$__ABC9_LUT8'.
Generating RTLIL representation for module `\MUXCY'.
Generating RTLIL representation for module `\MUXF5'.
Generating RTLIL representation for module `\MUXF6'.
Generating RTLIL representation for module `\MUXF7'.
Generating RTLIL representation for module `\MUXF8'.
Generating RTLIL representation for module `\MUXF9'.
Generating RTLIL representation for module `\XORCY'.
Generating RTLIL representation for module `\CARRY4'.
Generating RTLIL representation for module `\CARRY8'.
Generating RTLIL representation for module `\ORCY'.
Generating RTLIL representation for module `\MULT_AND'.
Generating RTLIL representation for module `\FDRE'.
Generating RTLIL representation for module `\FDRE_1'.
Generating RTLIL representation for module `\FDSE'.
Generating RTLIL representation for module `\FDSE_1'.
Generating RTLIL representation for module `\FDRSE'.
Generating RTLIL representation for module `\FDRSE_1'.
Generating RTLIL representation for module `\FDCE'.
Generating RTLIL representation for module `\FDCE_1'.
Generating RTLIL representation for module `\FDPE'.
Generating RTLIL representation for module `\FDPE_1'.
Generating RTLIL representation for module `\FDCPE'.
Generating RTLIL representation for module `\FDCPE_1'.
Generating RTLIL representation for module `\LDCE'.
Generating RTLIL representation for module `\LDPE'.
Generating RTLIL representation for module `\LDCPE'.
Generating RTLIL representation for module `\AND2B1L'.
Generating RTLIL representation for module `\OR2L'.
Generating RTLIL representation for module `\RAM16X1S'.
Generating RTLIL representation for module `\RAM16X1S_1'.
Generating RTLIL representation for module `\RAM32X1S'.
Generating RTLIL representation for module `\RAM32X1S_1'.
Generating RTLIL representation for module `\RAM64X1S'.
Generating RTLIL representation for module `\RAM64X1S_1'.
Generating RTLIL representation for module `\RAM128X1S'.
Generating RTLIL representation for module `\RAM128X1S_1'.
Generating RTLIL representation for module `\RAM256X1S'.
Generating RTLIL representation for module `\RAM512X1S'.
Generating RTLIL representation for module `\RAM16X2S'.
Generating RTLIL representation for module `\RAM32X2S'.
Generating RTLIL representation for module `\RAM64X2S'.
Generating RTLIL representation for module `\RAM16X4S'.
Generating RTLIL representation for module `\RAM32X4S'.
Generating RTLIL representation for module `\RAM16X8S'.
Generating RTLIL representation for module `\RAM32X8S'.
Generating RTLIL representation for module `\RAM16X1D'.
Generating RTLIL representation for module `\RAM16X1D_1'.
Generating RTLIL representation for module `\RAM32X1D'.
Generating RTLIL representation for module `\RAM32X1D_1'.
Generating RTLIL representation for module `\RAM64X1D'.
Generating RTLIL representation for module `\RAM64X1D_1'.
Generating RTLIL representation for module `\RAM128X1D'.
Generating RTLIL representation for module `\RAM256X1D'.
Generating RTLIL representation for module `\RAM32M'.
Generating RTLIL representation for module `\RAM32M16'.
Generating RTLIL representation for module `\RAM64M'.
Generating RTLIL representation for module `\RAM64M8'.
Generating RTLIL representation for module `\RAM32X16DR8'.
Generating RTLIL representation for module `\RAM64X8SW'.
Generating RTLIL representation for module `\ROM16X1'.
Generating RTLIL representation for module `\ROM32X1'.
Generating RTLIL representation for module `\ROM64X1'.
Generating RTLIL representation for module `\ROM128X1'.
Generating RTLIL representation for module `\ROM256X1'.
Generating RTLIL representation for module `\SRL16'.
Generating RTLIL representation for module `\SRL16E'.
Generating RTLIL representation for module `\SRLC16'.
Generating RTLIL representation for module `\SRLC16E'.
Generating RTLIL representation for module `\SRLC32E'.
Generating RTLIL representation for module `\CFGLUT5'.
Generating RTLIL representation for module `\MULT18X18'.
Generating RTLIL representation for module `\MULT18X18S'.
Generating RTLIL representation for module `\MULT18X18SIO'.
Generating RTLIL representation for module `\DSP48A'.
Generating RTLIL representation for module `\DSP48A1'.
Generating RTLIL representation for module `\DSP48'.
Generating RTLIL representation for module `\DSP48E1'.
Generating RTLIL representation for module `\RAMB18E1'.
Generating RTLIL representation for module `\RAMB36E1'.
Successfully finished Verilog frontend.

5. Executing Verilog-2005 frontend: /home/cl4/opt/f4pga/xc7/conda/envs/xc7/bin/../share/yosys/xilinx/cells_xtra.v
Parsing Verilog input from `/home/cl4/opt/f4pga/xc7/conda/envs/xc7/bin/../share/yosys/xilinx/cells_xtra.v' to AST representation.
Generating RTLIL representation for module `\RAMB4_S1'.
Generating RTLIL representation for module `\RAMB4_S2'.
Generating RTLIL representation for module `\RAMB4_S4'.
Generating RTLIL representation for module `\RAMB4_S8'.
Generating RTLIL representation for module `\RAMB4_S16'.
Generating RTLIL representation for module `\RAMB4_S1_S1'.
Generating RTLIL representation for module `\RAMB4_S1_S2'.
Generating RTLIL representation for module `\RAMB4_S1_S4'.
Generating RTLIL representation for module `\RAMB4_S1_S8'.
Generating RTLIL representation for module `\RAMB4_S1_S16'.
Generating RTLIL representation for module `\RAMB4_S2_S2'.
Generating RTLIL representation for module `\RAMB4_S2_S4'.
Generating RTLIL representation for module `\RAMB4_S2_S8'.
Generating RTLIL representation for module `\RAMB4_S2_S16'.
Generating RTLIL representation for module `\RAMB4_S4_S4'.
Generating RTLIL representation for module `\RAMB4_S4_S8'.
Generating RTLIL representation for module `\RAMB4_S4_S16'.
Generating RTLIL representation for module `\RAMB4_S8_S8'.
Generating RTLIL representation for module `\RAMB4_S8_S16'.
Generating RTLIL representation for module `\RAMB4_S16_S16'.
Generating RTLIL representation for module `\RAMB16_S1'.
Generating RTLIL representation for module `\RAMB16_S2'.
Generating RTLIL representation for module `\RAMB16_S4'.
Generating RTLIL representation for module `\RAMB16_S9'.
Generating RTLIL representation for module `\RAMB16_S18'.
Generating RTLIL representation for module `\RAMB16_S36'.
Generating RTLIL representation for module `\RAMB16_S1_S1'.
Generating RTLIL representation for module `\RAMB16_S1_S2'.
Generating RTLIL representation for module `\RAMB16_S1_S4'.
Generating RTLIL representation for module `\RAMB16_S1_S9'.
Generating RTLIL representation for module `\RAMB16_S1_S18'.
Generating RTLIL representation for module `\RAMB16_S1_S36'.
Generating RTLIL representation for module `\RAMB16_S2_S2'.
Generating RTLIL representation for module `\RAMB16_S2_S4'.
Generating RTLIL representation for module `\RAMB16_S2_S9'.
Generating RTLIL representation for module `\RAMB16_S2_S18'.
Generating RTLIL representation for module `\RAMB16_S2_S36'.
Generating RTLIL representation for module `\RAMB16_S4_S4'.
Generating RTLIL representation for module `\RAMB16_S4_S9'.
Generating RTLIL representation for module `\RAMB16_S4_S18'.
Generating RTLIL representation for module `\RAMB16_S4_S36'.
Generating RTLIL representation for module `\RAMB16_S9_S9'.
Generating RTLIL representation for module `\RAMB16_S9_S18'.
Generating RTLIL representation for module `\RAMB16_S9_S36'.
Generating RTLIL representation for module `\RAMB16_S18_S18'.
Generating RTLIL representation for module `\RAMB16_S18_S36'.
Generating RTLIL representation for module `\RAMB16_S36_S36'.
Generating RTLIL representation for module `\RAMB16BWE_S18'.
Generating RTLIL representation for module `\RAMB16BWE_S36'.
Generating RTLIL representation for module `\RAMB16BWE_S18_S9'.
Generating RTLIL representation for module `\RAMB16BWE_S18_S18'.
Generating RTLIL representation for module `\RAMB16BWE_S36_S9'.
Generating RTLIL representation for module `\RAMB16BWE_S36_S18'.
Generating RTLIL representation for module `\RAMB16BWE_S36_S36'.
Generating RTLIL representation for module `\RAMB16BWER'.
Generating RTLIL representation for module `\RAMB8BWER'.
Generating RTLIL representation for module `\FIFO16'.
Generating RTLIL representation for module `\RAMB16'.
Generating RTLIL representation for module `\RAMB32_S64_ECC'.
Generating RTLIL representation for module `\FIFO18'.
Generating RTLIL representation for module `\FIFO18_36'.
Generating RTLIL representation for module `\FIFO36'.
Generating RTLIL representation for module `\FIFO36_72'.
Generating RTLIL representation for module `\RAMB18'.
Generating RTLIL representation for module `\RAMB36'.
Generating RTLIL representation for module `\RAMB18SDP'.
Generating RTLIL representation for module `\RAMB36SDP'.
Generating RTLIL representation for module `\FIFO18E1'.
Generating RTLIL representation for module `\FIFO36E1'.
Generating RTLIL representation for module `\FIFO18E2'.
Generating RTLIL representation for module `\FIFO36E2'.
Generating RTLIL representation for module `\RAMB18E2'.
Generating RTLIL representation for module `\RAMB36E2'.
Generating RTLIL representation for module `\URAM288'.
Generating RTLIL representation for module `\URAM288_BASE'.
Generating RTLIL representation for module `\DSP48E'.
Generating RTLIL representation for module `\DSP48E2'.
Generating RTLIL representation for module `\FDDRCPE'.
Generating RTLIL representation for module `\FDDRRSE'.
Generating RTLIL representation for module `\IFDDRCPE'.
Generating RTLIL representation for module `\IFDDRRSE'.
Generating RTLIL representation for module `\OFDDRCPE'.
Generating RTLIL representation for module `\OFDDRRSE'.
Generating RTLIL representation for module `\OFDDRTCPE'.
Generating RTLIL representation for module `\OFDDRTRSE'.
Generating RTLIL representation for module `\IDDR2'.
Generating RTLIL representation for module `\ODDR2'.
Generating RTLIL representation for module `\IDDR'.
Generating RTLIL representation for module `\IDDR_2CLK'.
Generating RTLIL representation for module `\ODDR'.
Generating RTLIL representation for module `\IDELAYCTRL'.
Generating RTLIL representation for module `\IDELAY'.
Generating RTLIL representation for module `\ISERDES'.
Generating RTLIL representation for module `\OSERDES'.
Generating RTLIL representation for module `\IODELAY'.
Generating RTLIL representation for module `\ISERDES_NODELAY'.
Generating RTLIL representation for module `\IODELAYE1'.
Generating RTLIL representation for module `\ISERDESE1'.
Generating RTLIL representation for module `\OSERDESE1'.
Generating RTLIL representation for module `\IDELAYE2'.
Generating RTLIL representation for module `\ODELAYE2'.
Generating RTLIL representation for module `\ISERDESE2'.
Generating RTLIL representation for module `\OSERDESE2'.
Generating RTLIL representation for module `\PHASER_IN'.
Generating RTLIL representation for module `\PHASER_IN_PHY'.
Generating RTLIL representation for module `\PHASER_OUT'.
Generating RTLIL representation for module `\PHASER_OUT_PHY'.
Generating RTLIL representation for module `\PHASER_REF'.
Generating RTLIL representation for module `\PHY_CONTROL'.
Generating RTLIL representation for module `\IDDRE1'.
Generating RTLIL representation for module `\ODDRE1'.
Generating RTLIL representation for module `\IDELAYE3'.
Generating RTLIL representation for module `\ODELAYE3'.
Generating RTLIL representation for module `\ISERDESE3'.
Generating RTLIL representation for module `\OSERDESE3'.
Generating RTLIL representation for module `\BITSLICE_CONTROL'.
Generating RTLIL representation for module `\RIU_OR'.
Generating RTLIL representation for module `\RX_BITSLICE'.
Generating RTLIL representation for module `\RXTX_BITSLICE'.
Generating RTLIL representation for module `\TX_BITSLICE'.
Generating RTLIL representation for module `\TX_BITSLICE_TRI'.
Generating RTLIL representation for module `\IODELAY2'.
Generating RTLIL representation for module `\IODRP2'.
Generating RTLIL representation for module `\IODRP2_MCB'.
Generating RTLIL representation for module `\ISERDES2'.
Generating RTLIL representation for module `\OSERDES2'.
Generating RTLIL representation for module `\IBUF_DLY_ADJ'.
Generating RTLIL representation for module `\IBUF_IBUFDISABLE'.
Generating RTLIL representation for module `\IBUF_INTERMDISABLE'.
Generating RTLIL representation for module `\IBUF_ANALOG'.
Generating RTLIL representation for module `\IBUFE3'.
Generating RTLIL representation for module `\IBUFDS'.
Generating RTLIL representation for module `\IBUFDS_DLY_ADJ'.
Generating RTLIL representation for module `\IBUFDS_IBUFDISABLE'.
Generating RTLIL representation for module `\IBUFDS_INTERMDISABLE'.
Generating RTLIL representation for module `\IBUFDS_DIFF_OUT'.
Generating RTLIL representation for module `\IBUFDS_DIFF_OUT_IBUFDISABLE'.
Generating RTLIL representation for module `\IBUFDS_DIFF_OUT_INTERMDISABLE'.
Generating RTLIL representation for module `\IBUFDSE3'.
Generating RTLIL representation for module `\IBUFDS_DPHY'.
Generating RTLIL representation for module `\IBUFGDS'.
Generating RTLIL representation for module `\IBUFGDS_DIFF_OUT'.
Generating RTLIL representation for module `\IOBUF_DCIEN'.
Generating RTLIL representation for module `\IOBUF_INTERMDISABLE'.
Generating RTLIL representation for module `\IOBUFE3'.
Generating RTLIL representation for module `\IOBUFDS'.
Generating RTLIL representation for module `\IOBUFDS_DCIEN'.
Generating RTLIL representation for module `\IOBUFDS_INTERMDISABLE'.
Generating RTLIL representation for module `\IOBUFDS_DIFF_OUT'.
Generating RTLIL representation for module `\IOBUFDS_DIFF_OUT_DCIEN'.
Generating RTLIL representation for module `\IOBUFDS_DIFF_OUT_INTERMDISABLE'.
Generating RTLIL representation for module `\IOBUFDSE3'.
Generating RTLIL representation for module `\OBUFDS'.
Generating RTLIL representation for module `\OBUFDS_DPHY'.
Generating RTLIL representation for module `\OBUFTDS'.
Generating RTLIL representation for module `\KEEPER'.
Generating RTLIL representation for module `\PULLDOWN'.
Generating RTLIL representation for module `\PULLUP'.
Generating RTLIL representation for module `\DCIRESET'.
Generating RTLIL representation for module `\HPIO_VREF'.
Generating RTLIL representation for module `\BUFGCE'.
Generating RTLIL representation for module `\BUFGCE_1'.
Generating RTLIL representation for module `\BUFGMUX'.
Generating RTLIL representation for module `\BUFGMUX_1'.
Generating RTLIL representation for module `\BUFGMUX_CTRL'.
Generating RTLIL representation for module `\BUFGMUX_VIRTEX4'.
Generating RTLIL representation for module `\BUFG_GT'.
Generating RTLIL representation for module `\BUFG_GT_SYNC'.
Generating RTLIL representation for module `\BUFG_PS'.
Generating RTLIL representation for module `\BUFGCE_DIV'.
Generating RTLIL representation for module `\BUFH'.
Generating RTLIL representation for module `\BUFIO2'.
Generating RTLIL representation for module `\BUFIO2_2CLK'.
Generating RTLIL representation for module `\BUFIO2FB'.
Generating RTLIL representation for module `\BUFPLL'.
Generating RTLIL representation for module `\BUFPLL_MCB'.
Generating RTLIL representation for module `\BUFIO'.
Generating RTLIL representation for module `\BUFIODQS'.
Generating RTLIL representation for module `\BUFR'.
Generating RTLIL representation for module `\BUFMR'.
Generating RTLIL representation for module `\BUFMRCE'.
Generating RTLIL representation for module `\DCM'.
Generating RTLIL representation for module `\DCM_SP'.
Generating RTLIL representation for module `\DCM_CLKGEN'.
Generating RTLIL representation for module `\DCM_ADV'.
Generating RTLIL representation for module `\DCM_BASE'.
Generating RTLIL representation for module `\DCM_PS'.
Generating RTLIL representation for module `\PMCD'.
Generating RTLIL representation for module `\PLL_ADV'.
Generating RTLIL representation for module `\PLL_BASE'.
Generating RTLIL representation for module `\MMCM_ADV'.
Generating RTLIL representation for module `\MMCM_BASE'.
Generating RTLIL representation for module `\MMCME2_ADV'.
Generating RTLIL representation for module `\MMCME2_BASE'.
Generating RTLIL representation for module `\PLLE2_ADV'.
Generating RTLIL representation for module `\PLLE2_BASE'.
Generating RTLIL representation for module `\MMCME3_ADV'.
Generating RTLIL representation for module `\MMCME3_BASE'.
Generating RTLIL representation for module `\PLLE3_ADV'.
Generating RTLIL representation for module `\PLLE3_BASE'.
Generating RTLIL representation for module `\MMCME4_ADV'.
Generating RTLIL representation for module `\MMCME4_BASE'.
Generating RTLIL representation for module `\PLLE4_ADV'.
Generating RTLIL representation for module `\PLLE4_BASE'.
Generating RTLIL representation for module `\BUFT'.
Generating RTLIL representation for module `\IN_FIFO'.
Generating RTLIL representation for module `\OUT_FIFO'.
Generating RTLIL representation for module `\HARD_SYNC'.
Generating RTLIL representation for module `\STARTUP_SPARTAN3'.
Generating RTLIL representation for module `\STARTUP_SPARTAN3E'.
Generating RTLIL representation for module `\STARTUP_SPARTAN3A'.
Generating RTLIL representation for module `\STARTUP_SPARTAN6'.
Generating RTLIL representation for module `\STARTUP_VIRTEX4'.
Generating RTLIL representation for module `\STARTUP_VIRTEX5'.
Generating RTLIL representation for module `\STARTUP_VIRTEX6'.
Generating RTLIL representation for module `\STARTUPE2'.
Generating RTLIL representation for module `\STARTUPE3'.
Generating RTLIL representation for module `\CAPTURE_SPARTAN3'.
Generating RTLIL representation for module `\CAPTURE_SPARTAN3A'.
Generating RTLIL representation for module `\CAPTURE_VIRTEX4'.
Generating RTLIL representation for module `\CAPTURE_VIRTEX5'.
Generating RTLIL representation for module `\CAPTURE_VIRTEX6'.
Generating RTLIL representation for module `\CAPTUREE2'.
Generating RTLIL representation for module `\ICAP_SPARTAN3A'.
Generating RTLIL representation for module `\ICAP_SPARTAN6'.
Generating RTLIL representation for module `\ICAP_VIRTEX4'.
Generating RTLIL representation for module `\ICAP_VIRTEX5'.
Generating RTLIL representation for module `\ICAP_VIRTEX6'.
Generating RTLIL representation for module `\ICAPE2'.
Generating RTLIL representation for module `\ICAPE3'.
Generating RTLIL representation for module `\BSCAN_SPARTAN3'.
Generating RTLIL representation for module `\BSCAN_SPARTAN3A'.
Generating RTLIL representation for module `\BSCAN_SPARTAN6'.
Generating RTLIL representation for module `\BSCAN_VIRTEX4'.
Generating RTLIL representation for module `\BSCAN_VIRTEX5'.
Generating RTLIL representation for module `\BSCAN_VIRTEX6'.
Generating RTLIL representation for module `\BSCANE2'.
Generating RTLIL representation for module `\DNA_PORT'.
Generating RTLIL representation for module `\DNA_PORTE2'.
Generating RTLIL representation for module `\FRAME_ECC_VIRTEX4'.
Generating RTLIL representation for module `\FRAME_ECC_VIRTEX5'.
Generating RTLIL representation for module `\FRAME_ECC_VIRTEX6'.
Generating RTLIL representation for module `\FRAME_ECCE2'.
Generating RTLIL representation for module `\FRAME_ECCE3'.
Generating RTLIL representation for module `\FRAME_ECCE4'.
Generating RTLIL representation for module `\USR_ACCESS_VIRTEX4'.
Generating RTLIL representation for module `\USR_ACCESS_VIRTEX5'.
Generating RTLIL representation for module `\USR_ACCESS_VIRTEX6'.
Generating RTLIL representation for module `\USR_ACCESSE2'.
Generating RTLIL representation for module `\POST_CRC_INTERNAL'.
Generating RTLIL representation for module `\SUSPEND_SYNC'.
Generating RTLIL representation for module `\KEY_CLEAR'.
Generating RTLIL representation for module `\MASTER_JTAG'.
Generating RTLIL representation for module `\SPI_ACCESS'.
Generating RTLIL representation for module `\EFUSE_USR'.
Generating RTLIL representation for module `\SYSMON'.
Generating RTLIL representation for module `\XADC'.
Generating RTLIL representation for module `\SYSMONE1'.
Generating RTLIL representation for module `\SYSMONE4'.
Generating RTLIL representation for module `\GTPA1_DUAL'.
Generating RTLIL representation for module `\GT11_CUSTOM'.
Generating RTLIL representation for module `\GT11_DUAL'.
Generating RTLIL representation for module `\GT11CLK'.
Generating RTLIL representation for module `\GT11CLK_MGT'.
Generating RTLIL representation for module `\GTP_DUAL'.
Generating RTLIL representation for module `\GTX_DUAL'.
Generating RTLIL representation for module `\CRC32'.
Generating RTLIL representation for module `\CRC64'.
Generating RTLIL representation for module `\GTHE1_QUAD'.
Generating RTLIL representation for module `\GTXE1'.
Generating RTLIL representation for module `\IBUFDS_GTXE1'.
Generating RTLIL representation for module `\IBUFDS_GTHE1'.
Generating RTLIL representation for module `\GTHE2_CHANNEL'.
Generating RTLIL representation for module `\GTHE2_COMMON'.
Generating RTLIL representation for module `\GTPE2_CHANNEL'.
Generating RTLIL representation for module `\GTPE2_COMMON'.
Generating RTLIL representation for module `\GTXE2_CHANNEL'.
Generating RTLIL representation for module `\GTXE2_COMMON'.
Generating RTLIL representation for module `\IBUFDS_GTE2'.
Generating RTLIL representation for module `\GTHE3_CHANNEL'.
Generating RTLIL representation for module `\GTHE3_COMMON'.
Generating RTLIL representation for module `\GTYE3_CHANNEL'.
Generating RTLIL representation for module `\GTYE3_COMMON'.
Generating RTLIL representation for module `\IBUFDS_GTE3'.
Generating RTLIL representation for module `\OBUFDS_GTE3'.
Generating RTLIL representation for module `\OBUFDS_GTE3_ADV'.
Generating RTLIL representation for module `\GTHE4_CHANNEL'.
Generating RTLIL representation for module `\GTHE4_COMMON'.
Generating RTLIL representation for module `\GTYE4_CHANNEL'.
Generating RTLIL representation for module `\GTYE4_COMMON'.
Generating RTLIL representation for module `\IBUFDS_GTE4'.
Generating RTLIL representation for module `\OBUFDS_GTE4'.
Generating RTLIL representation for module `\OBUFDS_GTE4_ADV'.
Generating RTLIL representation for module `\GTM_DUAL'.
Generating RTLIL representation for module `\IBUFDS_GTM'.
Generating RTLIL representation for module `\OBUFDS_GTM'.
Generating RTLIL representation for module `\OBUFDS_GTM_ADV'.
Generating RTLIL representation for module `\HSDAC'.
Generating RTLIL representation for module `\HSADC'.
Generating RTLIL representation for module `\RFDAC'.
Generating RTLIL representation for module `\RFADC'.
Generating RTLIL representation for module `\PCIE_A1'.
Generating RTLIL representation for module `\PCIE_EP'.
Generating RTLIL representation for module `\PCIE_2_0'.
Generating RTLIL representation for module `\PCIE_2_1'.
Generating RTLIL representation for module `\PCIE_3_0'.
Generating RTLIL representation for module `\PCIE_3_1'.
Generating RTLIL representation for module `\PCIE40E4'.
Generating RTLIL representation for module `\PCIE4CE4'.
Generating RTLIL representation for module `\EMAC'.
Generating RTLIL representation for module `\TEMAC'.
Generating RTLIL representation for module `\TEMAC_SINGLE'.
Generating RTLIL representation for module `\CMAC'.
Generating RTLIL representation for module `\CMACE4'.
Generating RTLIL representation for module `\MCB'.
Generating RTLIL representation for module `\HBM_REF_CLK'.
Generating RTLIL representation for module `\HBM_SNGLBLI_INTF_APB'.
Generating RTLIL representation for module `\HBM_SNGLBLI_INTF_AXI'.
Generating RTLIL representation for module `\HBM_ONE_STACK_INTF'.
Generating RTLIL representation for module `\HBM_TWO_STACK_INTF'.
Generating RTLIL representation for module `\PPC405_ADV'.
Generating RTLIL representation for module `\PPC440'.
Generating RTLIL representation for module `\PS7'.
Generating RTLIL representation for module `\PS8'.
Generating RTLIL representation for module `\ILKN'.
Generating RTLIL representation for module `\ILKNE4'.
Generating RTLIL representation for module `\VCU'.
Generating RTLIL representation for module `\FE'.
Successfully finished Verilog frontend.

6. Executing Verilog-2005 frontend: /home/cl4/opt/f4pga/xc7/share/f4pga/techmaps/xc7_vpr/techmap/iobs.v
Parsing Verilog input from `/home/cl4/opt/f4pga/xc7/share/f4pga/techmaps/xc7_vpr/techmap/iobs.v' to AST representation.
Replacing existing blackbox module `\IBUF' at /home/cl4/opt/f4pga/xc7/share/f4pga/techmaps/xc7_vpr/techmap/iobs.v:1.1-17.10.
Generating RTLIL representation for module `\IBUF'.
Replacing existing blackbox module `\OBUF' at /home/cl4/opt/f4pga/xc7/share/f4pga/techmaps/xc7_vpr/techmap/iobs.v:19.1-35.10.
Generating RTLIL representation for module `\OBUF'.
Generating RTLIL representation for module `\SYN_OBUF'.
Generating RTLIL representation for module `\SYN_IBUF'.
Replacing existing blackbox module `\OBUFDS' at /home/cl4/opt/f4pga/xc7/share/f4pga/techmaps/xc7_vpr/techmap/iobs.v:51.1-68.10.
Generating RTLIL representation for module `\OBUFDS'.
Replacing existing blackbox module `\OBUFTDS' at /home/cl4/opt/f4pga/xc7/share/f4pga/techmaps/xc7_vpr/techmap/iobs.v:70.1-88.10.
Generating RTLIL representation for module `\OBUFTDS'.
Replacing existing blackbox module `\IOBUF' at /home/cl4/opt/f4pga/xc7/share/f4pga/techmaps/xc7_vpr/techmap/iobs.v:90.1-112.10.
Generating RTLIL representation for module `\IOBUF'.
Replacing existing blackbox module `\OBUFT' at /home/cl4/opt/f4pga/xc7/share/f4pga/techmaps/xc7_vpr/techmap/iobs.v:114.1-129.10.
Generating RTLIL representation for module `\OBUFT'.
Replacing existing blackbox module `\IOBUFDS' at /home/cl4/opt/f4pga/xc7/share/f4pga/techmaps/xc7_vpr/techmap/iobs.v:131.1-145.10.
Generating RTLIL representation for module `\IOBUFDS'.
Replacing existing blackbox module `\IBUFDS_GTE2' at /home/cl4/opt/f4pga/xc7/share/f4pga/techmaps/xc7_vpr/techmap/iobs.v:147.1-157.10.
Generating RTLIL representation for module `\IBUFDS_GTE2'.
Replacing existing blackbox module `\GTPE2_CHANNEL' at /home/cl4/opt/f4pga/xc7/share/f4pga/techmaps/xc7_vpr/techmap/iobs.v:159.1-646.10.
Generating RTLIL representation for module `\GTPE2_CHANNEL'.
Successfully finished Verilog frontend.

7. Executing Verilog-2005 frontend: /home/cl4/opt/f4pga/xc7/share/f4pga/techmaps/xc7_vpr/techmap/retarget.v
Parsing Verilog input from `/home/cl4/opt/f4pga/xc7/share/f4pga/techmaps/xc7_vpr/techmap/retarget.v' to AST representation.
Generating RTLIL representation for module `\FD'.
Successfully finished Verilog frontend.

8. Executing HIERARCHY pass (managing design hierarchy).

9. Executing AST frontend in derive mode using pre-parsed AST for module `\top'.
Generating RTLIL representation for module `\top'.

9.1. Analyzing design hierarchy..
Top module:  \top

9.2. Executing AST frontend in derive mode using pre-parsed AST for module `\slave'.
Generating RTLIL representation for module `\slave'.

9.3. Executing AST frontend in derive mode using pre-parsed AST for module `\master'.
Generating RTLIL representation for module `\master'.

9.4. Analyzing design hierarchy..
Top module:  \top
Used module:     \slave
Used module:     \master

9.5. Analyzing design hierarchy..
Top module:  \top
Used module:     \slave
Used module:     \master
Removing unused module `$abstract\top'.
Removing unused module `$abstract\slave'.
Removing unused module `$abstract\master'.
Removed 3 unused modules.

10. Executing SYNTH_XILINX pass.

10.1. Executing PROC pass (convert processes to netlists).

10.1.1. Executing PROC_CLEAN pass (remove empty switches from decision trees).
Cleaned up 0 empty switches.

10.1.2. Executing PROC_RMDEAD pass (remove dead branches from decision trees).
Marked 1 switch rules as full_case in process $proc$/home/cl4/opt/f4pga/xc7/conda/envs/xc7/bin/../share/yosys/xilinx/cells_sim.v:1986$1099 in module RAM64M.
Marked 1 switch rules as full_case in process $proc$/home/cl4/opt/f4pga/xc7/conda/envs/xc7/bin/../share/yosys/xilinx/cells_sim.v:1812$927 in module RAM32M.
Marked 1 switch rules as full_case in process $proc$/home/cl4/opt/f4pga/xc7/conda/envs/xc7/bin/../share/yosys/xilinx/cells_sim.v:1716$857 in module RAM128X1D.
Marked 1 switch rules as full_case in process $proc$/home/cl4/opt/f4pga/xc7/conda/envs/xc7/bin/../share/yosys/xilinx/cells_sim.v:1611$809 in module RAM64X1D.
Marked 1 switch rules as full_case in process $proc$/home/cl4/opt/f4pga/xc7/conda/envs/xc7/bin/../share/yosys/xilinx/cells_sim.v:1565$782 in module RAM32X1D_1.
Marked 1 switch rules as full_case in process $proc$/home/cl4/opt/f4pga/xc7/conda/envs/xc7/bin/../share/yosys/xilinx/cells_sim.v:1506$743 in module RAM32X1D.
Marked 1 switch rules as full_case in process $proc$/home/cl4/opt/f4pga/xc7/conda/envs/xc7/bin/../share/yosys/xilinx/cells_sim.v:815$606 in module FDPE_1.
Marked 1 switch rules as full_case in process $proc$/home/cl4/opt/f4pga/xc7/conda/envs/xc7/bin/../share/yosys/xilinx/cells_sim.v:774$603 in module FDPE.
Marked 1 switch rules as full_case in process $proc$/home/cl4/opt/f4pga/xc7/conda/envs/xc7/bin/../share/yosys/xilinx/cells_sim.v:736$588 in module FDCE_1.
Marked 1 switch rules as full_case in process $proc$/home/cl4/opt/f4pga/xc7/conda/envs/xc7/bin/../share/yosys/xilinx/cells_sim.v:695$585 in module FDCE.
Marked 1 switch rules as full_case in process $proc$/home/cl4/opt/f4pga/xc7/conda/envs/xc7/bin/../share/yosys/xilinx/cells_sim.v:592$570 in module FDSE_1.
Marked 1 switch rules as full_case in process $proc$/home/cl4/opt/f4pga/xc7/conda/envs/xc7/bin/../share/yosys/xilinx/cells_sim.v:559$566 in module FDSE.
Marked 1 switch rules as full_case in process $proc$/home/cl4/opt/f4pga/xc7/conda/envs/xc7/bin/../share/yosys/xilinx/cells_sim.v:527$548 in module FDRE_1.
Marked 1 switch rules as full_case in process $proc$/home/cl4/opt/f4pga/xc7/conda/envs/xc7/bin/../share/yosys/xilinx/cells_sim.v:494$544 in module FDRE.
Marked 1 switch rules as full_case in process $proc$/home/cl4/f4pga-examples/xc7/handshake/master.v:72$1377 in module master.
Marked 3 switch rules as full_case in process $proc$/home/cl4/f4pga-examples/xc7/handshake/master.v:35$1376 in module master.
Marked 1 switch rules as full_case in process $proc$/home/cl4/f4pga-examples/xc7/handshake/master.v:25$1375 in module master.
Marked 1 switch rules as full_case in process $proc$/home/cl4/f4pga-examples/xc7/handshake/slave.v:75$1374 in module slave.
Marked 2 switch rules as full_case in process $proc$/home/cl4/f4pga-examples/xc7/handshake/slave.v:60$1362 in module slave.
Marked 3 switch rules as full_case in process $proc$/home/cl4/f4pga-examples/xc7/handshake/slave.v:33$1361 in module slave.
Marked 1 switch rules as full_case in process $proc$/home/cl4/f4pga-examples/xc7/handshake/slave.v:25$1360 in module slave.
Removed a total of 0 dead cases.

10.1.3. Executing PROC_PRUNE pass (remove redundant assignments in processes).
Removed 2 redundant assignments.
Promoted 99 assignments to connections.

10.1.4. Executing PROC_INIT pass (extract init attributes).
Found init rule in `\SRLC32E.$proc$/home/cl4/opt/f4pga/xc7/conda/envs/xc7/bin/../share/yosys/xilinx/cells_sim.v:2405$1304'.
  Set init value: \r = 0
Found init rule in `\SRLC16E.$proc$/home/cl4/opt/f4pga/xc7/conda/envs/xc7/bin/../share/yosys/xilinx/cells_sim.v:2361$1297'.
  Set init value: \r = 16'0000000000000000
Found init rule in `\SRLC16.$proc$/home/cl4/opt/f4pga/xc7/conda/envs/xc7/bin/../share/yosys/xilinx/cells_sim.v:2329$1290'.
  Set init value: \r = 16'0000000000000000
Found init rule in `\SRL16E.$proc$/home/cl4/opt/f4pga/xc7/conda/envs/xc7/bin/../share/yosys/xilinx/cells_sim.v:2292$1287'.
  Set init value: \r = 16'0000000000000000
Found init rule in `\SRL16.$proc$/home/cl4/opt/f4pga/xc7/conda/envs/xc7/bin/../share/yosys/xilinx/cells_sim.v:2264$1280'.
  Set init value: \r = 16'0000000000000000
Found init rule in `\RAM64M.$proc$/home/cl4/opt/f4pga/xc7/conda/envs/xc7/bin/../share/yosys/xilinx/cells_sim.v:1980$1205'.
  Set init value: \mem_d = 64'0000000000000000000000000000000000000000000000000000000000000000
Found init rule in `\RAM64M.$proc$/home/cl4/opt/f4pga/xc7/conda/envs/xc7/bin/../share/yosys/xilinx/cells_sim.v:1979$1204'.
  Set init value: \mem_c = 64'0000000000000000000000000000000000000000000000000000000000000000
Found init rule in `\RAM64M.$proc$/home/cl4/opt/f4pga/xc7/conda/envs/xc7/bin/../share/yosys/xilinx/cells_sim.v:1978$1203'.
  Set init value: \mem_b = 64'0000000000000000000000000000000000000000000000000000000000000000
Found init rule in `\RAM64M.$proc$/home/cl4/opt/f4pga/xc7/conda/envs/xc7/bin/../share/yosys/xilinx/cells_sim.v:1977$1202'.
  Set init value: \mem_a = 64'0000000000000000000000000000000000000000000000000000000000000000
Found init rule in `\RAM32M.$proc$/home/cl4/opt/f4pga/xc7/conda/envs/xc7/bin/../share/yosys/xilinx/cells_sim.v:1806$1053'.
  Set init value: \mem_d = 64'0000000000000000000000000000000000000000000000000000000000000000
Found init rule in `\RAM32M.$proc$/home/cl4/opt/f4pga/xc7/conda/envs/xc7/bin/../share/yosys/xilinx/cells_sim.v:1805$1052'.
  Set init value: \mem_c = 64'0000000000000000000000000000000000000000000000000000000000000000
Found init rule in `\RAM32M.$proc$/home/cl4/opt/f4pga/xc7/conda/envs/xc7/bin/../share/yosys/xilinx/cells_sim.v:1804$1051'.
  Set init value: \mem_b = 64'0000000000000000000000000000000000000000000000000000000000000000
Found init rule in `\RAM32M.$proc$/home/cl4/opt/f4pga/xc7/conda/envs/xc7/bin/../share/yosys/xilinx/cells_sim.v:1803$1050'.
  Set init value: \mem_a = 64'0000000000000000000000000000000000000000000000000000000000000000
Found init rule in `\RAM128X1D.$proc$/home/cl4/opt/f4pga/xc7/conda/envs/xc7/bin/../share/yosys/xilinx/cells_sim.v:1712$894'.
  Set init value: \mem = 128'00000000000000000000000000000000000000000000000000000000000000000000000000000000000000000000000000000000000000000000000000000000
Found init rule in `\RAM64X1D.$proc$/home/cl4/opt/f4pga/xc7/conda/envs/xc7/bin/../share/yosys/xilinx/cells_sim.v:1607$846'.
  Set init value: \mem = 64'0000000000000000000000000000000000000000000000000000000000000000
Found init rule in `\RAM32X1D_1.$proc$/home/cl4/opt/f4pga/xc7/conda/envs/xc7/bin/../share/yosys/xilinx/cells_sim.v:1561$801'.
  Set init value: \mem = 0
Found init rule in `\RAM32X1D.$proc$/home/cl4/opt/f4pga/xc7/conda/envs/xc7/bin/../share/yosys/xilinx/cells_sim.v:1502$774'.
  Set init value: \mem = 0
Found init rule in `\FDPE_1.$proc$/home/cl4/opt/f4pga/xc7/conda/envs/xc7/bin/../share/yosys/xilinx/cells_sim.v:0$609'.
  Set init value: \Q = 1'1
Found init rule in `\FDPE.$proc$/home/cl4/opt/f4pga/xc7/conda/envs/xc7/bin/../share/yosys/xilinx/cells_sim.v:0$605'.
  Set init value: \Q = 1'1
Found init rule in `\FDCE_1.$proc$/home/cl4/opt/f4pga/xc7/conda/envs/xc7/bin/../share/yosys/xilinx/cells_sim.v:0$591'.
  Set init value: \Q = 1'0
Found init rule in `\FDCE.$proc$/home/cl4/opt/f4pga/xc7/conda/envs/xc7/bin/../share/yosys/xilinx/cells_sim.v:0$587'.
  Set init value: \Q = 1'0
Found init rule in `\FDSE_1.$proc$/home/cl4/opt/f4pga/xc7/conda/envs/xc7/bin/../share/yosys/xilinx/cells_sim.v:0$573'.
  Set init value: \Q = 1'1
Found init rule in `\FDSE.$proc$/home/cl4/opt/f4pga/xc7/conda/envs/xc7/bin/../share/yosys/xilinx/cells_sim.v:0$569'.
  Set init value: \Q = 1'1
Found init rule in `\FDRE_1.$proc$/home/cl4/opt/f4pga/xc7/conda/envs/xc7/bin/../share/yosys/xilinx/cells_sim.v:0$551'.
  Set init value: \Q = 1'0
Found init rule in `\FDRE.$proc$/home/cl4/opt/f4pga/xc7/conda/envs/xc7/bin/../share/yosys/xilinx/cells_sim.v:0$547'.
  Set init value: \Q = 1'0

10.1.5. Executing PROC_ARST pass (detect async resets in processes).
Found async reset \PRE in `\FDPE_1.$proc$/home/cl4/opt/f4pga/xc7/conda/envs/xc7/bin/../share/yosys/xilinx/cells_sim.v:815$606'.
Found async reset \PRE in `\FDPE.$proc$/home/cl4/opt/f4pga/xc7/conda/envs/xc7/bin/../share/yosys/xilinx/cells_sim.v:774$603'.
Found async reset \CLR in `\FDCE_1.$proc$/home/cl4/opt/f4pga/xc7/conda/envs/xc7/bin/../share/yosys/xilinx/cells_sim.v:736$588'.
Found async reset \CLR in `\FDCE.$proc$/home/cl4/opt/f4pga/xc7/conda/envs/xc7/bin/../share/yosys/xilinx/cells_sim.v:695$585'.
Found async reset \rst in `\master.$proc$/home/cl4/f4pga-examples/xc7/handshake/master.v:25$1375'.
Found async reset \rst in `\slave.$proc$/home/cl4/f4pga-examples/xc7/handshake/slave.v:25$1360'.

10.1.6. Executing PROC_ROM pass (convert switches to ROMs).
Converted 0 switches.

10.1.7. Executing PROC_MUX pass (convert decision trees to multiplexers).
Creating decoders for process `\SRLC32E.$proc$/home/cl4/opt/f4pga/xc7/conda/envs/xc7/bin/../share/yosys/xilinx/cells_sim.v:2405$1304'.
Creating decoders for process `\SRLC32E.$proc$/home/cl4/opt/f4pga/xc7/conda/envs/xc7/bin/../share/yosys/xilinx/cells_sim.v:2413$1303'.
     1/1: $0\r[31:0]
Creating decoders for process `\SRLC16E.$proc$/home/cl4/opt/f4pga/xc7/conda/envs/xc7/bin/../share/yosys/xilinx/cells_sim.v:2361$1297'.
Creating decoders for process `\SRLC16E.$proc$/home/cl4/opt/f4pga/xc7/conda/envs/xc7/bin/../share/yosys/xilinx/cells_sim.v:2369$1296'.
     1/1: $0\r[15:0]
Creating decoders for process `\SRLC16.$proc$/home/cl4/opt/f4pga/xc7/conda/envs/xc7/bin/../share/yosys/xilinx/cells_sim.v:2329$1290'.
Creating decoders for process `\SRLC16.$proc$/home/cl4/opt/f4pga/xc7/conda/envs/xc7/bin/../share/yosys/xilinx/cells_sim.v:2332$1289'.
Creating decoders for process `\SRL16E.$proc$/home/cl4/opt/f4pga/xc7/conda/envs/xc7/bin/../share/yosys/xilinx/cells_sim.v:2292$1287'.
Creating decoders for process `\SRL16E.$proc$/home/cl4/opt/f4pga/xc7/conda/envs/xc7/bin/../share/yosys/xilinx/cells_sim.v:2299$1286'.
     1/1: $0\r[15:0]
Creating decoders for process `\SRL16.$proc$/home/cl4/opt/f4pga/xc7/conda/envs/xc7/bin/../share/yosys/xilinx/cells_sim.v:2264$1280'.
Creating decoders for process `\SRL16.$proc$/home/cl4/opt/f4pga/xc7/conda/envs/xc7/bin/../share/yosys/xilinx/cells_sim.v:2266$1279'.
Creating decoders for process `\RAM64M.$proc$/home/cl4/opt/f4pga/xc7/conda/envs/xc7/bin/../share/yosys/xilinx/cells_sim.v:1980$1205'.
Creating decoders for process `\RAM64M.$proc$/home/cl4/opt/f4pga/xc7/conda/envs/xc7/bin/../share/yosys/xilinx/cells_sim.v:1979$1204'.
Creating decoders for process `\RAM64M.$proc$/home/cl4/opt/f4pga/xc7/conda/envs/xc7/bin/../share/yosys/xilinx/cells_sim.v:1978$1203'.
Creating decoders for process `\RAM64M.$proc$/home/cl4/opt/f4pga/xc7/conda/envs/xc7/bin/../share/yosys/xilinx/cells_sim.v:1977$1202'.
Creating decoders for process `\RAM64M.$proc$/home/cl4/opt/f4pga/xc7/conda/envs/xc7/bin/../share/yosys/xilinx/cells_sim.v:1986$1099'.
     1/16: $1$lookahead\mem_d$1098[63:0]$1131
     2/16: $1$bitselwrite$data$/home/cl4/opt/f4pga/xc7/conda/envs/xc7/bin/../share/yosys/xilinx/cells_sim.v:1991$1088[63:0]$1126
     3/16: $1$bitselwrite$mask$/home/cl4/opt/f4pga/xc7/conda/envs/xc7/bin/../share/yosys/xilinx/cells_sim.v:1991$1087[63:0]$1125
     4/16: $1$bitselwrite$sel$/home/cl4/opt/f4pga/xc7/conda/envs/xc7/bin/../share/yosys/xilinx/cells_sim.v:1991$1089[5:0]$1127
     5/16: $1$lookahead\mem_c$1097[63:0]$1130
     6/16: $1$bitselwrite$data$/home/cl4/opt/f4pga/xc7/conda/envs/xc7/bin/../share/yosys/xilinx/cells_sim.v:1990$1085[63:0]$1123
     7/16: $1$bitselwrite$mask$/home/cl4/opt/f4pga/xc7/conda/envs/xc7/bin/../share/yosys/xilinx/cells_sim.v:1990$1084[63:0]$1122
     8/16: $1$bitselwrite$sel$/home/cl4/opt/f4pga/xc7/conda/envs/xc7/bin/../share/yosys/xilinx/cells_sim.v:1990$1086[5:0]$1124
     9/16: $1$lookahead\mem_b$1096[63:0]$1129
    10/16: $1$bitselwrite$data$/home/cl4/opt/f4pga/xc7/conda/envs/xc7/bin/../share/yosys/xilinx/cells_sim.v:1989$1082[63:0]$1120
    11/16: $1$bitselwrite$mask$/home/cl4/opt/f4pga/xc7/conda/envs/xc7/bin/../share/yosys/xilinx/cells_sim.v:1989$1081[63:0]$1119
    12/16: $1$bitselwrite$sel$/home/cl4/opt/f4pga/xc7/conda/envs/xc7/bin/../share/yosys/xilinx/cells_sim.v:1989$1083[5:0]$1121
    13/16: $1$lookahead\mem_a$1095[63:0]$1128
    14/16: $1$bitselwrite$data$/home/cl4/opt/f4pga/xc7/conda/envs/xc7/bin/../share/yosys/xilinx/cells_sim.v:1988$1079[63:0]$1117
    15/16: $1$bitselwrite$mask$/home/cl4/opt/f4pga/xc7/conda/envs/xc7/bin/../share/yosys/xilinx/cells_sim.v:1988$1078[63:0]$1116
    16/16: $1$bitselwrite$sel$/home/cl4/opt/f4pga/xc7/conda/envs/xc7/bin/../share/yosys/xilinx/cells_sim.v:1988$1080[5:0]$1118
Creating decoders for process `\RAM32M.$proc$/home/cl4/opt/f4pga/xc7/conda/envs/xc7/bin/../share/yosys/xilinx/cells_sim.v:1806$1053'.
Creating decoders for process `\RAM32M.$proc$/home/cl4/opt/f4pga/xc7/conda/envs/xc7/bin/../share/yosys/xilinx/cells_sim.v:1805$1052'.
Creating decoders for process `\RAM32M.$proc$/home/cl4/opt/f4pga/xc7/conda/envs/xc7/bin/../share/yosys/xilinx/cells_sim.v:1804$1051'.
Creating decoders for process `\RAM32M.$proc$/home/cl4/opt/f4pga/xc7/conda/envs/xc7/bin/../share/yosys/xilinx/cells_sim.v:1803$1050'.
Creating decoders for process `\RAM32M.$proc$/home/cl4/opt/f4pga/xc7/conda/envs/xc7/bin/../share/yosys/xilinx/cells_sim.v:1812$927'.
     1/16: $1$lookahead\mem_d$926[63:0]$959
     2/16: $1$bitselwrite$data$/home/cl4/opt/f4pga/xc7/conda/envs/xc7/bin/../share/yosys/xilinx/cells_sim.v:1817$908[63:0]$954
     3/16: $1$bitselwrite$mask$/home/cl4/opt/f4pga/xc7/conda/envs/xc7/bin/../share/yosys/xilinx/cells_sim.v:1817$907[63:0]$953
     4/16: $1$bitselwrite$sel$/home/cl4/opt/f4pga/xc7/conda/envs/xc7/bin/../share/yosys/xilinx/cells_sim.v:1817$909[31:0]$955
     5/16: $1$lookahead\mem_c$925[63:0]$958
     6/16: $1$bitselwrite$data$/home/cl4/opt/f4pga/xc7/conda/envs/xc7/bin/../share/yosys/xilinx/cells_sim.v:1816$905[63:0]$951
     7/16: $1$bitselwrite$mask$/home/cl4/opt/f4pga/xc7/conda/envs/xc7/bin/../share/yosys/xilinx/cells_sim.v:1816$904[63:0]$950
     8/16: $1$bitselwrite$sel$/home/cl4/opt/f4pga/xc7/conda/envs/xc7/bin/../share/yosys/xilinx/cells_sim.v:1816$906[31:0]$952
     9/16: $1$lookahead\mem_b$924[63:0]$957
    10/16: $1$bitselwrite$data$/home/cl4/opt/f4pga/xc7/conda/envs/xc7/bin/../share/yosys/xilinx/cells_sim.v:1815$902[63:0]$948
    11/16: $1$bitselwrite$mask$/home/cl4/opt/f4pga/xc7/conda/envs/xc7/bin/../share/yosys/xilinx/cells_sim.v:1815$901[63:0]$947
    12/16: $1$bitselwrite$sel$/home/cl4/opt/f4pga/xc7/conda/envs/xc7/bin/../share/yosys/xilinx/cells_sim.v:1815$903[31:0]$949
    13/16: $1$lookahead\mem_a$923[63:0]$956
    14/16: $1$bitselwrite$data$/home/cl4/opt/f4pga/xc7/conda/envs/xc7/bin/../share/yosys/xilinx/cells_sim.v:1814$899[63:0]$945
    15/16: $1$bitselwrite$mask$/home/cl4/opt/f4pga/xc7/conda/envs/xc7/bin/../share/yosys/xilinx/cells_sim.v:1814$898[63:0]$944
    16/16: $1$bitselwrite$sel$/home/cl4/opt/f4pga/xc7/conda/envs/xc7/bin/../share/yosys/xilinx/cells_sim.v:1814$900[31:0]$946
Creating decoders for process `\RAM128X1D.$proc$/home/cl4/opt/f4pga/xc7/conda/envs/xc7/bin/../share/yosys/xilinx/cells_sim.v:1712$894'.
Creating decoders for process `\RAM128X1D.$proc$/home/cl4/opt/f4pga/xc7/conda/envs/xc7/bin/../share/yosys/xilinx/cells_sim.v:1716$857'.
     1/4: $1$lookahead\mem$856[127:0]$865
     2/4: $1$bitselwrite$data$/home/cl4/opt/f4pga/xc7/conda/envs/xc7/bin/../share/yosys/xilinx/cells_sim.v:1716$851[127:0]$863
     3/4: $1$bitselwrite$mask$/home/cl4/opt/f4pga/xc7/conda/envs/xc7/bin/../share/yosys/xilinx/cells_sim.v:1716$850[127:0]$862
     4/4: $1$bitselwrite$sel$/home/cl4/opt/f4pga/xc7/conda/envs/xc7/bin/../share/yosys/xilinx/cells_sim.v:1716$852[6:0]$864
Creating decoders for process `\RAM64X1D.$proc$/home/cl4/opt/f4pga/xc7/conda/envs/xc7/bin/../share/yosys/xilinx/cells_sim.v:1607$846'.
Creating decoders for process `\RAM64X1D.$proc$/home/cl4/opt/f4pga/xc7/conda/envs/xc7/bin/../share/yosys/xilinx/cells_sim.v:1611$809'.
     1/4: $1$lookahead\mem$808[63:0]$817
     2/4: $1$bitselwrite$data$/home/cl4/opt/f4pga/xc7/conda/envs/xc7/bin/../share/yosys/xilinx/cells_sim.v:1611$803[63:0]$815
     3/4: $1$bitselwrite$mask$/home/cl4/opt/f4pga/xc7/conda/envs/xc7/bin/../share/yosys/xilinx/cells_sim.v:1611$802[63:0]$814
     4/4: $1$bitselwrite$sel$/home/cl4/opt/f4pga/xc7/conda/envs/xc7/bin/../share/yosys/xilinx/cells_sim.v:1611$804[5:0]$816
Creating decoders for process `\RAM32X1D_1.$proc$/home/cl4/opt/f4pga/xc7/conda/envs/xc7/bin/../share/yosys/xilinx/cells_sim.v:1561$801'.
Creating decoders for process `\RAM32X1D_1.$proc$/home/cl4/opt/f4pga/xc7/conda/envs/xc7/bin/../share/yosys/xilinx/cells_sim.v:1565$782'.
     1/4: $1$lookahead\mem$781[31:0]$790
     2/4: $1$bitselwrite$data$/home/cl4/opt/f4pga/xc7/conda/envs/xc7/bin/../share/yosys/xilinx/cells_sim.v:1565$776[31:0]$788
     3/4: $1$bitselwrite$mask$/home/cl4/opt/f4pga/xc7/conda/envs/xc7/bin/../share/yosys/xilinx/cells_sim.v:1565$775[31:0]$787
     4/4: $1$bitselwrite$sel$/home/cl4/opt/f4pga/xc7/conda/envs/xc7/bin/../share/yosys/xilinx/cells_sim.v:1565$777[4:0]$789
Creating decoders for process `\RAM32X1D.$proc$/home/cl4/opt/f4pga/xc7/conda/envs/xc7/bin/../share/yosys/xilinx/cells_sim.v:1502$774'.
Creating decoders for process `\RAM32X1D.$proc$/home/cl4/opt/f4pga/xc7/conda/envs/xc7/bin/../share/yosys/xilinx/cells_sim.v:1506$743'.
     1/4: $1$lookahead\mem$742[31:0]$751
     2/4: $1$bitselwrite$data$/home/cl4/opt/f4pga/xc7/conda/envs/xc7/bin/../share/yosys/xilinx/cells_sim.v:1506$737[31:0]$749
     3/4: $1$bitselwrite$mask$/home/cl4/opt/f4pga/xc7/conda/envs/xc7/bin/../share/yosys/xilinx/cells_sim.v:1506$736[31:0]$748
     4/4: $1$bitselwrite$sel$/home/cl4/opt/f4pga/xc7/conda/envs/xc7/bin/../share/yosys/xilinx/cells_sim.v:1506$738[4:0]$750
Creating decoders for process `\FDPE_1.$proc$/home/cl4/opt/f4pga/xc7/conda/envs/xc7/bin/../share/yosys/xilinx/cells_sim.v:0$609'.
Creating decoders for process `\FDPE_1.$proc$/home/cl4/opt/f4pga/xc7/conda/envs/xc7/bin/../share/yosys/xilinx/cells_sim.v:815$606'.
     1/1: $0\Q[0:0]
Creating decoders for process `\FDPE.$proc$/home/cl4/opt/f4pga/xc7/conda/envs/xc7/bin/../share/yosys/xilinx/cells_sim.v:0$605'.
Creating decoders for process `\FDPE.$proc$/home/cl4/opt/f4pga/xc7/conda/envs/xc7/bin/../share/yosys/xilinx/cells_sim.v:774$603'.
     1/1: $0\Q[0:0]
Creating decoders for process `\FDCE_1.$proc$/home/cl4/opt/f4pga/xc7/conda/envs/xc7/bin/../share/yosys/xilinx/cells_sim.v:0$591'.
Creating decoders for process `\FDCE_1.$proc$/home/cl4/opt/f4pga/xc7/conda/envs/xc7/bin/../share/yosys/xilinx/cells_sim.v:736$588'.
     1/1: $0\Q[0:0]
Creating decoders for process `\FDCE.$proc$/home/cl4/opt/f4pga/xc7/conda/envs/xc7/bin/../share/yosys/xilinx/cells_sim.v:0$587'.
Creating decoders for process `\FDCE.$proc$/home/cl4/opt/f4pga/xc7/conda/envs/xc7/bin/../share/yosys/xilinx/cells_sim.v:695$585'.
     1/1: $0\Q[0:0]
Creating decoders for process `\FDSE_1.$proc$/home/cl4/opt/f4pga/xc7/conda/envs/xc7/bin/../share/yosys/xilinx/cells_sim.v:0$573'.
Creating decoders for process `\FDSE_1.$proc$/home/cl4/opt/f4pga/xc7/conda/envs/xc7/bin/../share/yosys/xilinx/cells_sim.v:592$570'.
     1/1: $0\Q[0:0]
Creating decoders for process `\FDSE.$proc$/home/cl4/opt/f4pga/xc7/conda/envs/xc7/bin/../share/yosys/xilinx/cells_sim.v:0$569'.
Creating decoders for process `\FDSE.$proc$/home/cl4/opt/f4pga/xc7/conda/envs/xc7/bin/../share/yosys/xilinx/cells_sim.v:559$566'.
     1/1: $0\Q[0:0]
Creating decoders for process `\FDRE_1.$proc$/home/cl4/opt/f4pga/xc7/conda/envs/xc7/bin/../share/yosys/xilinx/cells_sim.v:0$551'.
Creating decoders for process `\FDRE_1.$proc$/home/cl4/opt/f4pga/xc7/conda/envs/xc7/bin/../share/yosys/xilinx/cells_sim.v:527$548'.
     1/1: $0\Q[0:0]
Creating decoders for process `\FDRE.$proc$/home/cl4/opt/f4pga/xc7/conda/envs/xc7/bin/../share/yosys/xilinx/cells_sim.v:0$547'.
Creating decoders for process `\FDRE.$proc$/home/cl4/opt/f4pga/xc7/conda/envs/xc7/bin/../share/yosys/xilinx/cells_sim.v:494$544'.
     1/1: $0\Q[0:0]
Creating decoders for process `\master.$proc$/home/cl4/f4pga-examples/xc7/handshake/master.v:72$1377'.
     1/4: $1\valid[0:0]
     2/4: $1\datain[7:0]
     3/4: $1\addr[1:0]
     4/4: $1\rw[0:0]
Creating decoders for process `\master.$proc$/home/cl4/f4pga-examples/xc7/handshake/master.v:35$1376'.
     1/3: $3\next_state[1:0]
     2/3: $2\next_state[1:0]
     3/3: $1\next_state[1:0]
Creating decoders for process `\master.$proc$/home/cl4/f4pga-examples/xc7/handshake/master.v:25$1375'.
     1/1: $0\state[1:0]
Creating decoders for process `\slave.$proc$/home/cl4/f4pga-examples/xc7/handshake/slave.v:75$1374'.
     1/1: $1\ready[0:0]
Creating decoders for process `\slave.$proc$/home/cl4/f4pga-examples/xc7/handshake/slave.v:60$1362'.
     1/7: $2$memwr$\mem$/home/cl4/f4pga-examples/xc7/handshake/slave.v:67$1359_EN[7:0]$1372
     2/7: $2$memwr$\mem$/home/cl4/f4pga-examples/xc7/handshake/slave.v:67$1359_DATA[7:0]$1371
     3/7: $2$memwr$\mem$/home/cl4/f4pga-examples/xc7/handshake/slave.v:67$1359_ADDR[1:0]$1370
     4/7: $1$memwr$\mem$/home/cl4/f4pga-examples/xc7/handshake/slave.v:67$1359_EN[7:0]$1369
     5/7: $1$memwr$\mem$/home/cl4/f4pga-examples/xc7/handshake/slave.v:67$1359_DATA[7:0]$1368
     6/7: $1$memwr$\mem$/home/cl4/f4pga-examples/xc7/handshake/slave.v:67$1359_ADDR[1:0]$1367
     7/7: $0\dataout[7:0]
Creating decoders for process `\slave.$proc$/home/cl4/f4pga-examples/xc7/handshake/slave.v:33$1361'.
     1/3: $3\next_state[1:0]
     2/3: $2\next_state[1:0]
     3/3: $1\next_state[1:0]
Creating decoders for process `\slave.$proc$/home/cl4/f4pga-examples/xc7/handshake/slave.v:25$1360'.
     1/1: $0\state[1:0]
Creating decoders for process `\top.$proc$/home/cl4/f4pga-examples/xc7/handshake/top.v:16$1358'.
Creating decoders for process `\top.$proc$/home/cl4/f4pga-examples/xc7/handshake/top.v:15$1357'.

10.1.8. Executing PROC_DLATCH pass (convert process syncs to latches).
No latch inferred for signal `\master.\rw' from process `\master.$proc$/home/cl4/f4pga-examples/xc7/handshake/master.v:72$1377'.
No latch inferred for signal `\master.\valid' from process `\master.$proc$/home/cl4/f4pga-examples/xc7/handshake/master.v:72$1377'.
No latch inferred for signal `\master.\addr' from process `\master.$proc$/home/cl4/f4pga-examples/xc7/handshake/master.v:72$1377'.
No latch inferred for signal `\master.\datain' from process `\master.$proc$/home/cl4/f4pga-examples/xc7/handshake/master.v:72$1377'.
No latch inferred for signal `\master.\next_state' from process `\master.$proc$/home/cl4/f4pga-examples/xc7/handshake/master.v:35$1376'.
No latch inferred for signal `\slave.\ready' from process `\slave.$proc$/home/cl4/f4pga-examples/xc7/handshake/slave.v:75$1374'.
No latch inferred for signal `\slave.\next_state' from process `\slave.$proc$/home/cl4/f4pga-examples/xc7/handshake/slave.v:33$1361'.
No latch inferred for signal `\top.\datain' from process `\top.$proc$/home/cl4/f4pga-examples/xc7/handshake/top.v:16$1358'.
No latch inferred for signal `\top.\addr' from process `\top.$proc$/home/cl4/f4pga-examples/xc7/handshake/top.v:15$1357'.

10.1.9. Executing PROC_DFF pass (convert process syncs to FFs).
Creating register for signal `\SRLC32E.\r' using process `\SRLC32E.$proc$/home/cl4/opt/f4pga/xc7/conda/envs/xc7/bin/../share/yosys/xilinx/cells_sim.v:2413$1303'.
  created $dff cell `$procdff$1646' with positive edge clock.
Creating register for signal `\SRLC16E.\r' using process `\SRLC16E.$proc$/home/cl4/opt/f4pga/xc7/conda/envs/xc7/bin/../share/yosys/xilinx/cells_sim.v:2369$1296'.
  created $dff cell `$procdff$1647' with positive edge clock.
Creating register for signal `\SRLC16.\r' using process `\SRLC16.$proc$/home/cl4/opt/f4pga/xc7/conda/envs/xc7/bin/../share/yosys/xilinx/cells_sim.v:2332$1289'.
  created $dff cell `$procdff$1648' with positive edge clock.
Creating register for signal `\SRL16E.\r' using process `\SRL16E.$proc$/home/cl4/opt/f4pga/xc7/conda/envs/xc7/bin/../share/yosys/xilinx/cells_sim.v:2299$1286'.
  created $dff cell `$procdff$1649' with positive edge clock.
Creating register for signal `\SRL16.\r' using process `\SRL16.$proc$/home/cl4/opt/f4pga/xc7/conda/envs/xc7/bin/../share/yosys/xilinx/cells_sim.v:2266$1279'.
  created $dff cell `$procdff$1650' with positive edge clock.
Creating register for signal `\RAM64M.\mem_a' using process `\RAM64M.$proc$/home/cl4/opt/f4pga/xc7/conda/envs/xc7/bin/../share/yosys/xilinx/cells_sim.v:1986$1099'.
  created $dff cell `$procdff$1651' with positive edge clock.
Creating register for signal `\RAM64M.\mem_b' using process `\RAM64M.$proc$/home/cl4/opt/f4pga/xc7/conda/envs/xc7/bin/../share/yosys/xilinx/cells_sim.v:1986$1099'.
  created $dff cell `$procdff$1652' with positive edge clock.
Creating register for signal `\RAM64M.\mem_c' using process `\RAM64M.$proc$/home/cl4/opt/f4pga/xc7/conda/envs/xc7/bin/../share/yosys/xilinx/cells_sim.v:1986$1099'.
  created $dff cell `$procdff$1653' with positive edge clock.
Creating register for signal `\RAM64M.\mem_d' using process `\RAM64M.$proc$/home/cl4/opt/f4pga/xc7/conda/envs/xc7/bin/../share/yosys/xilinx/cells_sim.v:1986$1099'.
  created $dff cell `$procdff$1654' with positive edge clock.
Creating register for signal `\RAM64M.$bitselwrite$mask$/home/cl4/opt/f4pga/xc7/conda/envs/xc7/bin/../share/yosys/xilinx/cells_sim.v:1988$1078' using process `\RAM64M.$proc$/home/cl4/opt/f4pga/xc7/conda/envs/xc7/bin/../share/yosys/xilinx/cells_sim.v:1986$1099'.
  created $dff cell `$procdff$1655' with positive edge clock.
Creating register for signal `\RAM64M.$bitselwrite$data$/home/cl4/opt/f4pga/xc7/conda/envs/xc7/bin/../share/yosys/xilinx/cells_sim.v:1988$1079' using process `\RAM64M.$proc$/home/cl4/opt/f4pga/xc7/conda/envs/xc7/bin/../share/yosys/xilinx/cells_sim.v:1986$1099'.
  created $dff cell `$procdff$1656' with positive edge clock.
Creating register for signal `\RAM64M.$bitselwrite$sel$/home/cl4/opt/f4pga/xc7/conda/envs/xc7/bin/../share/yosys/xilinx/cells_sim.v:1988$1080' using process `\RAM64M.$proc$/home/cl4/opt/f4pga/xc7/conda/envs/xc7/bin/../share/yosys/xilinx/cells_sim.v:1986$1099'.
  created $dff cell `$procdff$1657' with positive edge clock.
Creating register for signal `\RAM64M.$bitselwrite$mask$/home/cl4/opt/f4pga/xc7/conda/envs/xc7/bin/../share/yosys/xilinx/cells_sim.v:1989$1081' using process `\RAM64M.$proc$/home/cl4/opt/f4pga/xc7/conda/envs/xc7/bin/../share/yosys/xilinx/cells_sim.v:1986$1099'.
  created $dff cell `$procdff$1658' with positive edge clock.
Creating register for signal `\RAM64M.$bitselwrite$data$/home/cl4/opt/f4pga/xc7/conda/envs/xc7/bin/../share/yosys/xilinx/cells_sim.v:1989$1082' using process `\RAM64M.$proc$/home/cl4/opt/f4pga/xc7/conda/envs/xc7/bin/../share/yosys/xilinx/cells_sim.v:1986$1099'.
  created $dff cell `$procdff$1659' with positive edge clock.
Creating register for signal `\RAM64M.$bitselwrite$sel$/home/cl4/opt/f4pga/xc7/conda/envs/xc7/bin/../share/yosys/xilinx/cells_sim.v:1989$1083' using process `\RAM64M.$proc$/home/cl4/opt/f4pga/xc7/conda/envs/xc7/bin/../share/yosys/xilinx/cells_sim.v:1986$1099'.
  created $dff cell `$procdff$1660' with positive edge clock.
Creating register for signal `\RAM64M.$bitselwrite$mask$/home/cl4/opt/f4pga/xc7/conda/envs/xc7/bin/../share/yosys/xilinx/cells_sim.v:1990$1084' using process `\RAM64M.$proc$/home/cl4/opt/f4pga/xc7/conda/envs/xc7/bin/../share/yosys/xilinx/cells_sim.v:1986$1099'.
  created $dff cell `$procdff$1661' with positive edge clock.
Creating register for signal `\RAM64M.$bitselwrite$data$/home/cl4/opt/f4pga/xc7/conda/envs/xc7/bin/../share/yosys/xilinx/cells_sim.v:1990$1085' using process `\RAM64M.$proc$/home/cl4/opt/f4pga/xc7/conda/envs/xc7/bin/../share/yosys/xilinx/cells_sim.v:1986$1099'.
  created $dff cell `$procdff$1662' with positive edge clock.
Creating register for signal `\RAM64M.$bitselwrite$sel$/home/cl4/opt/f4pga/xc7/conda/envs/xc7/bin/../share/yosys/xilinx/cells_sim.v:1990$1086' using process `\RAM64M.$proc$/home/cl4/opt/f4pga/xc7/conda/envs/xc7/bin/../share/yosys/xilinx/cells_sim.v:1986$1099'.
  created $dff cell `$procdff$1663' with positive edge clock.
Creating register for signal `\RAM64M.$bitselwrite$mask$/home/cl4/opt/f4pga/xc7/conda/envs/xc7/bin/../share/yosys/xilinx/cells_sim.v:1991$1087' using process `\RAM64M.$proc$/home/cl4/opt/f4pga/xc7/conda/envs/xc7/bin/../share/yosys/xilinx/cells_sim.v:1986$1099'.
  created $dff cell `$procdff$1664' with positive edge clock.
Creating register for signal `\RAM64M.$bitselwrite$data$/home/cl4/opt/f4pga/xc7/conda/envs/xc7/bin/../share/yosys/xilinx/cells_sim.v:1991$1088' using process `\RAM64M.$proc$/home/cl4/opt/f4pga/xc7/conda/envs/xc7/bin/../share/yosys/xilinx/cells_sim.v:1986$1099'.
  created $dff cell `$procdff$1665' with positive edge clock.
Creating register for signal `\RAM64M.$bitselwrite$sel$/home/cl4/opt/f4pga/xc7/conda/envs/xc7/bin/../share/yosys/xilinx/cells_sim.v:1991$1089' using process `\RAM64M.$proc$/home/cl4/opt/f4pga/xc7/conda/envs/xc7/bin/../share/yosys/xilinx/cells_sim.v:1986$1099'.
  created $dff cell `$procdff$1666' with positive edge clock.
Creating register for signal `\RAM64M.$lookahead\mem_a$1095' using process `\RAM64M.$proc$/home/cl4/opt/f4pga/xc7/conda/envs/xc7/bin/../share/yosys/xilinx/cells_sim.v:1986$1099'.
  created $dff cell `$procdff$1667' with positive edge clock.
Creating register for signal `\RAM64M.$lookahead\mem_b$1096' using process `\RAM64M.$proc$/home/cl4/opt/f4pga/xc7/conda/envs/xc7/bin/../share/yosys/xilinx/cells_sim.v:1986$1099'.
  created $dff cell `$procdff$1668' with positive edge clock.
Creating register for signal `\RAM64M.$lookahead\mem_c$1097' using process `\RAM64M.$proc$/home/cl4/opt/f4pga/xc7/conda/envs/xc7/bin/../share/yosys/xilinx/cells_sim.v:1986$1099'.
  created $dff cell `$procdff$1669' with positive edge clock.
Creating register for signal `\RAM64M.$lookahead\mem_d$1098' using process `\RAM64M.$proc$/home/cl4/opt/f4pga/xc7/conda/envs/xc7/bin/../share/yosys/xilinx/cells_sim.v:1986$1099'.
  created $dff cell `$procdff$1670' with positive edge clock.
Creating register for signal `\RAM32M.\mem_a' using process `\RAM32M.$proc$/home/cl4/opt/f4pga/xc7/conda/envs/xc7/bin/../share/yosys/xilinx/cells_sim.v:1812$927'.
  created $dff cell `$procdff$1671' with positive edge clock.
Creating register for signal `\RAM32M.\mem_b' using process `\RAM32M.$proc$/home/cl4/opt/f4pga/xc7/conda/envs/xc7/bin/../share/yosys/xilinx/cells_sim.v:1812$927'.
  created $dff cell `$procdff$1672' with positive edge clock.
Creating register for signal `\RAM32M.\mem_c' using process `\RAM32M.$proc$/home/cl4/opt/f4pga/xc7/conda/envs/xc7/bin/../share/yosys/xilinx/cells_sim.v:1812$927'.
  created $dff cell `$procdff$1673' with positive edge clock.
Creating register for signal `\RAM32M.\mem_d' using process `\RAM32M.$proc$/home/cl4/opt/f4pga/xc7/conda/envs/xc7/bin/../share/yosys/xilinx/cells_sim.v:1812$927'.
  created $dff cell `$procdff$1674' with positive edge clock.
Creating register for signal `\RAM32M.$bitselwrite$mask$/home/cl4/opt/f4pga/xc7/conda/envs/xc7/bin/../share/yosys/xilinx/cells_sim.v:1814$898' using process `\RAM32M.$proc$/home/cl4/opt/f4pga/xc7/conda/envs/xc7/bin/../share/yosys/xilinx/cells_sim.v:1812$927'.
  created $dff cell `$procdff$1675' with positive edge clock.
Creating register for signal `\RAM32M.$bitselwrite$data$/home/cl4/opt/f4pga/xc7/conda/envs/xc7/bin/../share/yosys/xilinx/cells_sim.v:1814$899' using process `\RAM32M.$proc$/home/cl4/opt/f4pga/xc7/conda/envs/xc7/bin/../share/yosys/xilinx/cells_sim.v:1812$927'.
  created $dff cell `$procdff$1676' with positive edge clock.
Creating register for signal `\RAM32M.$bitselwrite$sel$/home/cl4/opt/f4pga/xc7/conda/envs/xc7/bin/../share/yosys/xilinx/cells_sim.v:1814$900' using process `\RAM32M.$proc$/home/cl4/opt/f4pga/xc7/conda/envs/xc7/bin/../share/yosys/xilinx/cells_sim.v:1812$927'.
  created $dff cell `$procdff$1677' with positive edge clock.
Creating register for signal `\RAM32M.$bitselwrite$mask$/home/cl4/opt/f4pga/xc7/conda/envs/xc7/bin/../share/yosys/xilinx/cells_sim.v:1815$901' using process `\RAM32M.$proc$/home/cl4/opt/f4pga/xc7/conda/envs/xc7/bin/../share/yosys/xilinx/cells_sim.v:1812$927'.
  created $dff cell `$procdff$1678' with positive edge clock.
Creating register for signal `\RAM32M.$bitselwrite$data$/home/cl4/opt/f4pga/xc7/conda/envs/xc7/bin/../share/yosys/xilinx/cells_sim.v:1815$902' using process `\RAM32M.$proc$/home/cl4/opt/f4pga/xc7/conda/envs/xc7/bin/../share/yosys/xilinx/cells_sim.v:1812$927'.
  created $dff cell `$procdff$1679' with positive edge clock.
Creating register for signal `\RAM32M.$bitselwrite$sel$/home/cl4/opt/f4pga/xc7/conda/envs/xc7/bin/../share/yosys/xilinx/cells_sim.v:1815$903' using process `\RAM32M.$proc$/home/cl4/opt/f4pga/xc7/conda/envs/xc7/bin/../share/yosys/xilinx/cells_sim.v:1812$927'.
  created $dff cell `$procdff$1680' with positive edge clock.
Creating register for signal `\RAM32M.$bitselwrite$mask$/home/cl4/opt/f4pga/xc7/conda/envs/xc7/bin/../share/yosys/xilinx/cells_sim.v:1816$904' using process `\RAM32M.$proc$/home/cl4/opt/f4pga/xc7/conda/envs/xc7/bin/../share/yosys/xilinx/cells_sim.v:1812$927'.
  created $dff cell `$procdff$1681' with positive edge clock.
Creating register for signal `\RAM32M.$bitselwrite$data$/home/cl4/opt/f4pga/xc7/conda/envs/xc7/bin/../share/yosys/xilinx/cells_sim.v:1816$905' using process `\RAM32M.$proc$/home/cl4/opt/f4pga/xc7/conda/envs/xc7/bin/../share/yosys/xilinx/cells_sim.v:1812$927'.
  created $dff cell `$procdff$1682' with positive edge clock.
Creating register for signal `\RAM32M.$bitselwrite$sel$/home/cl4/opt/f4pga/xc7/conda/envs/xc7/bin/../share/yosys/xilinx/cells_sim.v:1816$906' using process `\RAM32M.$proc$/home/cl4/opt/f4pga/xc7/conda/envs/xc7/bin/../share/yosys/xilinx/cells_sim.v:1812$927'.
  created $dff cell `$procdff$1683' with positive edge clock.
Creating register for signal `\RAM32M.$bitselwrite$mask$/home/cl4/opt/f4pga/xc7/conda/envs/xc7/bin/../share/yosys/xilinx/cells_sim.v:1817$907' using process `\RAM32M.$proc$/home/cl4/opt/f4pga/xc7/conda/envs/xc7/bin/../share/yosys/xilinx/cells_sim.v:1812$927'.
  created $dff cell `$procdff$1684' with positive edge clock.
Creating register for signal `\RAM32M.$bitselwrite$data$/home/cl4/opt/f4pga/xc7/conda/envs/xc7/bin/../share/yosys/xilinx/cells_sim.v:1817$908' using process `\RAM32M.$proc$/home/cl4/opt/f4pga/xc7/conda/envs/xc7/bin/../share/yosys/xilinx/cells_sim.v:1812$927'.
  created $dff cell `$procdff$1685' with positive edge clock.
Creating register for signal `\RAM32M.$bitselwrite$sel$/home/cl4/opt/f4pga/xc7/conda/envs/xc7/bin/../share/yosys/xilinx/cells_sim.v:1817$909' using process `\RAM32M.$proc$/home/cl4/opt/f4pga/xc7/conda/envs/xc7/bin/../share/yosys/xilinx/cells_sim.v:1812$927'.
  created $dff cell `$procdff$1686' with positive edge clock.
Creating register for signal `\RAM32M.$lookahead\mem_a$923' using process `\RAM32M.$proc$/home/cl4/opt/f4pga/xc7/conda/envs/xc7/bin/../share/yosys/xilinx/cells_sim.v:1812$927'.
  created $dff cell `$procdff$1687' with positive edge clock.
Creating register for signal `\RAM32M.$lookahead\mem_b$924' using process `\RAM32M.$proc$/home/cl4/opt/f4pga/xc7/conda/envs/xc7/bin/../share/yosys/xilinx/cells_sim.v:1812$927'.
  created $dff cell `$procdff$1688' with positive edge clock.
Creating register for signal `\RAM32M.$lookahead\mem_c$925' using process `\RAM32M.$proc$/home/cl4/opt/f4pga/xc7/conda/envs/xc7/bin/../share/yosys/xilinx/cells_sim.v:1812$927'.
  created $dff cell `$procdff$1689' with positive edge clock.
Creating register for signal `\RAM32M.$lookahead\mem_d$926' using process `\RAM32M.$proc$/home/cl4/opt/f4pga/xc7/conda/envs/xc7/bin/../share/yosys/xilinx/cells_sim.v:1812$927'.
  created $dff cell `$procdff$1690' with positive edge clock.
Creating register for signal `\RAM128X1D.\mem' using process `\RAM128X1D.$proc$/home/cl4/opt/f4pga/xc7/conda/envs/xc7/bin/../share/yosys/xilinx/cells_sim.v:1716$857'.
  created $dff cell `$procdff$1691' with positive edge clock.
Creating register for signal `\RAM128X1D.$bitselwrite$mask$/home/cl4/opt/f4pga/xc7/conda/envs/xc7/bin/../share/yosys/xilinx/cells_sim.v:1716$850' using process `\RAM128X1D.$proc$/home/cl4/opt/f4pga/xc7/conda/envs/xc7/bin/../share/yosys/xilinx/cells_sim.v:1716$857'.
  created $dff cell `$procdff$1692' with positive edge clock.
Creating register for signal `\RAM128X1D.$bitselwrite$data$/home/cl4/opt/f4pga/xc7/conda/envs/xc7/bin/../share/yosys/xilinx/cells_sim.v:1716$851' using process `\RAM128X1D.$proc$/home/cl4/opt/f4pga/xc7/conda/envs/xc7/bin/../share/yosys/xilinx/cells_sim.v:1716$857'.
  created $dff cell `$procdff$1693' with positive edge clock.
Creating register for signal `\RAM128X1D.$bitselwrite$sel$/home/cl4/opt/f4pga/xc7/conda/envs/xc7/bin/../share/yosys/xilinx/cells_sim.v:1716$852' using process `\RAM128X1D.$proc$/home/cl4/opt/f4pga/xc7/conda/envs/xc7/bin/../share/yosys/xilinx/cells_sim.v:1716$857'.
  created $dff cell `$procdff$1694' with positive edge clock.
Creating register for signal `\RAM128X1D.$lookahead\mem$856' using process `\RAM128X1D.$proc$/home/cl4/opt/f4pga/xc7/conda/envs/xc7/bin/../share/yosys/xilinx/cells_sim.v:1716$857'.
  created $dff cell `$procdff$1695' with positive edge clock.
Creating register for signal `\RAM64X1D.\mem' using process `\RAM64X1D.$proc$/home/cl4/opt/f4pga/xc7/conda/envs/xc7/bin/../share/yosys/xilinx/cells_sim.v:1611$809'.
  created $dff cell `$procdff$1696' with positive edge clock.
Creating register for signal `\RAM64X1D.$bitselwrite$mask$/home/cl4/opt/f4pga/xc7/conda/envs/xc7/bin/../share/yosys/xilinx/cells_sim.v:1611$802' using process `\RAM64X1D.$proc$/home/cl4/opt/f4pga/xc7/conda/envs/xc7/bin/../share/yosys/xilinx/cells_sim.v:1611$809'.
  created $dff cell `$procdff$1697' with positive edge clock.
Creating register for signal `\RAM64X1D.$bitselwrite$data$/home/cl4/opt/f4pga/xc7/conda/envs/xc7/bin/../share/yosys/xilinx/cells_sim.v:1611$803' using process `\RAM64X1D.$proc$/home/cl4/opt/f4pga/xc7/conda/envs/xc7/bin/../share/yosys/xilinx/cells_sim.v:1611$809'.
  created $dff cell `$procdff$1698' with positive edge clock.
Creating register for signal `\RAM64X1D.$bitselwrite$sel$/home/cl4/opt/f4pga/xc7/conda/envs/xc7/bin/../share/yosys/xilinx/cells_sim.v:1611$804' using process `\RAM64X1D.$proc$/home/cl4/opt/f4pga/xc7/conda/envs/xc7/bin/../share/yosys/xilinx/cells_sim.v:1611$809'.
  created $dff cell `$procdff$1699' with positive edge clock.
Creating register for signal `\RAM64X1D.$lookahead\mem$808' using process `\RAM64X1D.$proc$/home/cl4/opt/f4pga/xc7/conda/envs/xc7/bin/../share/yosys/xilinx/cells_sim.v:1611$809'.
  created $dff cell `$procdff$1700' with positive edge clock.
Creating register for signal `\RAM32X1D_1.\mem' using process `\RAM32X1D_1.$proc$/home/cl4/opt/f4pga/xc7/conda/envs/xc7/bin/../share/yosys/xilinx/cells_sim.v:1565$782'.
  created $dff cell `$procdff$1701' with negative edge clock.
Creating register for signal `\RAM32X1D_1.$bitselwrite$mask$/home/cl4/opt/f4pga/xc7/conda/envs/xc7/bin/../share/yosys/xilinx/cells_sim.v:1565$775' using process `\RAM32X1D_1.$proc$/home/cl4/opt/f4pga/xc7/conda/envs/xc7/bin/../share/yosys/xilinx/cells_sim.v:1565$782'.
  created $dff cell `$procdff$1702' with negative edge clock.
Creating register for signal `\RAM32X1D_1.$bitselwrite$data$/home/cl4/opt/f4pga/xc7/conda/envs/xc7/bin/../share/yosys/xilinx/cells_sim.v:1565$776' using process `\RAM32X1D_1.$proc$/home/cl4/opt/f4pga/xc7/conda/envs/xc7/bin/../share/yosys/xilinx/cells_sim.v:1565$782'.
  created $dff cell `$procdff$1703' with negative edge clock.
Creating register for signal `\RAM32X1D_1.$bitselwrite$sel$/home/cl4/opt/f4pga/xc7/conda/envs/xc7/bin/../share/yosys/xilinx/cells_sim.v:1565$777' using process `\RAM32X1D_1.$proc$/home/cl4/opt/f4pga/xc7/conda/envs/xc7/bin/../share/yosys/xilinx/cells_sim.v:1565$782'.
  created $dff cell `$procdff$1704' with negative edge clock.
Creating register for signal `\RAM32X1D_1.$lookahead\mem$781' using process `\RAM32X1D_1.$proc$/home/cl4/opt/f4pga/xc7/conda/envs/xc7/bin/../share/yosys/xilinx/cells_sim.v:1565$782'.
  created $dff cell `$procdff$1705' with negative edge clock.
Creating register for signal `\RAM32X1D.\mem' using process `\RAM32X1D.$proc$/home/cl4/opt/f4pga/xc7/conda/envs/xc7/bin/../share/yosys/xilinx/cells_sim.v:1506$743'.
  created $dff cell `$procdff$1706' with positive edge clock.
Creating register for signal `\RAM32X1D.$bitselwrite$mask$/home/cl4/opt/f4pga/xc7/conda/envs/xc7/bin/../share/yosys/xilinx/cells_sim.v:1506$736' using process `\RAM32X1D.$proc$/home/cl4/opt/f4pga/xc7/conda/envs/xc7/bin/../share/yosys/xilinx/cells_sim.v:1506$743'.
  created $dff cell `$procdff$1707' with positive edge clock.
Creating register for signal `\RAM32X1D.$bitselwrite$data$/home/cl4/opt/f4pga/xc7/conda/envs/xc7/bin/../share/yosys/xilinx/cells_sim.v:1506$737' using process `\RAM32X1D.$proc$/home/cl4/opt/f4pga/xc7/conda/envs/xc7/bin/../share/yosys/xilinx/cells_sim.v:1506$743'.
  created $dff cell `$procdff$1708' with positive edge clock.
Creating register for signal `\RAM32X1D.$bitselwrite$sel$/home/cl4/opt/f4pga/xc7/conda/envs/xc7/bin/../share/yosys/xilinx/cells_sim.v:1506$738' using process `\RAM32X1D.$proc$/home/cl4/opt/f4pga/xc7/conda/envs/xc7/bin/../share/yosys/xilinx/cells_sim.v:1506$743'.
  created $dff cell `$procdff$1709' with positive edge clock.
Creating register for signal `\RAM32X1D.$lookahead\mem$742' using process `\RAM32X1D.$proc$/home/cl4/opt/f4pga/xc7/conda/envs/xc7/bin/../share/yosys/xilinx/cells_sim.v:1506$743'.
  created $dff cell `$procdff$1710' with positive edge clock.
Creating register for signal `\FDPE_1.\Q' using process `\FDPE_1.$proc$/home/cl4/opt/f4pga/xc7/conda/envs/xc7/bin/../share/yosys/xilinx/cells_sim.v:815$606'.
  created $adff cell `$procdff$1711' with negative edge clock and positive level reset.
Creating register for signal `\FDPE.\Q' using process `\FDPE.$proc$/home/cl4/opt/f4pga/xc7/conda/envs/xc7/bin/../share/yosys/xilinx/cells_sim.v:774$603'.
  created $adff cell `$procdff$1712' with positive edge clock and positive level reset.
Creating register for signal `\FDCE_1.\Q' using process `\FDCE_1.$proc$/home/cl4/opt/f4pga/xc7/conda/envs/xc7/bin/../share/yosys/xilinx/cells_sim.v:736$588'.
  created $adff cell `$procdff$1713' with negative edge clock and positive level reset.
Creating register for signal `\FDCE.\Q' using process `\FDCE.$proc$/home/cl4/opt/f4pga/xc7/conda/envs/xc7/bin/../share/yosys/xilinx/cells_sim.v:695$585'.
  created $adff cell `$procdff$1714' with positive edge clock and positive level reset.
Creating register for signal `\FDSE_1.\Q' using process `\FDSE_1.$proc$/home/cl4/opt/f4pga/xc7/conda/envs/xc7/bin/../share/yosys/xilinx/cells_sim.v:592$570'.
  created $dff cell `$procdff$1715' with negative edge clock.
Creating register for signal `\FDSE.\Q' using process `\FDSE.$proc$/home/cl4/opt/f4pga/xc7/conda/envs/xc7/bin/../share/yosys/xilinx/cells_sim.v:559$566'.
  created $dff cell `$procdff$1716' with positive edge clock.
Creating register for signal `\FDRE_1.\Q' using process `\FDRE_1.$proc$/home/cl4/opt/f4pga/xc7/conda/envs/xc7/bin/../share/yosys/xilinx/cells_sim.v:527$548'.
  created $dff cell `$procdff$1717' with negative edge clock.
Creating register for signal `\FDRE.\Q' using process `\FDRE.$proc$/home/cl4/opt/f4pga/xc7/conda/envs/xc7/bin/../share/yosys/xilinx/cells_sim.v:494$544'.
  created $dff cell `$procdff$1718' with positive edge clock.
Creating register for signal `\master.\state' using process `\master.$proc$/home/cl4/f4pga-examples/xc7/handshake/master.v:25$1375'.
  created $adff cell `$procdff$1719' with positive edge clock and positive level reset.
Creating register for signal `\slave.\dataout' using process `\slave.$proc$/home/cl4/f4pga-examples/xc7/handshake/slave.v:60$1362'.
  created $dff cell `$procdff$1720' with positive edge clock.
Creating register for signal `\slave.$memwr$\mem$/home/cl4/f4pga-examples/xc7/handshake/slave.v:67$1359_ADDR' using process `\slave.$proc$/home/cl4/f4pga-examples/xc7/handshake/slave.v:60$1362'.
  created $dff cell `$procdff$1721' with positive edge clock.
Creating register for signal `\slave.$memwr$\mem$/home/cl4/f4pga-examples/xc7/handshake/slave.v:67$1359_DATA' using process `\slave.$proc$/home/cl4/f4pga-examples/xc7/handshake/slave.v:60$1362'.
  created $dff cell `$procdff$1722' with positive edge clock.
Creating register for signal `\slave.$memwr$\mem$/home/cl4/f4pga-examples/xc7/handshake/slave.v:67$1359_EN' using process `\slave.$proc$/home/cl4/f4pga-examples/xc7/handshake/slave.v:60$1362'.
  created $dff cell `$procdff$1723' with positive edge clock.
Creating register for signal `\slave.\state' using process `\slave.$proc$/home/cl4/f4pga-examples/xc7/handshake/slave.v:25$1360'.
  created $adff cell `$procdff$1724' with positive edge clock and positive level reset.

10.1.10. Executing PROC_MEMWR pass (convert process memory writes to cells).

10.1.11. Executing PROC_CLEAN pass (remove empty switches from decision trees).
Removing empty process `SRLC32E.$proc$/home/cl4/opt/f4pga/xc7/conda/envs/xc7/bin/../share/yosys/xilinx/cells_sim.v:2405$1304'.
Found and cleaned up 1 empty switch in `\SRLC32E.$proc$/home/cl4/opt/f4pga/xc7/conda/envs/xc7/bin/../share/yosys/xilinx/cells_sim.v:2413$1303'.
Removing empty process `SRLC32E.$proc$/home/cl4/opt/f4pga/xc7/conda/envs/xc7/bin/../share/yosys/xilinx/cells_sim.v:2413$1303'.
Removing empty process `SRLC16E.$proc$/home/cl4/opt/f4pga/xc7/conda/envs/xc7/bin/../share/yosys/xilinx/cells_sim.v:2361$1297'.
Found and cleaned up 1 empty switch in `\SRLC16E.$proc$/home/cl4/opt/f4pga/xc7/conda/envs/xc7/bin/../share/yosys/xilinx/cells_sim.v:2369$1296'.
Removing empty process `SRLC16E.$proc$/home/cl4/opt/f4pga/xc7/conda/envs/xc7/bin/../share/yosys/xilinx/cells_sim.v:2369$1296'.
Removing empty process `SRLC16.$proc$/home/cl4/opt/f4pga/xc7/conda/envs/xc7/bin/../share/yosys/xilinx/cells_sim.v:2329$1290'.
Removing empty process `SRLC16.$proc$/home/cl4/opt/f4pga/xc7/conda/envs/xc7/bin/../share/yosys/xilinx/cells_sim.v:2332$1289'.
Removing empty process `SRL16E.$proc$/home/cl4/opt/f4pga/xc7/conda/envs/xc7/bin/../share/yosys/xilinx/cells_sim.v:2292$1287'.
Found and cleaned up 1 empty switch in `\SRL16E.$proc$/home/cl4/opt/f4pga/xc7/conda/envs/xc7/bin/../share/yosys/xilinx/cells_sim.v:2299$1286'.
Removing empty process `SRL16E.$proc$/home/cl4/opt/f4pga/xc7/conda/envs/xc7/bin/../share/yosys/xilinx/cells_sim.v:2299$1286'.
Removing empty process `SRL16.$proc$/home/cl4/opt/f4pga/xc7/conda/envs/xc7/bin/../share/yosys/xilinx/cells_sim.v:2264$1280'.
Removing empty process `SRL16.$proc$/home/cl4/opt/f4pga/xc7/conda/envs/xc7/bin/../share/yosys/xilinx/cells_sim.v:2266$1279'.
Removing empty process `RAM64M.$proc$/home/cl4/opt/f4pga/xc7/conda/envs/xc7/bin/../share/yosys/xilinx/cells_sim.v:1980$1205'.
Removing empty process `RAM64M.$proc$/home/cl4/opt/f4pga/xc7/conda/envs/xc7/bin/../share/yosys/xilinx/cells_sim.v:1979$1204'.
Removing empty process `RAM64M.$proc$/home/cl4/opt/f4pga/xc7/conda/envs/xc7/bin/../share/yosys/xilinx/cells_sim.v:1978$1203'.
Removing empty process `RAM64M.$proc$/home/cl4/opt/f4pga/xc7/conda/envs/xc7/bin/../share/yosys/xilinx/cells_sim.v:1977$1202'.
Found and cleaned up 1 empty switch in `\RAM64M.$proc$/home/cl4/opt/f4pga/xc7/conda/envs/xc7/bin/../share/yosys/xilinx/cells_sim.v:1986$1099'.
Removing empty process `RAM64M.$proc$/home/cl4/opt/f4pga/xc7/conda/envs/xc7/bin/../share/yosys/xilinx/cells_sim.v:1986$1099'.
Removing empty process `RAM32M.$proc$/home/cl4/opt/f4pga/xc7/conda/envs/xc7/bin/../share/yosys/xilinx/cells_sim.v:1806$1053'.
Removing empty process `RAM32M.$proc$/home/cl4/opt/f4pga/xc7/conda/envs/xc7/bin/../share/yosys/xilinx/cells_sim.v:1805$1052'.
Removing empty process `RAM32M.$proc$/home/cl4/opt/f4pga/xc7/conda/envs/xc7/bin/../share/yosys/xilinx/cells_sim.v:1804$1051'.
Removing empty process `RAM32M.$proc$/home/cl4/opt/f4pga/xc7/conda/envs/xc7/bin/../share/yosys/xilinx/cells_sim.v:1803$1050'.
Found and cleaned up 1 empty switch in `\RAM32M.$proc$/home/cl4/opt/f4pga/xc7/conda/envs/xc7/bin/../share/yosys/xilinx/cells_sim.v:1812$927'.
Removing empty process `RAM32M.$proc$/home/cl4/opt/f4pga/xc7/conda/envs/xc7/bin/../share/yosys/xilinx/cells_sim.v:1812$927'.
Removing empty process `RAM128X1D.$proc$/home/cl4/opt/f4pga/xc7/conda/envs/xc7/bin/../share/yosys/xilinx/cells_sim.v:1712$894'.
Found and cleaned up 1 empty switch in `\RAM128X1D.$proc$/home/cl4/opt/f4pga/xc7/conda/envs/xc7/bin/../share/yosys/xilinx/cells_sim.v:1716$857'.
Removing empty process `RAM128X1D.$proc$/home/cl4/opt/f4pga/xc7/conda/envs/xc7/bin/../share/yosys/xilinx/cells_sim.v:1716$857'.
Removing empty process `RAM64X1D.$proc$/home/cl4/opt/f4pga/xc7/conda/envs/xc7/bin/../share/yosys/xilinx/cells_sim.v:1607$846'.
Found and cleaned up 1 empty switch in `\RAM64X1D.$proc$/home/cl4/opt/f4pga/xc7/conda/envs/xc7/bin/../share/yosys/xilinx/cells_sim.v:1611$809'.
Removing empty process `RAM64X1D.$proc$/home/cl4/opt/f4pga/xc7/conda/envs/xc7/bin/../share/yosys/xilinx/cells_sim.v:1611$809'.
Removing empty process `RAM32X1D_1.$proc$/home/cl4/opt/f4pga/xc7/conda/envs/xc7/bin/../share/yosys/xilinx/cells_sim.v:1561$801'.
Found and cleaned up 1 empty switch in `\RAM32X1D_1.$proc$/home/cl4/opt/f4pga/xc7/conda/envs/xc7/bin/../share/yosys/xilinx/cells_sim.v:1565$782'.
Removing empty process `RAM32X1D_1.$proc$/home/cl4/opt/f4pga/xc7/conda/envs/xc7/bin/../share/yosys/xilinx/cells_sim.v:1565$782'.
Removing empty process `RAM32X1D.$proc$/home/cl4/opt/f4pga/xc7/conda/envs/xc7/bin/../share/yosys/xilinx/cells_sim.v:1502$774'.
Found and cleaned up 1 empty switch in `\RAM32X1D.$proc$/home/cl4/opt/f4pga/xc7/conda/envs/xc7/bin/../share/yosys/xilinx/cells_sim.v:1506$743'.
Removing empty process `RAM32X1D.$proc$/home/cl4/opt/f4pga/xc7/conda/envs/xc7/bin/../share/yosys/xilinx/cells_sim.v:1506$743'.
Removing empty process `FDPE_1.$proc$/home/cl4/opt/f4pga/xc7/conda/envs/xc7/bin/../share/yosys/xilinx/cells_sim.v:0$609'.
Found and cleaned up 1 empty switch in `\FDPE_1.$proc$/home/cl4/opt/f4pga/xc7/conda/envs/xc7/bin/../share/yosys/xilinx/cells_sim.v:815$606'.
Removing empty process `FDPE_1.$proc$/home/cl4/opt/f4pga/xc7/conda/envs/xc7/bin/../share/yosys/xilinx/cells_sim.v:815$606'.
Removing empty process `FDPE.$proc$/home/cl4/opt/f4pga/xc7/conda/envs/xc7/bin/../share/yosys/xilinx/cells_sim.v:0$605'.
Found and cleaned up 1 empty switch in `\FDPE.$proc$/home/cl4/opt/f4pga/xc7/conda/envs/xc7/bin/../share/yosys/xilinx/cells_sim.v:774$603'.
Removing empty process `FDPE.$proc$/home/cl4/opt/f4pga/xc7/conda/envs/xc7/bin/../share/yosys/xilinx/cells_sim.v:774$603'.
Removing empty process `FDCE_1.$proc$/home/cl4/opt/f4pga/xc7/conda/envs/xc7/bin/../share/yosys/xilinx/cells_sim.v:0$591'.
Found and cleaned up 1 empty switch in `\FDCE_1.$proc$/home/cl4/opt/f4pga/xc7/conda/envs/xc7/bin/../share/yosys/xilinx/cells_sim.v:736$588'.
Removing empty process `FDCE_1.$proc$/home/cl4/opt/f4pga/xc7/conda/envs/xc7/bin/../share/yosys/xilinx/cells_sim.v:736$588'.
Removing empty process `FDCE.$proc$/home/cl4/opt/f4pga/xc7/conda/envs/xc7/bin/../share/yosys/xilinx/cells_sim.v:0$587'.
Found and cleaned up 1 empty switch in `\FDCE.$proc$/home/cl4/opt/f4pga/xc7/conda/envs/xc7/bin/../share/yosys/xilinx/cells_sim.v:695$585'.
Removing empty process `FDCE.$proc$/home/cl4/opt/f4pga/xc7/conda/envs/xc7/bin/../share/yosys/xilinx/cells_sim.v:695$585'.
Removing empty process `FDSE_1.$proc$/home/cl4/opt/f4pga/xc7/conda/envs/xc7/bin/../share/yosys/xilinx/cells_sim.v:0$573'.
Found and cleaned up 2 empty switches in `\FDSE_1.$proc$/home/cl4/opt/f4pga/xc7/conda/envs/xc7/bin/../share/yosys/xilinx/cells_sim.v:592$570'.
Removing empty process `FDSE_1.$proc$/home/cl4/opt/f4pga/xc7/conda/envs/xc7/bin/../share/yosys/xilinx/cells_sim.v:592$570'.
Removing empty process `FDSE.$proc$/home/cl4/opt/f4pga/xc7/conda/envs/xc7/bin/../share/yosys/xilinx/cells_sim.v:0$569'.
Found and cleaned up 2 empty switches in `\FDSE.$proc$/home/cl4/opt/f4pga/xc7/conda/envs/xc7/bin/../share/yosys/xilinx/cells_sim.v:559$566'.
Removing empty process `FDSE.$proc$/home/cl4/opt/f4pga/xc7/conda/envs/xc7/bin/../share/yosys/xilinx/cells_sim.v:559$566'.
Removing empty process `FDRE_1.$proc$/home/cl4/opt/f4pga/xc7/conda/envs/xc7/bin/../share/yosys/xilinx/cells_sim.v:0$551'.
Found and cleaned up 2 empty switches in `\FDRE_1.$proc$/home/cl4/opt/f4pga/xc7/conda/envs/xc7/bin/../share/yosys/xilinx/cells_sim.v:527$548'.
Removing empty process `FDRE_1.$proc$/home/cl4/opt/f4pga/xc7/conda/envs/xc7/bin/../share/yosys/xilinx/cells_sim.v:527$548'.
Removing empty process `FDRE.$proc$/home/cl4/opt/f4pga/xc7/conda/envs/xc7/bin/../share/yosys/xilinx/cells_sim.v:0$547'.
Found and cleaned up 2 empty switches in `\FDRE.$proc$/home/cl4/opt/f4pga/xc7/conda/envs/xc7/bin/../share/yosys/xilinx/cells_sim.v:494$544'.
Removing empty process `FDRE.$proc$/home/cl4/opt/f4pga/xc7/conda/envs/xc7/bin/../share/yosys/xilinx/cells_sim.v:494$544'.
Found and cleaned up 1 empty switch in `\master.$proc$/home/cl4/f4pga-examples/xc7/handshake/master.v:72$1377'.
Removing empty process `master.$proc$/home/cl4/f4pga-examples/xc7/handshake/master.v:72$1377'.
Found and cleaned up 3 empty switches in `\master.$proc$/home/cl4/f4pga-examples/xc7/handshake/master.v:35$1376'.
Removing empty process `master.$proc$/home/cl4/f4pga-examples/xc7/handshake/master.v:35$1376'.
Removing empty process `master.$proc$/home/cl4/f4pga-examples/xc7/handshake/master.v:25$1375'.
Found and cleaned up 1 empty switch in `\slave.$proc$/home/cl4/f4pga-examples/xc7/handshake/slave.v:75$1374'.
Removing empty process `slave.$proc$/home/cl4/f4pga-examples/xc7/handshake/slave.v:75$1374'.
Found and cleaned up 2 empty switches in `\slave.$proc$/home/cl4/f4pga-examples/xc7/handshake/slave.v:60$1362'.
Removing empty process `slave.$proc$/home/cl4/f4pga-examples/xc7/handshake/slave.v:60$1362'.
Found and cleaned up 3 empty switches in `\slave.$proc$/home/cl4/f4pga-examples/xc7/handshake/slave.v:33$1361'.
Removing empty process `slave.$proc$/home/cl4/f4pga-examples/xc7/handshake/slave.v:33$1361'.
Removing empty process `slave.$proc$/home/cl4/f4pga-examples/xc7/handshake/slave.v:25$1360'.
Removing empty process `top.$proc$/home/cl4/f4pga-examples/xc7/handshake/top.v:16$1358'.
Removing empty process `top.$proc$/home/cl4/f4pga-examples/xc7/handshake/top.v:15$1357'.
Cleaned up 31 empty switches.

10.1.12. Executing OPT_EXPR pass (perform const folding).
Optimizing module master.
Optimizing module slave.
Optimizing module top.

10.2. Executing FLATTEN pass (flatten design).
Deleting now unused module master.
Deleting now unused module slave.

10.3. Executing TRIBUF pass.

10.4. Executing DEMINOUT pass (demote inout ports to input or output).

10.5. Executing OPT_EXPR pass (perform const folding).
Optimizing module top.

10.6. Executing OPT_CLEAN pass (remove unused cells and wires).
Finding unused cells or wires in module \top..
Removed 3 unused cells and 57 unused wires.

10.7. Executing CHECK pass (checking for obvious problems).
Checking module top...
Found and reported 0 problems.

10.8. Executing OPT pass (performing simple optimizations).

10.8.1. Executing OPT_EXPR pass (perform const folding).
Optimizing module top.

10.8.2. Executing OPT_MERGE pass (detect identical cells).
Finding identical cells in module `\top'.
Removed a total of 14 cells.

10.8.3. Executing OPT_MUXTREE pass (detect dead branches in mux trees).
Running muxtree optimizer on module \top..
  Creating internal representation of mux trees.
  Evaluating internal representation of mux trees.
  Analyzing evaluation results.
    dead port 2/2 on $mux $flatten\M1.$procmux$1576.
    dead port 2/2 on $mux $flatten\M1.$procmux$1584.
    dead port 2/2 on $mux $flatten\S1.$procmux$1598.
    dead port 2/2 on $mux $flatten\S1.$procmux$1604.
    dead port 2/2 on $mux $flatten\S1.$procmux$1610.
    dead port 2/2 on $mux $flatten\S1.$procmux$1631.
    dead port 2/2 on $mux $flatten\S1.$procmux$1639.
Removed 7 multiplexer ports.

10.8.4. Executing OPT_REDUCE pass (consolidate $*mux and $reduce_* inputs).
  Optimizing cells in module \top.
    Consolidated identical input bits for $mux cell $flatten\S1.$procmux$1596:
      Old ports: A=8'00000000, B=8'11111111, Y=$flatten\S1.$procmux$1596_Y
      New ports: A=1'0, B=1'1, Y=$flatten\S1.$procmux$1596_Y [0]
      New connections: $flatten\S1.$procmux$1596_Y [7:1] = { $flatten\S1.$procmux$1596_Y [0] $flatten\S1.$procmux$1596_Y [0] $flatten\S1.$procmux$1596_Y [0] $flatten\S1.$procmux$1596_Y [0] $flatten\S1.$procmux$1596_Y [0] $flatten\S1.$procmux$1596_Y [0] $flatten\S1.$procmux$1596_Y [0] }
    New ctrl vector for $pmux cell $flatten\M1.$procmux$1557: $auto$opt_reduce.cc:134:opt_pmux$1727
    New ctrl vector for $pmux cell $flatten\M1.$procmux$1569: $auto$opt_reduce.cc:134:opt_pmux$1729
    New ctrl vector for $pmux cell $flatten\M1.$procmux$1565: $auto$opt_reduce.cc:134:opt_pmux$1731
    New ctrl vector for $pmux cell $flatten\M1.$procmux$1561: $auto$opt_reduce.cc:134:opt_pmux$1733
  Optimizing cells in module \top.
    Consolidated identical input bits for $mux cell $flatten\S1.$procmux$1613:
      Old ports: A=8'00000000, B=$flatten\S1.$2$memwr$\mem$/home/cl4/f4pga-examples/xc7/handshake/slave.v:67$1359_EN[7:0]$1372, Y=$flatten\S1.$0$memwr$\mem$/home/cl4/f4pga-examples/xc7/handshake/slave.v:67$1359_EN[7:0]$1365
      New ports: A=1'0, B=$flatten\S1.$procmux$1596_Y [0], Y=$flatten\S1.$0$memwr$\mem$/home/cl4/f4pga-examples/xc7/handshake/slave.v:67$1359_EN[7:0]$1365 [0]
      New connections: $flatten\S1.$0$memwr$\mem$/home/cl4/f4pga-examples/xc7/handshake/slave.v:67$1359_EN[7:0]$1365 [7:1] = { $flatten\S1.$0$memwr$\mem$/home/cl4/f4pga-examples/xc7/handshake/slave.v:67$1359_EN[7:0]$1365 [0] $flatten\S1.$0$memwr$\mem$/home/cl4/f4pga-examples/xc7/handshake/slave.v:67$1359_EN[7:0]$1365 [0] $flatten\S1.$0$memwr$\mem$/home/cl4/f4pga-examples/xc7/handshake/slave.v:67$1359_EN[7:0]$1365 [0] $flatten\S1.$0$memwr$\mem$/home/cl4/f4pga-examples/xc7/handshake/slave.v:67$1359_EN[7:0]$1365 [0] $flatten\S1.$0$memwr$\mem$/home/cl4/f4pga-examples/xc7/handshake/slave.v:67$1359_EN[7:0]$1365 [0] $flatten\S1.$0$memwr$\mem$/home/cl4/f4pga-examples/xc7/handshake/slave.v:67$1359_EN[7:0]$1365 [0] $flatten\S1.$0$memwr$\mem$/home/cl4/f4pga-examples/xc7/handshake/slave.v:67$1359_EN[7:0]$1365 [0] }
  Optimizing cells in module \top.
Performed a total of 6 changes.

10.8.5. Executing OPT_MERGE pass (detect identical cells).
Finding identical cells in module `\top'.
Removed a total of 3 cells.

10.8.6. Executing OPT_DFF pass (perform DFF optimizations).

10.8.7. Executing OPT_CLEAN pass (remove unused cells and wires).
Finding unused cells or wires in module \top..
Removed 0 unused cells and 24 unused wires.

10.8.8. Executing OPT_EXPR pass (perform const folding).
Optimizing module top.

10.8.9. Rerunning OPT passes. (Maybe there is more to do..)

10.8.10. Executing OPT_MUXTREE pass (detect dead branches in mux trees).
Running muxtree optimizer on module \top..
  Creating internal representation of mux trees.
  Evaluating internal representation of mux trees.
  Analyzing evaluation results.
Removed 0 multiplexer ports.

10.8.11. Executing OPT_REDUCE pass (consolidate $*mux and $reduce_* inputs).
  Optimizing cells in module \top.
Performed a total of 0 changes.

10.8.12. Executing OPT_MERGE pass (detect identical cells).
Finding identical cells in module `\top'.
Removed a total of 0 cells.

10.8.13. Executing OPT_DFF pass (perform DFF optimizations).

10.8.14. Executing OPT_CLEAN pass (remove unused cells and wires).
Finding unused cells or wires in module \top..

10.8.15. Executing OPT_EXPR pass (perform const folding).
Optimizing module top.

10.8.16. Finished OPT passes. (There is nothing left to do.)

10.9. Executing FSM pass (extract and optimize FSM).

10.9.1. Executing FSM_DETECT pass (finding FSMs in design).
Not marking top.M1.state as FSM state register:
    Circuit seems to be self-resetting.
Not marking top.S1.state as FSM state register:
    Circuit seems to be self-resetting.

10.9.2. Executing FSM_EXTRACT pass (extracting FSM from design).

10.9.3. Executing FSM_OPT pass (simple optimizations of FSMs).

10.9.4. Executing OPT_CLEAN pass (remove unused cells and wires).
Finding unused cells or wires in module \top..

10.9.5. Executing FSM_OPT pass (simple optimizations of FSMs).

10.9.6. Executing FSM_RECODE pass (re-assigning FSM state encoding).

10.9.7. Executing FSM_INFO pass (dumping all available information on FSM cells).

10.9.8. Executing FSM_MAP pass (mapping FSMs to basic logic).

10.10. Executing OPT pass (performing simple optimizations).

10.10.1. Executing OPT_EXPR pass (perform const folding).
Optimizing module top.

10.10.2. Executing OPT_MERGE pass (detect identical cells).
Finding identical cells in module `\top'.
Removed a total of 0 cells.

10.10.3. Executing OPT_MUXTREE pass (detect dead branches in mux trees).
Running muxtree optimizer on module \top..
  Creating internal representation of mux trees.
  Evaluating internal representation of mux trees.
  Analyzing evaluation results.
Removed 0 multiplexer ports.

10.10.4. Executing OPT_REDUCE pass (consolidate $*mux and $reduce_* inputs).
  Optimizing cells in module \top.
Performed a total of 0 changes.

10.10.5. Executing OPT_MERGE pass (detect identical cells).
Finding identical cells in module `\top'.
Removed a total of 0 cells.

10.10.6. Executing OPT_DFF pass (perform DFF optimizations).
Adding EN signal on $flatten\S1.$procdff$1720 ($dff) from module top (D = $flatten\S1.$memrd$\mem$/home/cl4/f4pga-examples/xc7/handshake/slave.v:69$1373_DATA, Q = \S1.dataout).

10.10.7. Executing OPT_CLEAN pass (remove unused cells and wires).
Finding unused cells or wires in module \top..
Removed 2 unused cells and 2 unused wires.

10.10.8. Executing OPT_EXPR pass (perform const folding).
Optimizing module top.

10.10.9. Rerunning OPT passes. (Maybe there is more to do..)

10.10.10. Executing OPT_MUXTREE pass (detect dead branches in mux trees).
Running muxtree optimizer on module \top..
  Creating internal representation of mux trees.
  Evaluating internal representation of mux trees.
  Analyzing evaluation results.
Removed 0 multiplexer ports.

10.10.11. Executing OPT_REDUCE pass (consolidate $*mux and $reduce_* inputs).
  Optimizing cells in module \top.
Performed a total of 0 changes.

10.10.12. Executing OPT_MERGE pass (detect identical cells).
Finding identical cells in module `\top'.
Removed a total of 0 cells.

10.10.13. Executing OPT_DFF pass (perform DFF optimizations).

10.10.14. Executing OPT_CLEAN pass (remove unused cells and wires).
Finding unused cells or wires in module \top..

10.10.15. Executing OPT_EXPR pass (perform const folding).
Optimizing module top.

10.10.16. Finished OPT passes. (There is nothing left to do.)

10.11. Executing WREDUCE pass (reducing word size of cells).
Removed top 1 bits (of 2) from mux cell top.$flatten\M1.$procmux$1582 ($mux).
Removed top 1 bits (of 2) from mux cell top.$flatten\M1.$procmux$1565 ($mux).
Removed top 4 bits (of 8) from mux cell top.$flatten\M1.$procmux$1561 ($mux).
Removed top 1 bits (of 2) from port B of cell top.$flatten\M1.$procmux$1559_CMP0 ($eq).
Removed top 4 bits (of 8) from FF cell top.$auto$ff.cc:266:slice$1734 ($dffe).
Removed top 1 bits (of 2) from mux cell top.$flatten\S1.$procmux$1637 ($mux).
Removed top 1 bits (of 2) from port B of cell top.$flatten\S1.$eq$/home/cl4/f4pga-examples/xc7/handshake/slave.v:63$1366 ($eq).
Removed top 1 bits (of 2) from wire top.$flatten\M1.$2\next_state[1:0].
Removed top 1 bits (of 2) from wire top.$flatten\S1.$2\next_state[1:0].
Removed top 1 bits (of 2) from wire top.addr_wire.
Removed top 4 bits (of 8) from wire top.data_wire.

10.12. Executing PEEPOPT pass (run peephole optimizers).

10.13. Executing OPT_CLEAN pass (remove unused cells and wires).
Finding unused cells or wires in module \top..
Removed 0 unused cells and 4 unused wires.

10.14. Executing TECHMAP pass (map to technology primitives).

10.14.1. Executing Verilog-2005 frontend: /home/cl4/opt/f4pga/xc7/conda/envs/xc7/bin/../share/yosys/cmp2lut.v
Parsing Verilog input from `/home/cl4/opt/f4pga/xc7/conda/envs/xc7/bin/../share/yosys/cmp2lut.v' to AST representation.
Generating RTLIL representation for module `\_90_lut_cmp_'.
Successfully finished Verilog frontend.

10.14.2. Executing Verilog-2005 frontend: /home/cl4/opt/f4pga/xc7/conda/envs/xc7/bin/../share/yosys/cmp2lcu.v
Parsing Verilog input from `/home/cl4/opt/f4pga/xc7/conda/envs/xc7/bin/../share/yosys/cmp2lcu.v' to AST representation.
Generating RTLIL representation for module `\_80_lcu_cmp_'.
Generating RTLIL representation for module `\$__CMP2LCU'.
Successfully finished Verilog frontend.

10.14.3. Continuing TECHMAP pass.
No more expansions possible.

10.15. Executing ALUMACC pass (create $alu and $macc cells).
Extracting $alu and $macc cells in module top:
  created 0 $alu and 0 $macc cells.

10.16. Executing SHARE pass (SAT-based resource sharing).

10.17. Executing OPT pass (performing simple optimizations).

10.17.1. Executing OPT_EXPR pass (perform const folding).
Optimizing module top.

10.17.2. Executing OPT_MERGE pass (detect identical cells).
Finding identical cells in module `\top'.
Removed a total of 0 cells.

10.17.3. Executing OPT_MUXTREE pass (detect dead branches in mux trees).
Running muxtree optimizer on module \top..
  Creating internal representation of mux trees.
  Evaluating internal representation of mux trees.
  Analyzing evaluation results.
Removed 0 multiplexer ports.

10.17.4. Executing OPT_REDUCE pass (consolidate $*mux and $reduce_* inputs).
  Optimizing cells in module \top.
Performed a total of 0 changes.

10.17.5. Executing OPT_MERGE pass (detect identical cells).
Finding identical cells in module `\top'.
Removed a total of 1 cells.

10.17.6. Executing OPT_DFF pass (perform DFF optimizations).

10.17.7. Executing OPT_CLEAN pass (remove unused cells and wires).
Finding unused cells or wires in module \top..

10.17.8. Executing OPT_EXPR pass (perform const folding).
Optimizing module top.

10.17.9. Rerunning OPT passes. (Maybe there is more to do..)

10.17.10. Executing OPT_MUXTREE pass (detect dead branches in mux trees).
Running muxtree optimizer on module \top..
  Creating internal representation of mux trees.
  Evaluating internal representation of mux trees.
  Analyzing evaluation results.
Removed 0 multiplexer ports.

10.17.11. Executing OPT_REDUCE pass (consolidate $*mux and $reduce_* inputs).
  Optimizing cells in module \top.
Performed a total of 0 changes.

10.17.12. Executing OPT_MERGE pass (detect identical cells).
Finding identical cells in module `\top'.
Removed a total of 0 cells.

10.17.13. Executing OPT_DFF pass (perform DFF optimizations).

10.17.14. Executing OPT_CLEAN pass (remove unused cells and wires).
Finding unused cells or wires in module \top..

10.17.15. Executing OPT_EXPR pass (perform const folding).
Optimizing module top.

10.17.16. Finished OPT passes. (There is nothing left to do.)

10.18. Executing MEMORY pass.

10.18.1. Executing OPT_MEM pass (optimize memories).
Performed a total of 0 transformations.

10.18.2. Executing OPT_MEM_PRIORITY pass (removing unnecessary memory write priority relations).
Performed a total of 0 transformations.

10.18.3. Executing OPT_MEM_FEEDBACK pass (finding memory read-to-write feedback paths).
  Analyzing top.S1.mem write port 0.

10.18.4. Executing MEMORY_BMUX2ROM pass (converting muxes to ROMs).

10.18.5. Executing MEMORY_DFF pass (merging $dff cells to $memrd).
Checking read port `\S1.mem'[0] in module `\top': merging output FF to cell.
    Write port 0: don't care on collision.

10.18.6. Executing OPT_CLEAN pass (remove unused cells and wires).
Finding unused cells or wires in module \top..
Removed 1 unused cells and 4 unused wires.

10.18.7. Executing MEMORY_SHARE pass (consolidating $memrd/$memwr cells).

10.18.8. Executing OPT_MEM_WIDEN pass (optimize memories where all ports are wide).
Performed a total of 0 transformations.

10.18.9. Executing OPT_CLEAN pass (remove unused cells and wires).
Finding unused cells or wires in module \top..

10.18.10. Executing MEMORY_COLLECT pass (generating $mem cells).

10.19. Executing OPT_CLEAN pass (remove unused cells and wires).
Finding unused cells or wires in module \top..

10.20. Executing MEMORY_LIBMAP pass (mapping memories to cells).
mapping memory top.S1.mem via $__XILINX_LUTRAM_SP_
Extracted data FF from read port 0 of top.S1.mem: $\S1.mem$rdreg[0]

10.21. Executing TECHMAP pass (map to technology primitives).

10.21.1. Executing Verilog-2005 frontend: /home/cl4/opt/f4pga/xc7/conda/envs/xc7/bin/../share/yosys/xilinx/lutrams_xc5v_map.v
Parsing Verilog input from `/home/cl4/opt/f4pga/xc7/conda/envs/xc7/bin/../share/yosys/xilinx/lutrams_xc5v_map.v' to AST representation.
Generating RTLIL representation for module `\$__XILINX_LUTRAM_SP_'.
Generating RTLIL representation for module `\$__XILINX_LUTRAM_DP_'.
Generating RTLIL representation for module `\$__XILINX_LUTRAM_QP_'.
Generating RTLIL representation for module `\$__XILINX_LUTRAM_OP_'.
Generating RTLIL representation for module `\$__XILINX_LUTRAM_SDP_'.
Generating RTLIL representation for module `\$__XILINX_LUTRAM_64X8SW_'.
Generating RTLIL representation for module `\$__XILINX_LUTRAM_32X16DR8_'.
Successfully finished Verilog frontend.

10.21.2. Continuing TECHMAP pass.
Using template $paramod$86a6a003476934c8da773a1296f3d09d62d139c9\$__XILINX_LUTRAM_SP_ for cells of type $__XILINX_LUTRAM_SP_.
No more expansions possible.

10.22. Executing TECHMAP pass (map to technology primitives).

10.22.1. Executing Verilog-2005 frontend: /home/cl4/opt/f4pga/xc7/conda/envs/xc7/bin/../share/yosys/xilinx/brams_xc6v_map.v
Parsing Verilog input from `/home/cl4/opt/f4pga/xc7/conda/envs/xc7/bin/../share/yosys/xilinx/brams_xc6v_map.v' to AST representation.
Generating RTLIL representation for module `\$__XILINX_BLOCKRAM_TDP_'.
Generating RTLIL representation for module `\$__XILINX_BLOCKRAM_SDP_'.
Successfully finished Verilog frontend.

10.22.2. Continuing TECHMAP pass.
No more expansions possible.

10.23. Executing OPT pass (performing simple optimizations).

10.23.1. Executing OPT_EXPR pass (perform const folding).
Optimizing module top.

10.23.2. Executing OPT_MERGE pass (detect identical cells).
Finding identical cells in module `\top'.
Removed a total of 0 cells.

10.23.3. Executing OPT_DFF pass (perform DFF optimizations).

10.23.4. Executing OPT_CLEAN pass (remove unused cells and wires).
Finding unused cells or wires in module \top..
Removed 2 unused cells and 18 unused wires.

10.23.5. Finished fast OPT passes.

10.24. Executing MEMORY_MAP pass (converting memories to logic and flip-flops).

10.25. Executing OPT pass (performing simple optimizations).

10.25.1. Executing OPT_EXPR pass (perform const folding).
Optimizing module top.

10.25.2. Executing OPT_MERGE pass (detect identical cells).
Finding identical cells in module `\top'.
Removed a total of 0 cells.

10.25.3. Executing OPT_MUXTREE pass (detect dead branches in mux trees).
Running muxtree optimizer on module \top..
  Creating internal representation of mux trees.
  Evaluating internal representation of mux trees.
  Analyzing evaluation results.
Removed 0 multiplexer ports.

10.25.4. Executing OPT_REDUCE pass (consolidate $*mux and $reduce_* inputs).
  Optimizing cells in module \top.
    Consolidated identical input bits for $mux cell $flatten\M1.$procmux$1561:
      Old ports: A=4'0000, B=4'1010, Y=\data_wire
      New ports: A=1'0, B=1'1, Y=\data_wire [1]
      New connections: { \data_wire [3:2] \data_wire [0] } = { \data_wire [1] 2'00 }
    Consolidated identical input bits for $mux cell $flatten\M1.$procmux$1574:
      Old ports: A=2'10, B=2'00, Y=$flatten\M1.$3\next_state[1:0]
      New ports: A=1'1, B=1'0, Y=$flatten\M1.$3\next_state[1:0] [1]
      New connections: $flatten\M1.$3\next_state[1:0] [0] = 1'0
    Consolidated identical input bits for $mux cell $flatten\S1.$procmux$1629:
      Old ports: A=2'00, B=2'10, Y=$flatten\S1.$3\next_state[1:0]
      New ports: A=1'0, B=1'1, Y=$flatten\S1.$3\next_state[1:0] [1]
      New connections: $flatten\S1.$3\next_state[1:0] [0] = 1'0
  Optimizing cells in module \top.
Performed a total of 3 changes.

10.25.5. Executing OPT_MERGE pass (detect identical cells).
Finding identical cells in module `\top'.
Removed a total of 1 cells.

10.25.6. Executing OPT_SHARE pass.

10.25.7. Executing OPT_DFF pass (perform DFF optimizations).

10.25.8. Executing OPT_CLEAN pass (remove unused cells and wires).
Finding unused cells or wires in module \top..
Removed 0 unused cells and 1 unused wires.

10.25.9. Executing OPT_EXPR pass (perform const folding).
Optimizing module top.

10.25.10. Rerunning OPT passes. (Maybe there is more to do..)

10.25.11. Executing OPT_MUXTREE pass (detect dead branches in mux trees).
Running muxtree optimizer on module \top..
  Creating internal representation of mux trees.
  Evaluating internal representation of mux trees.
  Analyzing evaluation results.
Removed 0 multiplexer ports.

10.25.12. Executing OPT_REDUCE pass (consolidate $*mux and $reduce_* inputs).
  Optimizing cells in module \top.
Performed a total of 0 changes.

10.25.13. Executing OPT_MERGE pass (detect identical cells).
Finding identical cells in module `\top'.
Removed a total of 0 cells.

10.25.14. Executing OPT_SHARE pass.

10.25.15. Executing OPT_DFF pass (perform DFF optimizations).

10.25.16. Executing OPT_CLEAN pass (remove unused cells and wires).
Finding unused cells or wires in module \top..

10.25.17. Executing OPT_EXPR pass (perform const folding).
Optimizing module top.

10.25.18. Finished OPT passes. (There is nothing left to do.)

10.26. Executing TECHMAP pass (map to technology primitives).

10.26.1. Executing Verilog-2005 frontend: /home/cl4/opt/f4pga/xc7/conda/envs/xc7/bin/../share/yosys/techmap.v
Parsing Verilog input from `/home/cl4/opt/f4pga/xc7/conda/envs/xc7/bin/../share/yosys/techmap.v' to AST representation.
Generating RTLIL representation for module `\_90_simplemap_bool_ops'.
Generating RTLIL representation for module `\_90_simplemap_reduce_ops'.
Generating RTLIL representation for module `\_90_simplemap_logic_ops'.
Generating RTLIL representation for module `\_90_simplemap_compare_ops'.
Generating RTLIL representation for module `\_90_simplemap_various'.
Generating RTLIL representation for module `\_90_simplemap_registers'.
Generating RTLIL representation for module `\_90_shift_ops_shr_shl_sshl_sshr'.
Generating RTLIL representation for module `\_90_shift_shiftx'.
Generating RTLIL representation for module `\_90_fa'.
Generating RTLIL representation for module `\_90_lcu'.
Generating RTLIL representation for module `\_90_alu'.
Generating RTLIL representation for module `\_90_macc'.
Generating RTLIL representation for module `\_90_alumacc'.
Generating RTLIL representation for module `\$__div_mod_u'.
Generating RTLIL representation for module `\$__div_mod_trunc'.
Generating RTLIL representation for module `\_90_div'.
Generating RTLIL representation for module `\_90_mod'.
Generating RTLIL representation for module `\$__div_mod_floor'.
Generating RTLIL representation for module `\_90_divfloor'.
Generating RTLIL representation for module `\_90_modfloor'.
Generating RTLIL representation for module `\_90_pow'.
Generating RTLIL representation for module `\_90_pmux'.
Generating RTLIL representation for module `\_90_demux'.
Generating RTLIL representation for module `\_90_lut'.
Successfully finished Verilog frontend.

10.26.2. Executing Verilog-2005 frontend: /home/cl4/opt/f4pga/xc7/conda/envs/xc7/bin/../share/yosys/xilinx/arith_map.v
Parsing Verilog input from `/home/cl4/opt/f4pga/xc7/conda/envs/xc7/bin/../share/yosys/xilinx/arith_map.v' to AST representation.
Generating RTLIL representation for module `\_80_xilinx_lcu'.
Generating RTLIL representation for module `\_80_xilinx_alu'.
Successfully finished Verilog frontend.

10.26.3. Continuing TECHMAP pass.
Using extmapper simplemap for cells of type $reduce_and.
Using extmapper simplemap for cells of type $adff.
Using template $paramod$97565c3687be688407d1272a293bd9d0ae6852dc\_90_pmux for cells of type $pmux.
Using extmapper simplemap for cells of type $not.
Using extmapper simplemap for cells of type $logic_not.
Using extmapper simplemap for cells of type $reduce_or.
Using extmapper simplemap for cells of type $and.
Using extmapper simplemap for cells of type $eq.
Using extmapper simplemap for cells of type $dffe.
Using extmapper simplemap for cells of type $mux.
No more expansions possible.

10.27. Executing OPT pass (performing simple optimizations).

10.27.1. Executing OPT_EXPR pass (perform const folding).
Optimizing module top.

10.27.2. Executing OPT_MERGE pass (detect identical cells).
Finding identical cells in module `\top'.
Removed a total of 1 cells.

10.27.3. Executing OPT_DFF pass (perform DFF optimizations).

10.27.4. Executing OPT_CLEAN pass (remove unused cells and wires).
Finding unused cells or wires in module \top..
Removed 4 unused cells and 50 unused wires.

10.27.5. Finished fast OPT passes.

10.28. Executing IOPADMAP pass (mapping inputs/outputs to IO-PAD cells).
Mapping port top.clk using IBUF.
Mapping port top.dataFpga using OBUF.
Mapping port top.ready using OBUF.
Mapping port top.rst using IBUF.
Mapping port top.rw using IBUF.
Mapping port top.start using IBUF.
Mapping port top.valid using OBUF.

10.29. Executing TECHMAP pass (map to technology primitives).

10.29.1. Executing Verilog-2005 frontend: /home/cl4/opt/f4pga/xc7/conda/envs/xc7/bin/../share/yosys/techmap.v
Parsing Verilog input from `/home/cl4/opt/f4pga/xc7/conda/envs/xc7/bin/../share/yosys/techmap.v' to AST representation.
Generating RTLIL representation for module `\_90_simplemap_bool_ops'.
Generating RTLIL representation for module `\_90_simplemap_reduce_ops'.
Generating RTLIL representation for module `\_90_simplemap_logic_ops'.
Generating RTLIL representation for module `\_90_simplemap_compare_ops'.
Generating RTLIL representation for module `\_90_simplemap_various'.
Generating RTLIL representation for module `\_90_simplemap_registers'.
Generating RTLIL representation for module `\_90_shift_ops_shr_shl_sshl_sshr'.
Generating RTLIL representation for module `\_90_shift_shiftx'.
Generating RTLIL representation for module `\_90_fa'.
Generating RTLIL representation for module `\_90_lcu'.
Generating RTLIL representation for module `\_90_alu'.
Generating RTLIL representation for module `\_90_macc'.
Generating RTLIL representation for module `\_90_alumacc'.
Generating RTLIL representation for module `\$__div_mod_u'.
Generating RTLIL representation for module `\$__div_mod_trunc'.
Generating RTLIL representation for module `\_90_div'.
Generating RTLIL representation for module `\_90_mod'.
Generating RTLIL representation for module `\$__div_mod_floor'.
Generating RTLIL representation for module `\_90_divfloor'.
Generating RTLIL representation for module `\_90_modfloor'.
Generating RTLIL representation for module `\_90_pow'.
Generating RTLIL representation for module `\_90_pmux'.
Generating RTLIL representation for module `\_90_demux'.
Generating RTLIL representation for module `\_90_lut'.
Successfully finished Verilog frontend.

10.29.2. Executing Verilog-2005 frontend: /home/cl4/opt/f4pga/xc7/conda/envs/xc7/bin/../share/yosys/xilinx/cells_map.v
Parsing Verilog input from `/home/cl4/opt/f4pga/xc7/conda/envs/xc7/bin/../share/yosys/xilinx/cells_map.v' to AST representation.
Generating RTLIL representation for module `\$__SHREG_'.
Generating RTLIL representation for module `\$__XILINX_SHREG_'.
Generating RTLIL representation for module `\$__XILINX_MUXF78'.
Successfully finished Verilog frontend.

10.29.3. Continuing TECHMAP pass.
No more expansions possible.
Removed 0 unused cells and 7 unused wires.

10.30. Executing DFFLEGALIZE pass (convert FFs to types supported by the target).

10.31. Executing OPT_EXPR pass (perform const folding).
Optimizing module top.

10.32. Executing ABC pass (technology mapping using ABC).

10.32.1. Extracting gate netlist of module `\top' to `<abc-temp-dir>/input.blif'..
Extracted 34 gates and 41 wires to a netlist network with 6 inputs and 8 outputs.

10.32.1.1. Executing ABC.
Running ABC command: "<yosys-exe-dir>/yosys-abc" -s -f <abc-temp-dir>/abc.script 2>&1
ABC: ABC command line: "source <abc-temp-dir>/abc.script".
ABC: 
ABC: + read_blif <abc-temp-dir>/input.blif 
ABC: + read_lut <abc-temp-dir>/lutdefs.txt 
ABC: + strash 
ABC: + &get -n 
ABC: + &fraig -x 
ABC: + &put 
ABC: + scorr 
ABC: Warning: The network is combinational (run "fraig" or "fraig_sweep").
ABC: + dc2 
ABC: + dretime 
ABC: + strash 
ABC: + dch -f 
ABC: + if 
ABC: + mfs2 
ABC: + write_blif <abc-temp-dir>/output.blif 

10.32.1.2. Re-integrating ABC results.
ABC RESULTS:              $lut cells:        8
ABC RESULTS:        internal signals:       27
ABC RESULTS:           input signals:        6
ABC RESULTS:          output signals:        8
Removing temp directory.
Removed 0 unused cells and 37 unused wires.

10.33. Executing TECHMAP pass (map to technology primitives).

10.33.1. Executing Verilog-2005 frontend: /home/cl4/opt/f4pga/xc7/conda/envs/xc7/bin/../share/yosys/xilinx/ff_map.v
Parsing Verilog input from `/home/cl4/opt/f4pga/xc7/conda/envs/xc7/bin/../share/yosys/xilinx/ff_map.v' to AST representation.
Generating RTLIL representation for module `\$_DFFE_NP0P_'.
Generating RTLIL representation for module `\$_DFFE_PP0P_'.
Generating RTLIL representation for module `\$_DFFE_NP1P_'.
Generating RTLIL representation for module `\$_DFFE_PP1P_'.
Generating RTLIL representation for module `\$_DFFSRE_NPPP_'.
Generating RTLIL representation for module `\$_DFFSRE_PPPP_'.
Generating RTLIL representation for module `\$_SDFFE_NP0P_'.
Generating RTLIL representation for module `\$_SDFFE_PP0P_'.
Generating RTLIL representation for module `\$_SDFFE_NP1P_'.
Generating RTLIL representation for module `\$_SDFFE_PP1P_'.
Generating RTLIL representation for module `\$_DLATCH_NP0_'.
Generating RTLIL representation for module `\$_DLATCH_PP0_'.
Generating RTLIL representation for module `\$_DLATCH_NP1_'.
Generating RTLIL representation for module `\$_DLATCH_PP1_'.
Generating RTLIL representation for module `\$_DLATCH_NPP_'.
Generating RTLIL representation for module `\$_DLATCH_PPP_'.
Successfully finished Verilog frontend.

10.33.2. Continuing TECHMAP pass.
Using template $paramod\$_DFFE_PP0P_\_TECHMAP_WIREINIT_Q_=1'x for cells of type $_DFFE_PP0P_.
Using template $paramod\$_SDFFE_PP0P_\_TECHMAP_WIREINIT_Q_=1'x for cells of type $_SDFFE_PP0P_.
No more expansions possible.

10.34. Executing TECHMAP pass (map to technology primitives).

10.34.1. Executing Verilog-2005 frontend: /home/cl4/opt/f4pga/xc7/conda/envs/xc7/bin/../share/yosys/xilinx/lut_map.v
Parsing Verilog input from `/home/cl4/opt/f4pga/xc7/conda/envs/xc7/bin/../share/yosys/xilinx/lut_map.v' to AST representation.
Generating RTLIL representation for module `\$lut'.
Successfully finished Verilog frontend.

10.34.2. Executing Verilog-2005 frontend: /home/cl4/opt/f4pga/xc7/conda/envs/xc7/bin/../share/yosys/xilinx/cells_map.v
Parsing Verilog input from `/home/cl4/opt/f4pga/xc7/conda/envs/xc7/bin/../share/yosys/xilinx/cells_map.v' to AST representation.
Generating RTLIL representation for module `\$__SHREG_'.
Generating RTLIL representation for module `\$__XILINX_SHREG_'.
Generating RTLIL representation for module `\$__XILINX_MUXF78'.
Successfully finished Verilog frontend.

10.34.3. Continuing TECHMAP pass.
Using template $paramod$c4cd21e71c150e6aee29ec3ca657c3e96e6467ef\$lut for cells of type $lut.
Using template $paramod$d03f82bd2b5d8c5a0aa220358b4130134759138a\$lut for cells of type $lut.
Using template $paramod$97e449d15b607612c49291044eca4e2c8b59088e\$lut for cells of type $lut.
Using template $paramod$a9eda3037176ef2eebae7c8b0804bd441b3ecef9\$lut for cells of type $lut.
Using template $paramod\$lut\WIDTH=32'00000000000000000000000000000011\LUT=8'00010000 for cells of type $lut.
Using template $paramod\$lut\WIDTH=32'00000000000000000000000000000010\LUT=4'0110 for cells of type $lut.
Using template $paramod\$lut\WIDTH=32'00000000000000000000000000000010\LUT=4'0100 for cells of type $lut.
Using template $paramod$0ae4e6ad7e07e634c7166b50dfaeb6b360dcb05d\$lut for cells of type $lut.
No more expansions possible.

10.35. Executing XILINX_DFFOPT pass (optimize FF control signal usage).
Optimizing FFs in top.

10.36. Executing OPT_LUT_INS pass (discard unused LUT inputs).
Optimizing LUTs in top.
Removed 0 unused cells and 64 unused wires.

11. Executing HIERARCHY pass (managing design hierarchy).

11.1. Analyzing design hierarchy..
Top module:  \top

11.2. Analyzing design hierarchy..
Top module:  \top
Removed 0 unused modules.
## Switches
set_property -dict { PACKAGE_PIN G15 IOSTANDARD LVCMOS33 } [get_ports { clk }]
set_property -dict { PACKAGE_PIN P15 IOSTANDARD LVCMOS33 } [get_ports { rst }]
set_property -dict { PACKAGE_PIN W13 IOSTANDARD LVCMOS33 } [get_ports { start }]
set_property -dict { PACKAGE_PIN T16 IOSTANDARD LVCMOS33 } [get_ports { rw }]

## Buttons
set_property -dict { PACKAGE_PIN K18 IOSTANDARD LVCMOS33 } [get_ports { dataFpga[0] }]
set_property -dict { PACKAGE_PIN P16 IOSTANDARD LVCMOS33 } [get_ports { dataFpga[1] }]
set_property -dict { PACKAGE_PIN K19 IOSTANDARD LVCMOS33 } [get_ports { dataFpga[2] }]
set_property -dict { PACKAGE_PIN Y16 IOSTANDARD LVCMOS33 } [get_ports { dataFpga[3] }]

## RGB LED 6
set_property -dict { PACKAGE_PIN V16 IOSTANDARD LVCMOS33 } [get_ports { valid }]
set_property -dict { PACKAGE_PIN F17 IOSTANDARD LVCMOS33 } [get_ports { ready }]

Setting parameter \IO_LOC_PAIRS to value clk:G15 on cell $iopadmap$top.clk 

Setting parameter \IOSTANDARD to value LVCMOS33 on cell $iopadmap$top.clk 

Setting parameter \IO_LOC_PAIRS to value rst:P15 on cell $iopadmap$top.rst 

Setting parameter \IOSTANDARD to value LVCMOS33 on cell $iopadmap$top.rst 

Setting parameter \IO_LOC_PAIRS to value start:W13 on cell $iopadmap$top.start 

Setting parameter \IOSTANDARD to value LVCMOS33 on cell $iopadmap$top.start 

Setting parameter \IO_LOC_PAIRS to value rw:T16 on cell $iopadmap$top.rw 

Setting parameter \IOSTANDARD to value LVCMOS33 on cell $iopadmap$top.rw 

Setting parameter \IO_LOC_PAIRS to value dataFpga[0]:K18 on cell $iopadmap$top.dataFpga 

Setting parameter \IOSTANDARD to value LVCMOS33 on cell $iopadmap$top.dataFpga 

Setting parameter \IO_LOC_PAIRS to value dataFpga[1]:P16 on cell $iopadmap$top.dataFpga_1 

Setting parameter \IOSTANDARD to value LVCMOS33 on cell $iopadmap$top.dataFpga_1 

Setting parameter \IO_LOC_PAIRS to value dataFpga[2]:K19 on cell $iopadmap$top.dataFpga_2 

Setting parameter \IOSTANDARD to value LVCMOS33 on cell $iopadmap$top.dataFpga_2 

Setting parameter \IO_LOC_PAIRS to value dataFpga[3]:Y16 on cell $iopadmap$top.dataFpga_3 

Setting parameter \IOSTANDARD to value LVCMOS33 on cell $iopadmap$top.dataFpga_3 

Setting parameter \IO_LOC_PAIRS to value valid:V16 on cell $iopadmap$top.valid 

Setting parameter \IOSTANDARD to value LVCMOS33 on cell $iopadmap$top.valid 

Setting parameter \IO_LOC_PAIRS to value ready:F17 on cell $iopadmap$top.ready 

Setting parameter \IOSTANDARD to value LVCMOS33 on cell $iopadmap$top.ready 

Perform clock propagation
Warning: Selection is empty
Warning: Selection is empty

Writing out clock constraints file(SDC)

12. Executing Verilog backend.

12.1. Executing BMUXMAP pass.

12.2. Executing DEMUXMAP pass.
Dumping module `\top'.

13. Executing Verilog-2005 frontend: /home/cl4/opt/f4pga/xc7/share/f4pga/techmaps/xc7_vpr/techmap/cells_sim.v
Parsing Verilog input from `/home/cl4/opt/f4pga/xc7/share/f4pga/techmaps/xc7_vpr/techmap/cells_sim.v' to AST representation.
Generating RTLIL representation for module `\CE_VCC'.
Generating RTLIL representation for module `\SR_GND'.
Replacing existing blackbox module `\SYN_OBUF' at /home/cl4/opt/f4pga/xc7/share/f4pga/techmaps/xc7_vpr/techmap/cells_sim.v:12.1-14.10.
Generating RTLIL representation for module `\SYN_OBUF'.
Replacing existing blackbox module `\SYN_IBUF' at /home/cl4/opt/f4pga/xc7/share/f4pga/techmaps/xc7_vpr/techmap/cells_sim.v:16.1-18.10.
Generating RTLIL representation for module `\SYN_IBUF'.
Generating RTLIL representation for module `\FDRE_ZINI'.
Generating RTLIL representation for module `\FDSE_ZINI'.
Generating RTLIL representation for module `\FDCE_ZINI'.
Generating RTLIL representation for module `\FDPE_ZINI'.
Generating RTLIL representation for module `\CARRY_CO_DIRECT'.
Generating RTLIL representation for module `\CARRY_CO_LUT'.
Generating RTLIL representation for module `\CARRY_COUT_PLUG'.
Generating RTLIL representation for module `\CARRY4_VPR'.
Generating RTLIL representation for module `\DPRAM64_for_RAM128X1D'.
Generating RTLIL representation for module `\DPRAM64'.
Generating RTLIL representation for module `\DPRAM32'.
Generating RTLIL representation for module `\SPRAM32'.
Generating RTLIL representation for module `\DI64_STUB'.
Generating RTLIL representation for module `\DRAM_2_OUTPUT_STUB'.
Generating RTLIL representation for module `\DRAM_4_OUTPUT_STUB'.
Generating RTLIL representation for module `\DRAM_8_OUTPUT_STUB'.
Generating RTLIL representation for module `\RAMB18E1_VPR'.
Generating RTLIL representation for module `\RAMB36E1_PRIM'.
Generating RTLIL representation for module `\SRLC32E_VPR'.
Generating RTLIL representation for module `\SRLC16E_VPR'.
Generating RTLIL representation for module `\IBUF_VPR'.
Generating RTLIL representation for module `\OBUFT_VPR'.
Generating RTLIL representation for module `\IOBUF_VPR'.
Generating RTLIL representation for module `\OBUFTDS_M_VPR'.
Generating RTLIL representation for module `\OBUFTDS_S_VPR'.
Generating RTLIL representation for module `\IOBUFDS_M_VPR'.
Generating RTLIL representation for module `\IOBUFDS_S_VPR'.
Generating RTLIL representation for module `\T_INV'.
Generating RTLIL representation for module `\OSERDESE2_VPR'.
Generating RTLIL representation for module `\ISERDESE2_IDELAY_VPR'.
Generating RTLIL representation for module `\ISERDESE2_NO_IDELAY_VPR'.
Generating RTLIL representation for module `\IDDR_VPR'.
Generating RTLIL representation for module `\ODDR_VPR'.
Generating RTLIL representation for module `\IDELAYE2_VPR'.
Generating RTLIL representation for module `\BUFGCTRL_VPR'.
Generating RTLIL representation for module `\BUFHCE_VPR'.
Generating RTLIL representation for module `\PLLE2_ADV_VPR'.
Generating RTLIL representation for module `\MMCME2_ADV_VPR'.
Generating RTLIL representation for module `\PS7_VPR'.
Generating RTLIL representation for module `\BANK'.
Generating RTLIL representation for module `\IPAD_GTP_VPR'.
Generating RTLIL representation for module `\OPAD_GTP_VPR'.
Generating RTLIL representation for module `\IBUFDS_GTE2_VPR'.
Generating RTLIL representation for module `\GTPE2_COMMON_VPR'.
Generating RTLIL representation for module `\GTPE2_CHANNEL_VPR'.
Generating RTLIL representation for module `\PCIE_2_1_VPR'.
Successfully finished Verilog frontend.

14. Executing TECHMAP pass (map to technology primitives).

14.1. Executing Verilog-2005 frontend: /home/cl4/opt/f4pga/xc7/share/f4pga/techmaps/xc7_vpr/techmap/carry_map.v
Parsing Verilog input from `/home/cl4/opt/f4pga/xc7/share/f4pga/techmaps/xc7_vpr/techmap/carry_map.v' to AST representation.
Generating RTLIL representation for module `\CARRY4'.
Successfully finished Verilog frontend.

14.2. Continuing TECHMAP pass.
No more expansions possible.

15. Executing PROC_CLEAN pass (remove empty switches from decision trees).
Cleaned up 0 empty switches.

16. Executing PROC_RMDEAD pass (remove dead branches from decision trees).
Removed a total of 0 dead cases.

17. Executing PROC_PRUNE pass (remove redundant assignments in processes).
Removed 0 redundant assignments.
Promoted 0 assignments to connections.

18. Executing PROC_INIT pass (extract init attributes).

19. Executing PROC_ARST pass (detect async resets in processes).

20. Executing PROC_MUX pass (convert decision trees to multiplexers).

21. Executing PROC_DLATCH pass (convert process syncs to latches).

22. Executing PROC_DFF pass (convert process syncs to FFs).

23. Executing PROC_MEMWR pass (convert process memory writes to cells).

24. Executing PROC_CLEAN pass (remove empty switches from decision trees).
Cleaned up 0 empty switches.

25. Executing JSON backend.

26. Executing JSON frontend.
Importing module top from JSON tree.
Importing module XORCY from JSON tree.
Importing module XADC from JSON tree.
Importing module VCU from JSON tree.
Importing module VCC from JSON tree.
Importing module USR_ACCESS_VIRTEX6 from JSON tree.
Importing module USR_ACCESS_VIRTEX5 from JSON tree.
Importing module USR_ACCESS_VIRTEX4 from JSON tree.
Importing module USR_ACCESSE2 from JSON tree.
Importing module URAM288_BASE from JSON tree.
Importing module URAM288 from JSON tree.
Importing module T_INV from JSON tree.
Importing module TX_BITSLICE_TRI from JSON tree.
Importing module TX_BITSLICE from JSON tree.
Importing module TEMAC_SINGLE from JSON tree.
Importing module TEMAC from JSON tree.
Importing module SYSMONE4 from JSON tree.
Importing module SYSMONE1 from JSON tree.
Importing module SYSMON from JSON tree.
Importing module SYN_OBUF from JSON tree.
Importing module SYN_IBUF from JSON tree.
Importing module SUSPEND_SYNC from JSON tree.
Importing module STARTUP_VIRTEX6 from JSON tree.
Importing module STARTUP_VIRTEX5 from JSON tree.
Importing module STARTUP_VIRTEX4 from JSON tree.
Importing module STARTUP_SPARTAN6 from JSON tree.
Importing module STARTUP_SPARTAN3E from JSON tree.
Importing module STARTUP_SPARTAN3A from JSON tree.
Importing module STARTUP_SPARTAN3 from JSON tree.
Importing module STARTUPE3 from JSON tree.
Importing module STARTUPE2 from JSON tree.
Importing module SR_GND from JSON tree.
Importing module SRLC32E_VPR from JSON tree.
Importing module SRLC32E from JSON tree.
Importing module SRLC16E_VPR from JSON tree.
Importing module SRLC16E from JSON tree.
Importing module SRLC16 from JSON tree.
Importing module SRL16E from JSON tree.
Importing module SRL16 from JSON tree.
Importing module SPRAM32 from JSON tree.
Importing module SPI_ACCESS from JSON tree.
Importing module RX_BITSLICE from JSON tree.
Importing module RXTX_BITSLICE from JSON tree.
Importing module ROM64X1 from JSON tree.
Importing module ROM32X1 from JSON tree.
Importing module ROM256X1 from JSON tree.
Importing module ROM16X1 from JSON tree.
Importing module ROM128X1 from JSON tree.
Importing module RIU_OR from JSON tree.
Importing module RFDAC from JSON tree.
Importing module RFADC from JSON tree.
Importing module RAMB8BWER from JSON tree.
Importing module RAMB4_S8_S8 from JSON tree.
Importing module RAMB4_S8_S16 from JSON tree.
Importing module RAMB4_S8 from JSON tree.
Importing module RAMB4_S4_S8 from JSON tree.
Importing module RAMB4_S4_S4 from JSON tree.
Importing module RAMB4_S4_S16 from JSON tree.
Importing module RAMB4_S4 from JSON tree.
Importing module RAMB4_S2_S8 from JSON tree.
Importing module RAMB4_S2_S4 from JSON tree.
Importing module RAMB4_S2_S2 from JSON tree.
Importing module RAMB4_S2_S16 from JSON tree.
Importing module RAMB4_S2 from JSON tree.
Importing module RAMB4_S1_S8 from JSON tree.
Importing module RAMB4_S1_S4 from JSON tree.
Importing module RAMB4_S1_S2 from JSON tree.
Importing module RAMB4_S1_S16 from JSON tree.
Importing module RAMB4_S1_S1 from JSON tree.
Importing module RAMB4_S16_S16 from JSON tree.
Importing module RAMB4_S16 from JSON tree.
Importing module RAMB4_S1 from JSON tree.
Importing module RAMB36SDP from JSON tree.
Importing module RAMB36E2 from JSON tree.
Importing module RAMB36E1_PRIM from JSON tree.
Importing module RAMB36E1 from JSON tree.
Importing module RAMB36 from JSON tree.
Importing module RAMB32_S64_ECC from JSON tree.
Importing module RAMB18SDP from JSON tree.
Importing module RAMB18E2 from JSON tree.
Importing module RAMB18E1_VPR from JSON tree.
Importing module RAMB18E1 from JSON tree.
Importing module RAMB18 from JSON tree.
Importing module RAMB16_S9_S9 from JSON tree.
Importing module RAMB16_S9_S36 from JSON tree.
Importing module RAMB16_S9_S18 from JSON tree.
Importing module RAMB16_S9 from JSON tree.
Importing module RAMB16_S4_S9 from JSON tree.
Importing module RAMB16_S4_S4 from JSON tree.
Importing module RAMB16_S4_S36 from JSON tree.
Importing module RAMB16_S4_S18 from JSON tree.
Importing module RAMB16_S4 from JSON tree.
Importing module RAMB16_S36_S36 from JSON tree.
Importing module RAMB16_S36 from JSON tree.
Importing module RAMB16_S2_S9 from JSON tree.
Importing module RAMB16_S2_S4 from JSON tree.
Importing module RAMB16_S2_S36 from JSON tree.
Importing module RAMB16_S2_S2 from JSON tree.
Importing module RAMB16_S2_S18 from JSON tree.
Importing module RAMB16_S2 from JSON tree.
Importing module RAMB16_S1_S9 from JSON tree.
Importing module RAMB16_S1_S4 from JSON tree.
Importing module RAMB16_S1_S36 from JSON tree.
Importing module RAMB16_S1_S2 from JSON tree.
Importing module RAMB16_S1_S18 from JSON tree.
Importing module RAMB16_S1_S1 from JSON tree.
Importing module RAMB16_S18_S36 from JSON tree.
Importing module RAMB16_S18_S18 from JSON tree.
Importing module RAMB16_S18 from JSON tree.
Importing module RAMB16_S1 from JSON tree.
Importing module RAMB16BWE_S36_S9 from JSON tree.
Importing module RAMB16BWE_S36_S36 from JSON tree.
Importing module RAMB16BWE_S36_S18 from JSON tree.
Importing module RAMB16BWE_S36 from JSON tree.
Importing module RAMB16BWE_S18_S9 from JSON tree.
Importing module RAMB16BWE_S18_S18 from JSON tree.
Importing module RAMB16BWE_S18 from JSON tree.
Importing module RAMB16BWER from JSON tree.
Importing module RAMB16 from JSON tree.
Importing module RAM64X8SW from JSON tree.
Importing module RAM64X2S from JSON tree.
Importing module RAM64X1S_1 from JSON tree.
Importing module RAM64X1S from JSON tree.
Importing module RAM64X1D_1 from JSON tree.
Importing module RAM64X1D from JSON tree.
Importing module RAM64M8 from JSON tree.
Importing module RAM64M from JSON tree.
Importing module RAM512X1S from JSON tree.
Importing module RAM32X8S from JSON tree.
Importing module RAM32X4S from JSON tree.
Importing module RAM32X2S from JSON tree.
Importing module RAM32X1S_1 from JSON tree.
Importing module RAM32X1S from JSON tree.
Importing module RAM32X1D_1 from JSON tree.
Importing module RAM32X1D from JSON tree.
Importing module RAM32X16DR8 from JSON tree.
Importing module RAM32M16 from JSON tree.
Importing module RAM32M from JSON tree.
Importing module RAM256X1S from JSON tree.
Importing module RAM256X1D from JSON tree.
Importing module RAM16X8S from JSON tree.
Importing module RAM16X4S from JSON tree.
Importing module RAM16X2S from JSON tree.
Importing module RAM16X1S_1 from JSON tree.
Importing module RAM16X1S from JSON tree.
Importing module RAM16X1D_1 from JSON tree.
Importing module RAM16X1D from JSON tree.
Importing module RAM128X1S_1 from JSON tree.
Importing module RAM128X1S from JSON tree.
Importing module RAM128X1D from JSON tree.
Importing module PULLUP from JSON tree.
Importing module PULLDOWN from JSON tree.
Importing module PS8 from JSON tree.
Importing module PS7_VPR from JSON tree.
Importing module PS7 from JSON tree.
Importing module PPC440 from JSON tree.
Importing module PPC405_ADV from JSON tree.
Importing module POST_CRC_INTERNAL from JSON tree.
Importing module PMCD from JSON tree.
Importing module PLL_BASE from JSON tree.
Importing module PLL_ADV from JSON tree.
Importing module PLLE4_BASE from JSON tree.
Importing module PLLE4_ADV from JSON tree.
Importing module PLLE3_BASE from JSON tree.
Importing module PLLE3_ADV from JSON tree.
Importing module PLLE2_BASE from JSON tree.
Importing module PLLE2_ADV_VPR from JSON tree.
Importing module PLLE2_ADV from JSON tree.
Importing module PHY_CONTROL from JSON tree.
Importing module PHASER_REF from JSON tree.
Importing module PHASER_OUT_PHY from JSON tree.
Importing module PHASER_OUT from JSON tree.
Importing module PHASER_IN_PHY from JSON tree.
Importing module PHASER_IN from JSON tree.
Importing module PCIE_EP from JSON tree.
Importing module PCIE_A1 from JSON tree.
Importing module PCIE_3_1 from JSON tree.
Importing module PCIE_3_0 from JSON tree.
Importing module PCIE_2_1_VPR from JSON tree.
Importing module PCIE_2_1 from JSON tree.
Importing module PCIE_2_0 from JSON tree.
Importing module PCIE4CE4 from JSON tree.
Importing module PCIE40E4 from JSON tree.
Importing module OUT_FIFO from JSON tree.
Importing module OSERDESE3 from JSON tree.
Importing module OSERDESE2_VPR from JSON tree.
Importing module OSERDESE2 from JSON tree.
Importing module OSERDESE1 from JSON tree.
Importing module OSERDES2 from JSON tree.
Importing module OSERDES from JSON tree.
Importing module ORCY from JSON tree.
Importing module OR2L from JSON tree.
Importing module OPAD_GTP_VPR from JSON tree.
Importing module OFDDRTRSE from JSON tree.
Importing module OFDDRTCPE from JSON tree.
Importing module OFDDRRSE from JSON tree.
Importing module OFDDRCPE from JSON tree.
Importing module ODELAYE3 from JSON tree.
Importing module ODELAYE2 from JSON tree.
Importing module ODDR_VPR from JSON tree.
Importing module ODDRE1 from JSON tree.
Importing module ODDR2 from JSON tree.
Importing module ODDR from JSON tree.
Importing module OBUFT_VPR from JSON tree.
Importing module OBUFTDS_S_VPR from JSON tree.
Importing module OBUFTDS_M_VPR from JSON tree.
Importing module OBUFTDS from JSON tree.
Importing module OBUFT from JSON tree.
Importing module OBUFDS_GTM_ADV from JSON tree.
Importing module OBUFDS_GTM from JSON tree.
Importing module OBUFDS_GTE4_ADV from JSON tree.
Importing module OBUFDS_GTE4 from JSON tree.
Importing module OBUFDS_GTE3_ADV from JSON tree.
Importing module OBUFDS_GTE3 from JSON tree.
Importing module OBUFDS_DPHY from JSON tree.
Importing module OBUFDS from JSON tree.
Importing module OBUF from JSON tree.
Importing module MUXF9 from JSON tree.
Importing module MUXF8 from JSON tree.
Importing module MUXF7 from JSON tree.
Importing module MUXF6 from JSON tree.
Importing module MUXF5 from JSON tree.
Importing module MUXCY from JSON tree.
Importing module MULT_AND from JSON tree.
Importing module MULT18X18SIO from JSON tree.
Importing module MULT18X18S from JSON tree.
Importing module MULT18X18 from JSON tree.
Importing module MMCM_BASE from JSON tree.
Importing module MMCM_ADV from JSON tree.
Importing module MMCME4_BASE from JSON tree.
Importing module MMCME4_ADV from JSON tree.
Importing module MMCME3_BASE from JSON tree.
Importing module MMCME3_ADV from JSON tree.
Importing module MMCME2_BASE from JSON tree.
Importing module MMCME2_ADV_VPR from JSON tree.
Importing module MMCME2_ADV from JSON tree.
Importing module MCB from JSON tree.
Importing module MASTER_JTAG from JSON tree.
Importing module LUT6_2 from JSON tree.
Importing module LUT6 from JSON tree.
Importing module LUT5 from JSON tree.
Importing module LUT4 from JSON tree.
Importing module LUT3 from JSON tree.
Importing module LUT2 from JSON tree.
Importing module LUT1 from JSON tree.
Importing module LDPE from JSON tree.
Importing module LDCPE from JSON tree.
Importing module LDCE from JSON tree.
Importing module KEY_CLEAR from JSON tree.
Importing module KEEPER from JSON tree.
Importing module ISERDES_NODELAY from JSON tree.
Importing module ISERDESE3 from JSON tree.
Importing module ISERDESE2_NO_IDELAY_VPR from JSON tree.
Importing module ISERDESE2_IDELAY_VPR from JSON tree.
Importing module ISERDESE2 from JSON tree.
Importing module ISERDESE1 from JSON tree.
Importing module ISERDES2 from JSON tree.
Importing module ISERDES from JSON tree.
Importing module IPAD_GTP_VPR from JSON tree.
Importing module IODRP2_MCB from JSON tree.
Importing module IODRP2 from JSON tree.
Importing module IODELAYE1 from JSON tree.
Importing module IODELAY2 from JSON tree.
Importing module IODELAY from JSON tree.
Importing module IOBUF_VPR from JSON tree.
Importing module IOBUF_INTERMDISABLE from JSON tree.
Importing module IOBUF_DCIEN from JSON tree.
Importing module IOBUFE3 from JSON tree.
Importing module IOBUFDS_S_VPR from JSON tree.
Importing module IOBUFDS_M_VPR from JSON tree.
Importing module IOBUFDS_INTERMDISABLE from JSON tree.
Importing module IOBUFDS_DIFF_OUT_INTERMDISABLE from JSON tree.
Importing module IOBUFDS_DIFF_OUT_DCIEN from JSON tree.
Importing module IOBUFDS_DIFF_OUT from JSON tree.
Importing module IOBUFDS_DCIEN from JSON tree.
Importing module IOBUFDSE3 from JSON tree.
Importing module IOBUFDS from JSON tree.
Importing module IOBUF from JSON tree.
Importing module IN_FIFO from JSON tree.
Importing module INV from JSON tree.
Importing module ILKNE4 from JSON tree.
Importing module ILKN from JSON tree.
Importing module IFDDRRSE from JSON tree.
Importing module IFDDRCPE from JSON tree.
Importing module IDELAYE3 from JSON tree.
Importing module IDELAYE2_VPR from JSON tree.
Importing module IDELAYE2 from JSON tree.
Importing module IDELAYCTRL from JSON tree.
Importing module IDELAY from JSON tree.
Importing module IDDR_VPR from JSON tree.
Importing module IDDR_2CLK from JSON tree.
Importing module IDDRE1 from JSON tree.
Importing module IDDR2 from JSON tree.
Importing module IDDR from JSON tree.
Importing module ICAP_VIRTEX6 from JSON tree.
Importing module ICAP_VIRTEX5 from JSON tree.
Importing module ICAP_VIRTEX4 from JSON tree.
Importing module ICAP_SPARTAN6 from JSON tree.
Importing module ICAP_SPARTAN3A from JSON tree.
Importing module ICAPE3 from JSON tree.
Importing module ICAPE2 from JSON tree.
Importing module IBUF_VPR from JSON tree.
Importing module IBUF_INTERMDISABLE from JSON tree.
Importing module IBUF_IBUFDISABLE from JSON tree.
Importing module IBUF_DLY_ADJ from JSON tree.
Importing module IBUF_ANALOG from JSON tree.
Importing module IBUFGDS_DIFF_OUT from JSON tree.
Importing module IBUFGDS from JSON tree.
Importing module IBUFG from JSON tree.
Importing module IBUFE3 from JSON tree.
Importing module IBUFDS_INTERMDISABLE from JSON tree.
Importing module IBUFDS_IBUFDISABLE from JSON tree.
Importing module IBUFDS_GTXE1 from JSON tree.
Importing module IBUFDS_GTM from JSON tree.
Importing module IBUFDS_GTHE1 from JSON tree.
Importing module IBUFDS_GTE4 from JSON tree.
Importing module IBUFDS_GTE3 from JSON tree.
Importing module IBUFDS_GTE2_VPR from JSON tree.
Importing module IBUFDS_GTE2 from JSON tree.
Importing module IBUFDS_DPHY from JSON tree.
Importing module IBUFDS_DLY_ADJ from JSON tree.
Importing module IBUFDS_DIFF_OUT_INTERMDISABLE from JSON tree.
Importing module IBUFDS_DIFF_OUT_IBUFDISABLE from JSON tree.
Importing module IBUFDS_DIFF_OUT from JSON tree.
Importing module IBUFDSE3 from JSON tree.
Importing module IBUFDS from JSON tree.
Importing module IBUF from JSON tree.
Importing module HSDAC from JSON tree.
Importing module HSADC from JSON tree.
Importing module HPIO_VREF from JSON tree.
Importing module HBM_TWO_STACK_INTF from JSON tree.
Importing module HBM_SNGLBLI_INTF_AXI from JSON tree.
Importing module HBM_SNGLBLI_INTF_APB from JSON tree.
Importing module HBM_REF_CLK from JSON tree.
Importing module HBM_ONE_STACK_INTF from JSON tree.
Importing module HARD_SYNC from JSON tree.
Importing module GTYE4_COMMON from JSON tree.
Importing module GTYE4_CHANNEL from JSON tree.
Importing module GTYE3_COMMON from JSON tree.
Importing module GTYE3_CHANNEL from JSON tree.
Importing module GTX_DUAL from JSON tree.
Importing module GTXE2_COMMON from JSON tree.
Importing module GTXE2_CHANNEL from JSON tree.
Importing module GTXE1 from JSON tree.
Importing module GTP_DUAL from JSON tree.
Importing module GTPE2_COMMON_VPR from JSON tree.
Importing module GTPE2_COMMON from JSON tree.
Importing module GTPE2_CHANNEL_VPR from JSON tree.
Importing module GTPE2_CHANNEL from JSON tree.
Importing module GTPA1_DUAL from JSON tree.
Importing module GTM_DUAL from JSON tree.
Importing module GTHE4_COMMON from JSON tree.
Importing module GTHE4_CHANNEL from JSON tree.
Importing module GTHE3_COMMON from JSON tree.
Importing module GTHE3_CHANNEL from JSON tree.
Importing module GTHE2_COMMON from JSON tree.
Importing module GTHE2_CHANNEL from JSON tree.
Importing module GTHE1_QUAD from JSON tree.
Importing module GT11_DUAL from JSON tree.
Importing module GT11_CUSTOM from JSON tree.
Importing module GT11CLK_MGT from JSON tree.
Importing module GT11CLK from JSON tree.
Importing module GND from JSON tree.
Importing module FRAME_ECC_VIRTEX6 from JSON tree.
Importing module FRAME_ECC_VIRTEX5 from JSON tree.
Importing module FRAME_ECC_VIRTEX4 from JSON tree.
Importing module FRAME_ECCE4 from JSON tree.
Importing module FRAME_ECCE3 from JSON tree.
Importing module FRAME_ECCE2 from JSON tree.
Importing module FIFO36_72 from JSON tree.
Importing module FIFO36E2 from JSON tree.
Importing module FIFO36E1 from JSON tree.
Importing module FIFO36 from JSON tree.
Importing module FIFO18_36 from JSON tree.
Importing module FIFO18E2 from JSON tree.
Importing module FIFO18E1 from JSON tree.
Importing module FIFO18 from JSON tree.
Importing module FIFO16 from JSON tree.
Importing module FE from JSON tree.
Importing module FDSE_ZINI from JSON tree.
Importing module FDSE_1 from JSON tree.
Importing module FDSE from JSON tree.
Importing module FDRSE_1 from JSON tree.
Importing module FDRSE from JSON tree.
Importing module FDRE_ZINI from JSON tree.
Importing module FDRE_1 from JSON tree.
Importing module FDRE from JSON tree.
Importing module FDPE_ZINI from JSON tree.
Importing module FDPE_1 from JSON tree.
Importing module FDPE from JSON tree.
Importing module FDDRRSE from JSON tree.
Importing module FDDRCPE from JSON tree.
Importing module FDCPE_1 from JSON tree.
Importing module FDCPE from JSON tree.
Importing module FDCE_ZINI from JSON tree.
Importing module FDCE_1 from JSON tree.
Importing module FDCE from JSON tree.
Importing module FD from JSON tree.
Importing module EMAC from JSON tree.
Importing module EFUSE_USR from JSON tree.
Importing module DSP48E2 from JSON tree.
Importing module DSP48E1 from JSON tree.
Importing module DSP48E from JSON tree.
Importing module DSP48A1 from JSON tree.
Importing module DSP48A from JSON tree.
Importing module DSP48 from JSON tree.
Importing module DRAM_8_OUTPUT_STUB from JSON tree.
Importing module DRAM_4_OUTPUT_STUB from JSON tree.
Importing module DRAM_2_OUTPUT_STUB from JSON tree.
Importing module DPRAM64_for_RAM128X1D from JSON tree.
Importing module DPRAM64 from JSON tree.
Importing module DPRAM32 from JSON tree.
Importing module DNA_PORTE2 from JSON tree.
Importing module DNA_PORT from JSON tree.
Importing module DI64_STUB from JSON tree.
Importing module DCM_SP from JSON tree.
Importing module DCM_PS from JSON tree.
Importing module DCM_CLKGEN from JSON tree.
Importing module DCM_BASE from JSON tree.
Importing module DCM_ADV from JSON tree.
Importing module DCM from JSON tree.
Importing module DCIRESET from JSON tree.
Importing module CRC64 from JSON tree.
Importing module CRC32 from JSON tree.
Importing module CMACE4 from JSON tree.
Importing module CMAC from JSON tree.
Importing module CFGLUT5 from JSON tree.
Importing module CE_VCC from JSON tree.
Importing module CARRY_CO_LUT from JSON tree.
Importing module CARRY_CO_DIRECT from JSON tree.
Importing module CARRY_COUT_PLUG from JSON tree.
Importing module CARRY8 from JSON tree.
Importing module CARRY4_VPR from JSON tree.
Importing module CARRY4 from JSON tree.
Importing module CAPTURE_VIRTEX6 from JSON tree.
Importing module CAPTURE_VIRTEX5 from JSON tree.
Importing module CAPTURE_VIRTEX4 from JSON tree.
Importing module CAPTURE_SPARTAN3A from JSON tree.
Importing module CAPTURE_SPARTAN3 from JSON tree.
Importing module CAPTUREE2 from JSON tree.
Importing module BUFT from JSON tree.
Importing module BUFR from JSON tree.
Importing module BUFPLL_MCB from JSON tree.
Importing module BUFPLL from JSON tree.
Importing module BUFMRCE from JSON tree.
Importing module BUFMR from JSON tree.
Importing module BUFIODQS from JSON tree.
Importing module BUFIO2_2CLK from JSON tree.
Importing module BUFIO2FB from JSON tree.
Importing module BUFIO2 from JSON tree.
Importing module BUFIO from JSON tree.
Importing module BUFHCE_VPR from JSON tree.
Importing module BUFHCE from JSON tree.
Importing module BUFH from JSON tree.
Importing module BUFG_PS from JSON tree.
Importing module BUFG_GT_SYNC from JSON tree.
Importing module BUFG_GT from JSON tree.
Importing module BUFGMUX_VIRTEX4 from JSON tree.
Importing module BUFGMUX_CTRL from JSON tree.
Importing module BUFGMUX_1 from JSON tree.
Importing module BUFGMUX from JSON tree.
Importing module BUFGCTRL_VPR from JSON tree.
Importing module BUFGCTRL from JSON tree.
Importing module BUFGCE_DIV from JSON tree.
Importing module BUFGCE_1 from JSON tree.
Importing module BUFGCE from JSON tree.
Importing module BUFG from JSON tree.
Importing module BSCAN_VIRTEX6 from JSON tree.
Importing module BSCAN_VIRTEX5 from JSON tree.
Importing module BSCAN_VIRTEX4 from JSON tree.
Importing module BSCAN_SPARTAN6 from JSON tree.
Importing module BSCAN_SPARTAN3A from JSON tree.
Importing module BSCAN_SPARTAN3 from JSON tree.
Importing module BSCANE2 from JSON tree.
Importing module BITSLICE_CONTROL from JSON tree.
Importing module BANK from JSON tree.
Importing module AND2B1L from JSON tree.
Importing module \$__ABC9_LUT8 from JSON tree.
Importing module \$__ABC9_LUT7 from JSON tree.

27. Executing TECHMAP pass (map to technology primitives).

27.1. Executing Verilog-2005 frontend: /home/cl4/opt/f4pga/xc7/share/f4pga/techmaps/xc7_vpr/techmap/clean_carry_map.v
Parsing Verilog input from `/home/cl4/opt/f4pga/xc7/share/f4pga/techmaps/xc7_vpr/techmap/clean_carry_map.v' to AST representation.
Generating RTLIL representation for module `\CARRY_CO_DIRECT'.
Generating RTLIL representation for module `\CARRY_CO_LUT'.
Generating RTLIL representation for module `\CARRY_CO_TOP_POP'.
Successfully finished Verilog frontend.

27.2. Continuing TECHMAP pass.
No more expansions possible.

28. Executing Verilog-2005 frontend: /home/cl4/opt/f4pga/xc7/conda/envs/xc7/bin/../share/yosys/xilinx/cells_sim.v
Parsing Verilog input from `/home/cl4/opt/f4pga/xc7/conda/envs/xc7/bin/../share/yosys/xilinx/cells_sim.v' to AST representation.
Replacing existing blackbox module `\VCC' at /home/cl4/opt/f4pga/xc7/conda/envs/xc7/bin/../share/yosys/xilinx/cells_sim.v:24.1-26.10.
Generating RTLIL representation for module `\VCC'.
Replacing existing blackbox module `\GND' at /home/cl4/opt/f4pga/xc7/conda/envs/xc7/bin/../share/yosys/xilinx/cells_sim.v:28.1-30.10.
Generating RTLIL representation for module `\GND'.
Replacing existing blackbox module `\IBUF' at /home/cl4/opt/f4pga/xc7/conda/envs/xc7/bin/../share/yosys/xilinx/cells_sim.v:32.1-46.10.
Generating RTLIL representation for module `\IBUF'.
Replacing existing blackbox module `\IBUFG' at /home/cl4/opt/f4pga/xc7/conda/envs/xc7/bin/../share/yosys/xilinx/cells_sim.v:48.1-57.10.
Generating RTLIL representation for module `\IBUFG'.
Replacing existing blackbox module `\OBUF' at /home/cl4/opt/f4pga/xc7/conda/envs/xc7/bin/../share/yosys/xilinx/cells_sim.v:59.1-71.10.
Generating RTLIL representation for module `\OBUF'.
Replacing existing blackbox module `\IOBUF' at /home/cl4/opt/f4pga/xc7/conda/envs/xc7/bin/../share/yosys/xilinx/cells_sim.v:73.1-90.10.
Generating RTLIL representation for module `\IOBUF'.
Replacing existing blackbox module `\OBUFT' at /home/cl4/opt/f4pga/xc7/conda/envs/xc7/bin/../share/yosys/xilinx/cells_sim.v:92.1-106.10.
Generating RTLIL representation for module `\OBUFT'.
Replacing existing blackbox module `\BUFG' at /home/cl4/opt/f4pga/xc7/conda/envs/xc7/bin/../share/yosys/xilinx/cells_sim.v:108.1-117.10.
Generating RTLIL representation for module `\BUFG'.
Replacing existing blackbox module `\BUFGCTRL' at /home/cl4/opt/f4pga/xc7/conda/envs/xc7/bin/../share/yosys/xilinx/cells_sim.v:119.1-153.10.
Generating RTLIL representation for module `\BUFGCTRL'.
Replacing existing blackbox module `\BUFHCE' at /home/cl4/opt/f4pga/xc7/conda/envs/xc7/bin/../share/yosys/xilinx/cells_sim.v:155.1-168.10.
Generating RTLIL representation for module `\BUFHCE'.
Replacing existing blackbox module `\INV' at /home/cl4/opt/f4pga/xc7/conda/envs/xc7/bin/../share/yosys/xilinx/cells_sim.v:178.1-187.10.
Generating RTLIL representation for module `\INV'.
Replacing existing blackbox module `\LUT1' at /home/cl4/opt/f4pga/xc7/conda/envs/xc7/bin/../share/yosys/xilinx/cells_sim.v:190.1-196.10.
Generating RTLIL representation for module `\LUT1'.
Replacing existing blackbox module `\LUT2' at /home/cl4/opt/f4pga/xc7/conda/envs/xc7/bin/../share/yosys/xilinx/cells_sim.v:199.1-207.10.
Generating RTLIL representation for module `\LUT2'.
Replacing existing blackbox module `\LUT3' at /home/cl4/opt/f4pga/xc7/conda/envs/xc7/bin/../share/yosys/xilinx/cells_sim.v:210.1-220.10.
Generating RTLIL representation for module `\LUT3'.
Replacing existing blackbox module `\LUT4' at /home/cl4/opt/f4pga/xc7/conda/envs/xc7/bin/../share/yosys/xilinx/cells_sim.v:223.1-235.10.
Generating RTLIL representation for module `\LUT4'.
Replacing existing blackbox module `\LUT5' at /home/cl4/opt/f4pga/xc7/conda/envs/xc7/bin/../share/yosys/xilinx/cells_sim.v:238.1-252.10.
Generating RTLIL representation for module `\LUT5'.
Replacing existing blackbox module `\LUT6' at /home/cl4/opt/f4pga/xc7/conda/envs/xc7/bin/../share/yosys/xilinx/cells_sim.v:258.1-274.10.
Generating RTLIL representation for module `\LUT6'.
Replacing existing blackbox module `\LUT6_2' at /home/cl4/opt/f4pga/xc7/conda/envs/xc7/bin/../share/yosys/xilinx/cells_sim.v:276.1-290.10.
Generating RTLIL representation for module `\LUT6_2'.
Replacing existing blackbox module `\$__ABC9_LUT7' at /home/cl4/opt/f4pga/xc7/conda/envs/xc7/bin/../share/yosys/xilinx/cells_sim.v:295.1-308.10.
Generating RTLIL representation for module `\$__ABC9_LUT7'.
Replacing existing blackbox module `\$__ABC9_LUT8' at /home/cl4/opt/f4pga/xc7/conda/envs/xc7/bin/../share/yosys/xilinx/cells_sim.v:313.1-327.10.
Generating RTLIL representation for module `\$__ABC9_LUT8'.
Replacing existing blackbox module `\MUXCY' at /home/cl4/opt/f4pga/xc7/conda/envs/xc7/bin/../share/yosys/xilinx/cells_sim.v:329.1-331.10.
Generating RTLIL representation for module `\MUXCY'.
Replacing existing blackbox module `\MUXF5' at /home/cl4/opt/f4pga/xc7/conda/envs/xc7/bin/../share/yosys/xilinx/cells_sim.v:333.1-335.10.
Generating RTLIL representation for module `\MUXF5'.
Replacing existing blackbox module `\MUXF6' at /home/cl4/opt/f4pga/xc7/conda/envs/xc7/bin/../share/yosys/xilinx/cells_sim.v:337.1-339.10.
Generating RTLIL representation for module `\MUXF6'.
Replacing existing module `\MUXF7' at /home/cl4/opt/f4pga/xc7/conda/envs/xc7/bin/../share/yosys/xilinx/cells_sim.v:342.1-350.10.
Generating RTLIL representation for module `\MUXF7'.
Replacing existing module `\MUXF8' at /home/cl4/opt/f4pga/xc7/conda/envs/xc7/bin/../share/yosys/xilinx/cells_sim.v:353.1-361.10.
Generating RTLIL representation for module `\MUXF8'.
Replacing existing blackbox module `\MUXF9' at /home/cl4/opt/f4pga/xc7/conda/envs/xc7/bin/../share/yosys/xilinx/cells_sim.v:363.1-365.10.
Generating RTLIL representation for module `\MUXF9'.
Replacing existing blackbox module `\XORCY' at /home/cl4/opt/f4pga/xc7/conda/envs/xc7/bin/../share/yosys/xilinx/cells_sim.v:367.1-369.10.
Generating RTLIL representation for module `\XORCY'.
Replacing existing module `\CARRY4' at /home/cl4/opt/f4pga/xc7/conda/envs/xc7/bin/../share/yosys/xilinx/cells_sim.v:372.1-441.10.
Generating RTLIL representation for module `\CARRY4'.
Replacing existing blackbox module `\CARRY8' at /home/cl4/opt/f4pga/xc7/conda/envs/xc7/bin/../share/yosys/xilinx/cells_sim.v:443.1-461.10.
Generating RTLIL representation for module `\CARRY8'.
Replacing existing blackbox module `\ORCY' at /home/cl4/opt/f4pga/xc7/conda/envs/xc7/bin/../share/yosys/xilinx/cells_sim.v:463.1-465.10.
Generating RTLIL representation for module `\ORCY'.
Replacing existing blackbox module `\MULT_AND' at /home/cl4/opt/f4pga/xc7/conda/envs/xc7/bin/../share/yosys/xilinx/cells_sim.v:467.1-469.10.
Generating RTLIL representation for module `\MULT_AND'.
Replacing existing module `\FDRE' at /home/cl4/opt/f4pga/xc7/conda/envs/xc7/bin/../share/yosys/xilinx/cells_sim.v:476.1-514.10.
Generating RTLIL representation for module `\FDRE'.
Replacing existing module `\FDRE_1' at /home/cl4/opt/f4pga/xc7/conda/envs/xc7/bin/../share/yosys/xilinx/cells_sim.v:517.1-538.10.
Generating RTLIL representation for module `\FDRE_1'.
Replacing existing module `\FDSE' at /home/cl4/opt/f4pga/xc7/conda/envs/xc7/bin/../share/yosys/xilinx/cells_sim.v:541.1-579.10.
Generating RTLIL representation for module `\FDSE'.
Replacing existing module `\FDSE_1' at /home/cl4/opt/f4pga/xc7/conda/envs/xc7/bin/../share/yosys/xilinx/cells_sim.v:582.1-604.10.
Generating RTLIL representation for module `\FDSE_1'.
Replacing existing blackbox module `\FDRSE' at /home/cl4/opt/f4pga/xc7/conda/envs/xc7/bin/../share/yosys/xilinx/cells_sim.v:606.1-639.10.
Generating RTLIL representation for module `\FDRSE'.
Replacing existing blackbox module `\FDRSE_1' at /home/cl4/opt/f4pga/xc7/conda/envs/xc7/bin/../share/yosys/xilinx/cells_sim.v:641.1-674.10.
Generating RTLIL representation for module `\FDRSE_1'.
Replacing existing module `\FDCE' at /home/cl4/opt/f4pga/xc7/conda/envs/xc7/bin/../share/yosys/xilinx/cells_sim.v:677.1-723.10.
Generating RTLIL representation for module `\FDCE'.
Replacing existing module `\FDCE_1' at /home/cl4/opt/f4pga/xc7/conda/envs/xc7/bin/../share/yosys/xilinx/cells_sim.v:726.1-754.10.
Generating RTLIL representation for module `\FDCE_1'.
Replacing existing module `\FDPE' at /home/cl4/opt/f4pga/xc7/conda/envs/xc7/bin/../share/yosys/xilinx/cells_sim.v:757.1-802.10.
Generating RTLIL representation for module `\FDPE'.
Replacing existing module `\FDPE_1' at /home/cl4/opt/f4pga/xc7/conda/envs/xc7/bin/../share/yosys/xilinx/cells_sim.v:805.1-833.10.
Generating RTLIL representation for module `\FDPE_1'.
Replacing existing blackbox module `\FDCPE' at /home/cl4/opt/f4pga/xc7/conda/envs/xc7/bin/../share/yosys/xilinx/cells_sim.v:835.1-878.10.
Generating RTLIL representation for module `\FDCPE'.
Replacing existing blackbox module `\FDCPE_1' at /home/cl4/opt/f4pga/xc7/conda/envs/xc7/bin/../share/yosys/xilinx/cells_sim.v:880.1-923.10.
Generating RTLIL representation for module `\FDCPE_1'.
Replacing existing blackbox module `\LDCE' at /home/cl4/opt/f4pga/xc7/conda/envs/xc7/bin/../share/yosys/xilinx/cells_sim.v:925.1-945.10.
Generating RTLIL representation for module `\LDCE'.
Replacing existing blackbox module `\LDPE' at /home/cl4/opt/f4pga/xc7/conda/envs/xc7/bin/../share/yosys/xilinx/cells_sim.v:947.1-967.10.
Generating RTLIL representation for module `\LDPE'.
Replacing existing blackbox module `\LDCPE' at /home/cl4/opt/f4pga/xc7/conda/envs/xc7/bin/../share/yosys/xilinx/cells_sim.v:969.1-998.10.
Generating RTLIL representation for module `\LDCPE'.
Replacing existing blackbox module `\AND2B1L' at /home/cl4/opt/f4pga/xc7/conda/envs/xc7/bin/../share/yosys/xilinx/cells_sim.v:1000.1-1008.10.
Generating RTLIL representation for module `\AND2B1L'.
Replacing existing blackbox module `\OR2L' at /home/cl4/opt/f4pga/xc7/conda/envs/xc7/bin/../share/yosys/xilinx/cells_sim.v:1010.1-1018.10.
Generating RTLIL representation for module `\OR2L'.
Replacing existing blackbox module `\RAM16X1S' at /home/cl4/opt/f4pga/xc7/conda/envs/xc7/bin/../share/yosys/xilinx/cells_sim.v:1024.1-1040.10.
Generating RTLIL representation for module `\RAM16X1S'.
Replacing existing blackbox module `\RAM16X1S_1' at /home/cl4/opt/f4pga/xc7/conda/envs/xc7/bin/../share/yosys/xilinx/cells_sim.v:1042.1-1058.10.
Generating RTLIL representation for module `\RAM16X1S_1'.
Replacing existing blackbox module `\RAM32X1S' at /home/cl4/opt/f4pga/xc7/conda/envs/xc7/bin/../share/yosys/xilinx/cells_sim.v:1060.1-1076.10.
Generating RTLIL representation for module `\RAM32X1S'.
Replacing existing blackbox module `\RAM32X1S_1' at /home/cl4/opt/f4pga/xc7/conda/envs/xc7/bin/../share/yosys/xilinx/cells_sim.v:1078.1-1094.10.
Generating RTLIL representation for module `\RAM32X1S_1'.
Replacing existing blackbox module `\RAM64X1S' at /home/cl4/opt/f4pga/xc7/conda/envs/xc7/bin/../share/yosys/xilinx/cells_sim.v:1096.1-1112.10.
Generating RTLIL representation for module `\RAM64X1S'.
Replacing existing blackbox module `\RAM64X1S_1' at /home/cl4/opt/f4pga/xc7/conda/envs/xc7/bin/../share/yosys/xilinx/cells_sim.v:1114.1-1130.10.
Generating RTLIL representation for module `\RAM64X1S_1'.
Replacing existing blackbox module `\RAM128X1S' at /home/cl4/opt/f4pga/xc7/conda/envs/xc7/bin/../share/yosys/xilinx/cells_sim.v:1132.1-1148.10.
Generating RTLIL representation for module `\RAM128X1S'.
Replacing existing blackbox module `\RAM128X1S_1' at /home/cl4/opt/f4pga/xc7/conda/envs/xc7/bin/../share/yosys/xilinx/cells_sim.v:1150.1-1166.10.
Generating RTLIL representation for module `\RAM128X1S_1'.
Replacing existing blackbox module `\RAM256X1S' at /home/cl4/opt/f4pga/xc7/conda/envs/xc7/bin/../share/yosys/xilinx/cells_sim.v:1168.1-1183.10.
Generating RTLIL representation for module `\RAM256X1S'.
Replacing existing blackbox module `\RAM512X1S' at /home/cl4/opt/f4pga/xc7/conda/envs/xc7/bin/../share/yosys/xilinx/cells_sim.v:1185.1-1200.10.
Generating RTLIL representation for module `\RAM512X1S'.
Replacing existing blackbox module `\RAM16X2S' at /home/cl4/opt/f4pga/xc7/conda/envs/xc7/bin/../share/yosys/xilinx/cells_sim.v:1204.1-1227.10.
Generating RTLIL representation for module `\RAM16X2S'.
Replacing existing blackbox module `\RAM32X2S' at /home/cl4/opt/f4pga/xc7/conda/envs/xc7/bin/../share/yosys/xilinx/cells_sim.v:1229.1-1252.10.
Generating RTLIL representation for module `\RAM32X2S'.
Replacing existing blackbox module `\RAM64X2S' at /home/cl4/opt/f4pga/xc7/conda/envs/xc7/bin/../share/yosys/xilinx/cells_sim.v:1254.1-1277.10.
Generating RTLIL representation for module `\RAM64X2S'.
Replacing existing blackbox module `\RAM16X4S' at /home/cl4/opt/f4pga/xc7/conda/envs/xc7/bin/../share/yosys/xilinx/cells_sim.v:1279.1-1310.10.
Generating RTLIL representation for module `\RAM16X4S'.
Replacing existing blackbox module `\RAM32X4S' at /home/cl4/opt/f4pga/xc7/conda/envs/xc7/bin/../share/yosys/xilinx/cells_sim.v:1312.1-1343.10.
Generating RTLIL representation for module `\RAM32X4S'.
Replacing existing blackbox module `\RAM16X8S' at /home/cl4/opt/f4pga/xc7/conda/envs/xc7/bin/../share/yosys/xilinx/cells_sim.v:1345.1-1392.10.
Generating RTLIL representation for module `\RAM16X8S'.
Replacing existing blackbox module `\RAM32X8S' at /home/cl4/opt/f4pga/xc7/conda/envs/xc7/bin/../share/yosys/xilinx/cells_sim.v:1394.1-1441.10.
Generating RTLIL representation for module `\RAM32X8S'.
Replacing existing blackbox module `\RAM16X1D' at /home/cl4/opt/f4pga/xc7/conda/envs/xc7/bin/../share/yosys/xilinx/cells_sim.v:1445.1-1464.10.
Generating RTLIL representation for module `\RAM16X1D'.
Replacing existing blackbox module `\RAM16X1D_1' at /home/cl4/opt/f4pga/xc7/conda/envs/xc7/bin/../share/yosys/xilinx/cells_sim.v:1466.1-1485.10.
Generating RTLIL representation for module `\RAM16X1D_1'.
Replacing existing module `\RAM32X1D' at /home/cl4/opt/f4pga/xc7/conda/envs/xc7/bin/../share/yosys/xilinx/cells_sim.v:1488.1-1540.10.
Generating RTLIL representation for module `\RAM32X1D'.
Replacing existing module `\RAM32X1D_1' at /home/cl4/opt/f4pga/xc7/conda/envs/xc7/bin/../share/yosys/xilinx/cells_sim.v:1543.1-1590.10.
Generating RTLIL representation for module `\RAM32X1D_1'.
Replacing existing module `\RAM64X1D' at /home/cl4/opt/f4pga/xc7/conda/envs/xc7/bin/../share/yosys/xilinx/cells_sim.v:1593.1-1649.10.
Generating RTLIL representation for module `\RAM64X1D'.
Replacing existing blackbox module `\RAM64X1D_1' at /home/cl4/opt/f4pga/xc7/conda/envs/xc7/bin/../share/yosys/xilinx/cells_sim.v:1651.1-1697.10.
Generating RTLIL representation for module `\RAM64X1D_1'.
Replacing existing module `\RAM128X1D' at /home/cl4/opt/f4pga/xc7/conda/envs/xc7/bin/../share/yosys/xilinx/cells_sim.v:1700.1-1759.10.
Generating RTLIL representation for module `\RAM128X1D'.
Replacing existing blackbox module `\RAM256X1D' at /home/cl4/opt/f4pga/xc7/conda/envs/xc7/bin/../share/yosys/xilinx/cells_sim.v:1761.1-1777.10.
Generating RTLIL representation for module `\RAM256X1D'.
Replacing existing module `\RAM32M' at /home/cl4/opt/f4pga/xc7/conda/envs/xc7/bin/../share/yosys/xilinx/cells_sim.v:1782.1-1884.10.
Generating RTLIL representation for module `\RAM32M'.
Replacing existing blackbox module `\RAM32M16' at /home/cl4/opt/f4pga/xc7/conda/envs/xc7/bin/../share/yosys/xilinx/cells_sim.v:1886.1-1953.10.
Generating RTLIL representation for module `\RAM32M16'.
Replacing existing module `\RAM64M' at /home/cl4/opt/f4pga/xc7/conda/envs/xc7/bin/../share/yosys/xilinx/cells_sim.v:1956.1-2040.10.
Generating RTLIL representation for module `\RAM64M'.
Replacing existing blackbox module `\RAM64M8' at /home/cl4/opt/f4pga/xc7/conda/envs/xc7/bin/../share/yosys/xilinx/cells_sim.v:2042.1-2109.10.
Generating RTLIL representation for module `\RAM64M8'.
Replacing existing blackbox module `\RAM32X16DR8' at /home/cl4/opt/f4pga/xc7/conda/envs/xc7/bin/../share/yosys/xilinx/cells_sim.v:2111.1-2157.10.
Generating RTLIL representation for module `\RAM32X16DR8'.
Replacing existing blackbox module `\RAM64X8SW' at /home/cl4/opt/f4pga/xc7/conda/envs/xc7/bin/../share/yosys/xilinx/cells_sim.v:2159.1-2208.10.
Generating RTLIL representation for module `\RAM64X8SW'.
Replacing existing blackbox module `\ROM16X1' at /home/cl4/opt/f4pga/xc7/conda/envs/xc7/bin/../share/yosys/xilinx/cells_sim.v:2212.1-2218.10.
Generating RTLIL representation for module `\ROM16X1'.
Replacing existing blackbox module `\ROM32X1' at /home/cl4/opt/f4pga/xc7/conda/envs/xc7/bin/../share/yosys/xilinx/cells_sim.v:2220.1-2226.10.
Generating RTLIL representation for module `\ROM32X1'.
Replacing existing blackbox module `\ROM64X1' at /home/cl4/opt/f4pga/xc7/conda/envs/xc7/bin/../share/yosys/xilinx/cells_sim.v:2228.1-2234.10.
Generating RTLIL representation for module `\ROM64X1'.
Replacing existing blackbox module `\ROM128X1' at /home/cl4/opt/f4pga/xc7/conda/envs/xc7/bin/../share/yosys/xilinx/cells_sim.v:2236.1-2242.10.
Generating RTLIL representation for module `\ROM128X1'.
Replacing existing blackbox module `\ROM256X1' at /home/cl4/opt/f4pga/xc7/conda/envs/xc7/bin/../share/yosys/xilinx/cells_sim.v:2244.1-2250.10.
Generating RTLIL representation for module `\ROM256X1'.
Replacing existing module `\SRL16' at /home/cl4/opt/f4pga/xc7/conda/envs/xc7/bin/../share/yosys/xilinx/cells_sim.v:2255.1-2278.10.
Generating RTLIL representation for module `\SRL16'.
Replacing existing module `\SRL16E' at /home/cl4/opt/f4pga/xc7/conda/envs/xc7/bin/../share/yosys/xilinx/cells_sim.v:2281.1-2316.10.
Generating RTLIL representation for module `\SRL16E'.
Replacing existing module `\SRLC16' at /home/cl4/opt/f4pga/xc7/conda/envs/xc7/bin/../share/yosys/xilinx/cells_sim.v:2319.1-2346.10.
Generating RTLIL representation for module `\SRLC16'.
Replacing existing module `\SRLC16E' at /home/cl4/opt/f4pga/xc7/conda/envs/xc7/bin/../share/yosys/xilinx/cells_sim.v:2349.1-2389.10.
Generating RTLIL representation for module `\SRLC16E'.
Replacing existing module `\SRLC32E' at /home/cl4/opt/f4pga/xc7/conda/envs/xc7/bin/../share/yosys/xilinx/cells_sim.v:2392.1-2434.10.
Generating RTLIL representation for module `\SRLC32E'.
Replacing existing blackbox module `\CFGLUT5' at /home/cl4/opt/f4pga/xc7/conda/envs/xc7/bin/../share/yosys/xilinx/cells_sim.v:2436.1-2459.10.
Generating RTLIL representation for module `\CFGLUT5'.
Replacing existing blackbox module `\MULT18X18' at /home/cl4/opt/f4pga/xc7/conda/envs/xc7/bin/../share/yosys/xilinx/cells_sim.v:2467.1-2475.10.
Generating RTLIL representation for module `\MULT18X18'.
Replacing existing blackbox module `\MULT18X18S' at /home/cl4/opt/f4pga/xc7/conda/envs/xc7/bin/../share/yosys/xilinx/cells_sim.v:2479.1-2495.10.
Generating RTLIL representation for module `\MULT18X18S'.
Replacing existing blackbox module `\MULT18X18SIO' at /home/cl4/opt/f4pga/xc7/conda/envs/xc7/bin/../share/yosys/xilinx/cells_sim.v:2499.1-2566.10.
Generating RTLIL representation for module `\MULT18X18SIO'.
Replacing existing blackbox module `\DSP48A' at /home/cl4/opt/f4pga/xc7/conda/envs/xc7/bin/../share/yosys/xilinx/cells_sim.v:2570.1-2666.10.
Generating RTLIL representation for module `\DSP48A'.
Replacing existing blackbox module `\DSP48A1' at /home/cl4/opt/f4pga/xc7/conda/envs/xc7/bin/../share/yosys/xilinx/cells_sim.v:2670.1-2964.10.
Generating RTLIL representation for module `\DSP48A1'.
Replacing existing blackbox module `\DSP48' at /home/cl4/opt/f4pga/xc7/conda/envs/xc7/bin/../share/yosys/xilinx/cells_sim.v:2966.1-3194.10.
Generating RTLIL representation for module `\DSP48'.
Replacing existing blackbox module `\DSP48E1' at /home/cl4/opt/f4pga/xc7/conda/envs/xc7/bin/../share/yosys/xilinx/cells_sim.v:3208.1-3951.10.
Generating RTLIL representation for module `\DSP48E1'.
Replacing existing blackbox module `\RAMB18E1' at /home/cl4/opt/f4pga/xc7/conda/envs/xc7/bin/../share/yosys/xilinx/cells_sim.v:3957.1-4133.10.
Generating RTLIL representation for module `\RAMB18E1'.
Replacing existing blackbox module `\RAMB36E1' at /home/cl4/opt/f4pga/xc7/conda/envs/xc7/bin/../share/yosys/xilinx/cells_sim.v:4135.1-4397.10.
Generating RTLIL representation for module `\RAMB36E1'.
Successfully finished Verilog frontend.

29. Executing Verilog-2005 frontend: /home/cl4/opt/f4pga/xc7/conda/envs/xc7/bin/../share/yosys/xilinx/cells_xtra.v
Parsing Verilog input from `/home/cl4/opt/f4pga/xc7/conda/envs/xc7/bin/../share/yosys/xilinx/cells_xtra.v' to AST representation.
Replacing existing blackbox module `\RAMB4_S1' at /home/cl4/opt/f4pga/xc7/conda/envs/xc7/bin/../share/yosys/xilinx/cells_xtra.v:3.1-28.10.
Generating RTLIL representation for module `\RAMB4_S1'.
Replacing existing blackbox module `\RAMB4_S2' at /home/cl4/opt/f4pga/xc7/conda/envs/xc7/bin/../share/yosys/xilinx/cells_xtra.v:30.1-55.10.
Generating RTLIL representation for module `\RAMB4_S2'.
Replacing existing blackbox module `\RAMB4_S4' at /home/cl4/opt/f4pga/xc7/conda/envs/xc7/bin/../share/yosys/xilinx/cells_xtra.v:57.1-82.10.
Generating RTLIL representation for module `\RAMB4_S4'.
Replacing existing blackbox module `\RAMB4_S8' at /home/cl4/opt/f4pga/xc7/conda/envs/xc7/bin/../share/yosys/xilinx/cells_xtra.v:84.1-109.10.
Generating RTLIL representation for module `\RAMB4_S8'.
Replacing existing blackbox module `\RAMB4_S16' at /home/cl4/opt/f4pga/xc7/conda/envs/xc7/bin/../share/yosys/xilinx/cells_xtra.v:111.1-136.10.
Generating RTLIL representation for module `\RAMB4_S16'.
Replacing existing blackbox module `\RAMB4_S1_S1' at /home/cl4/opt/f4pga/xc7/conda/envs/xc7/bin/../share/yosys/xilinx/cells_xtra.v:138.1-172.10.
Generating RTLIL representation for module `\RAMB4_S1_S1'.
Replacing existing blackbox module `\RAMB4_S1_S2' at /home/cl4/opt/f4pga/xc7/conda/envs/xc7/bin/../share/yosys/xilinx/cells_xtra.v:174.1-208.10.
Generating RTLIL representation for module `\RAMB4_S1_S2'.
Replacing existing blackbox module `\RAMB4_S1_S4' at /home/cl4/opt/f4pga/xc7/conda/envs/xc7/bin/../share/yosys/xilinx/cells_xtra.v:210.1-244.10.
Generating RTLIL representation for module `\RAMB4_S1_S4'.
Replacing existing blackbox module `\RAMB4_S1_S8' at /home/cl4/opt/f4pga/xc7/conda/envs/xc7/bin/../share/yosys/xilinx/cells_xtra.v:246.1-280.10.
Generating RTLIL representation for module `\RAMB4_S1_S8'.
Replacing existing blackbox module `\RAMB4_S1_S16' at /home/cl4/opt/f4pga/xc7/conda/envs/xc7/bin/../share/yosys/xilinx/cells_xtra.v:282.1-316.10.
Generating RTLIL representation for module `\RAMB4_S1_S16'.
Replacing existing blackbox module `\RAMB4_S2_S2' at /home/cl4/opt/f4pga/xc7/conda/envs/xc7/bin/../share/yosys/xilinx/cells_xtra.v:318.1-352.10.
Generating RTLIL representation for module `\RAMB4_S2_S2'.
Replacing existing blackbox module `\RAMB4_S2_S4' at /home/cl4/opt/f4pga/xc7/conda/envs/xc7/bin/../share/yosys/xilinx/cells_xtra.v:354.1-388.10.
Generating RTLIL representation for module `\RAMB4_S2_S4'.
Replacing existing blackbox module `\RAMB4_S2_S8' at /home/cl4/opt/f4pga/xc7/conda/envs/xc7/bin/../share/yosys/xilinx/cells_xtra.v:390.1-424.10.
Generating RTLIL representation for module `\RAMB4_S2_S8'.
Replacing existing blackbox module `\RAMB4_S2_S16' at /home/cl4/opt/f4pga/xc7/conda/envs/xc7/bin/../share/yosys/xilinx/cells_xtra.v:426.1-460.10.
Generating RTLIL representation for module `\RAMB4_S2_S16'.
Replacing existing blackbox module `\RAMB4_S4_S4' at /home/cl4/opt/f4pga/xc7/conda/envs/xc7/bin/../share/yosys/xilinx/cells_xtra.v:462.1-496.10.
Generating RTLIL representation for module `\RAMB4_S4_S4'.
Replacing existing blackbox module `\RAMB4_S4_S8' at /home/cl4/opt/f4pga/xc7/conda/envs/xc7/bin/../share/yosys/xilinx/cells_xtra.v:498.1-532.10.
Generating RTLIL representation for module `\RAMB4_S4_S8'.
Replacing existing blackbox module `\RAMB4_S4_S16' at /home/cl4/opt/f4pga/xc7/conda/envs/xc7/bin/../share/yosys/xilinx/cells_xtra.v:534.1-568.10.
Generating RTLIL representation for module `\RAMB4_S4_S16'.
Replacing existing blackbox module `\RAMB4_S8_S8' at /home/cl4/opt/f4pga/xc7/conda/envs/xc7/bin/../share/yosys/xilinx/cells_xtra.v:570.1-604.10.
Generating RTLIL representation for module `\RAMB4_S8_S8'.
Replacing existing blackbox module `\RAMB4_S8_S16' at /home/cl4/opt/f4pga/xc7/conda/envs/xc7/bin/../share/yosys/xilinx/cells_xtra.v:606.1-640.10.
Generating RTLIL representation for module `\RAMB4_S8_S16'.
Replacing existing blackbox module `\RAMB4_S16_S16' at /home/cl4/opt/f4pga/xc7/conda/envs/xc7/bin/../share/yosys/xilinx/cells_xtra.v:642.1-676.10.
Generating RTLIL representation for module `\RAMB4_S16_S16'.
Replacing existing blackbox module `\RAMB16_S1' at /home/cl4/opt/f4pga/xc7/conda/envs/xc7/bin/../share/yosys/xilinx/cells_xtra.v:678.1-754.10.
Generating RTLIL representation for module `\RAMB16_S1'.
Replacing existing blackbox module `\RAMB16_S2' at /home/cl4/opt/f4pga/xc7/conda/envs/xc7/bin/../share/yosys/xilinx/cells_xtra.v:756.1-832.10.
Generating RTLIL representation for module `\RAMB16_S2'.
Replacing existing blackbox module `\RAMB16_S4' at /home/cl4/opt/f4pga/xc7/conda/envs/xc7/bin/../share/yosys/xilinx/cells_xtra.v:834.1-910.10.
Generating RTLIL representation for module `\RAMB16_S4'.
Replacing existing blackbox module `\RAMB16_S9' at /home/cl4/opt/f4pga/xc7/conda/envs/xc7/bin/../share/yosys/xilinx/cells_xtra.v:912.1-998.10.
Generating RTLIL representation for module `\RAMB16_S9'.
Replacing existing blackbox module `\RAMB16_S18' at /home/cl4/opt/f4pga/xc7/conda/envs/xc7/bin/../share/yosys/xilinx/cells_xtra.v:1000.1-1086.10.
Generating RTLIL representation for module `\RAMB16_S18'.
Replacing existing blackbox module `\RAMB16_S36' at /home/cl4/opt/f4pga/xc7/conda/envs/xc7/bin/../share/yosys/xilinx/cells_xtra.v:1088.1-1174.10.
Generating RTLIL representation for module `\RAMB16_S36'.
Replacing existing blackbox module `\RAMB16_S1_S1' at /home/cl4/opt/f4pga/xc7/conda/envs/xc7/bin/../share/yosys/xilinx/cells_xtra.v:1176.1-1264.10.
Generating RTLIL representation for module `\RAMB16_S1_S1'.
Replacing existing blackbox module `\RAMB16_S1_S2' at /home/cl4/opt/f4pga/xc7/conda/envs/xc7/bin/../share/yosys/xilinx/cells_xtra.v:1266.1-1354.10.
Generating RTLIL representation for module `\RAMB16_S1_S2'.
Replacing existing blackbox module `\RAMB16_S1_S4' at /home/cl4/opt/f4pga/xc7/conda/envs/xc7/bin/../share/yosys/xilinx/cells_xtra.v:1356.1-1444.10.
Generating RTLIL representation for module `\RAMB16_S1_S4'.
Replacing existing blackbox module `\RAMB16_S1_S9' at /home/cl4/opt/f4pga/xc7/conda/envs/xc7/bin/../share/yosys/xilinx/cells_xtra.v:1446.1-1544.10.
Generating RTLIL representation for module `\RAMB16_S1_S9'.
Replacing existing blackbox module `\RAMB16_S1_S18' at /home/cl4/opt/f4pga/xc7/conda/envs/xc7/bin/../share/yosys/xilinx/cells_xtra.v:1546.1-1644.10.
Generating RTLIL representation for module `\RAMB16_S1_S18'.
Replacing existing blackbox module `\RAMB16_S1_S36' at /home/cl4/opt/f4pga/xc7/conda/envs/xc7/bin/../share/yosys/xilinx/cells_xtra.v:1646.1-1744.10.
Generating RTLIL representation for module `\RAMB16_S1_S36'.
Replacing existing blackbox module `\RAMB16_S2_S2' at /home/cl4/opt/f4pga/xc7/conda/envs/xc7/bin/../share/yosys/xilinx/cells_xtra.v:1746.1-1834.10.
Generating RTLIL representation for module `\RAMB16_S2_S2'.
Replacing existing blackbox module `\RAMB16_S2_S4' at /home/cl4/opt/f4pga/xc7/conda/envs/xc7/bin/../share/yosys/xilinx/cells_xtra.v:1836.1-1924.10.
Generating RTLIL representation for module `\RAMB16_S2_S4'.
Replacing existing blackbox module `\RAMB16_S2_S9' at /home/cl4/opt/f4pga/xc7/conda/envs/xc7/bin/../share/yosys/xilinx/cells_xtra.v:1926.1-2024.10.
Generating RTLIL representation for module `\RAMB16_S2_S9'.
Replacing existing blackbox module `\RAMB16_S2_S18' at /home/cl4/opt/f4pga/xc7/conda/envs/xc7/bin/../share/yosys/xilinx/cells_xtra.v:2026.1-2124.10.
Generating RTLIL representation for module `\RAMB16_S2_S18'.
Replacing existing blackbox module `\RAMB16_S2_S36' at /home/cl4/opt/f4pga/xc7/conda/envs/xc7/bin/../share/yosys/xilinx/cells_xtra.v:2126.1-2224.10.
Generating RTLIL representation for module `\RAMB16_S2_S36'.
Replacing existing blackbox module `\RAMB16_S4_S4' at /home/cl4/opt/f4pga/xc7/conda/envs/xc7/bin/../share/yosys/xilinx/cells_xtra.v:2226.1-2314.10.
Generating RTLIL representation for module `\RAMB16_S4_S4'.
Replacing existing blackbox module `\RAMB16_S4_S9' at /home/cl4/opt/f4pga/xc7/conda/envs/xc7/bin/../share/yosys/xilinx/cells_xtra.v:2316.1-2414.10.
Generating RTLIL representation for module `\RAMB16_S4_S9'.
Replacing existing blackbox module `\RAMB16_S4_S18' at /home/cl4/opt/f4pga/xc7/conda/envs/xc7/bin/../share/yosys/xilinx/cells_xtra.v:2416.1-2514.10.
Generating RTLIL representation for module `\RAMB16_S4_S18'.
Replacing existing blackbox module `\RAMB16_S4_S36' at /home/cl4/opt/f4pga/xc7/conda/envs/xc7/bin/../share/yosys/xilinx/cells_xtra.v:2516.1-2614.10.
Generating RTLIL representation for module `\RAMB16_S4_S36'.
Replacing existing blackbox module `\RAMB16_S9_S9' at /home/cl4/opt/f4pga/xc7/conda/envs/xc7/bin/../share/yosys/xilinx/cells_xtra.v:2616.1-2716.10.
Generating RTLIL representation for module `\RAMB16_S9_S9'.
Replacing existing blackbox module `\RAMB16_S9_S18' at /home/cl4/opt/f4pga/xc7/conda/envs/xc7/bin/../share/yosys/xilinx/cells_xtra.v:2718.1-2818.10.
Generating RTLIL representation for module `\RAMB16_S9_S18'.
Replacing existing blackbox module `\RAMB16_S9_S36' at /home/cl4/opt/f4pga/xc7/conda/envs/xc7/bin/../share/yosys/xilinx/cells_xtra.v:2820.1-2920.10.
Generating RTLIL representation for module `\RAMB16_S9_S36'.
Replacing existing blackbox module `\RAMB16_S18_S18' at /home/cl4/opt/f4pga/xc7/conda/envs/xc7/bin/../share/yosys/xilinx/cells_xtra.v:2922.1-3022.10.
Generating RTLIL representation for module `\RAMB16_S18_S18'.
Replacing existing blackbox module `\RAMB16_S18_S36' at /home/cl4/opt/f4pga/xc7/conda/envs/xc7/bin/../share/yosys/xilinx/cells_xtra.v:3024.1-3124.10.
Generating RTLIL representation for module `\RAMB16_S18_S36'.
Replacing existing blackbox module `\RAMB16_S36_S36' at /home/cl4/opt/f4pga/xc7/conda/envs/xc7/bin/../share/yosys/xilinx/cells_xtra.v:3126.1-3226.10.
Generating RTLIL representation for module `\RAMB16_S36_S36'.
Replacing existing blackbox module `\RAMB16BWE_S18' at /home/cl4/opt/f4pga/xc7/conda/envs/xc7/bin/../share/yosys/xilinx/cells_xtra.v:3228.1-3314.10.
Generating RTLIL representation for module `\RAMB16BWE_S18'.
Replacing existing blackbox module `\RAMB16BWE_S36' at /home/cl4/opt/f4pga/xc7/conda/envs/xc7/bin/../share/yosys/xilinx/cells_xtra.v:3316.1-3402.10.
Generating RTLIL representation for module `\RAMB16BWE_S36'.
Replacing existing blackbox module `\RAMB16BWE_S18_S9' at /home/cl4/opt/f4pga/xc7/conda/envs/xc7/bin/../share/yosys/xilinx/cells_xtra.v:3404.1-3504.10.
Generating RTLIL representation for module `\RAMB16BWE_S18_S9'.
Replacing existing blackbox module `\RAMB16BWE_S18_S18' at /home/cl4/opt/f4pga/xc7/conda/envs/xc7/bin/../share/yosys/xilinx/cells_xtra.v:3506.1-3606.10.
Generating RTLIL representation for module `\RAMB16BWE_S18_S18'.
Replacing existing blackbox module `\RAMB16BWE_S36_S9' at /home/cl4/opt/f4pga/xc7/conda/envs/xc7/bin/../share/yosys/xilinx/cells_xtra.v:3608.1-3708.10.
Generating RTLIL representation for module `\RAMB16BWE_S36_S9'.
Replacing existing blackbox module `\RAMB16BWE_S36_S18' at /home/cl4/opt/f4pga/xc7/conda/envs/xc7/bin/../share/yosys/xilinx/cells_xtra.v:3710.1-3810.10.
Generating RTLIL representation for module `\RAMB16BWE_S36_S18'.
Replacing existing blackbox module `\RAMB16BWE_S36_S36' at /home/cl4/opt/f4pga/xc7/conda/envs/xc7/bin/../share/yosys/xilinx/cells_xtra.v:3812.1-3912.10.
Generating RTLIL representation for module `\RAMB16BWE_S36_S36'.
Replacing existing blackbox module `\RAMB16BWER' at /home/cl4/opt/f4pga/xc7/conda/envs/xc7/bin/../share/yosys/xilinx/cells_xtra.v:3914.1-4029.10.
Generating RTLIL representation for module `\RAMB16BWER'.
Replacing existing blackbox module `\RAMB8BWER' at /home/cl4/opt/f4pga/xc7/conda/envs/xc7/bin/../share/yosys/xilinx/cells_xtra.v:4031.1-4110.10.
Generating RTLIL representation for module `\RAMB8BWER'.
Replacing existing blackbox module `\FIFO16' at /home/cl4/opt/f4pga/xc7/conda/envs/xc7/bin/../share/yosys/xilinx/cells_xtra.v:4112.1-4136.10.
Generating RTLIL representation for module `\FIFO16'.
Replacing existing blackbox module `\RAMB16' at /home/cl4/opt/f4pga/xc7/conda/envs/xc7/bin/../share/yosys/xilinx/cells_xtra.v:4138.1-4255.10.
Generating RTLIL representation for module `\RAMB16'.
Replacing existing blackbox module `\RAMB32_S64_ECC' at /home/cl4/opt/f4pga/xc7/conda/envs/xc7/bin/../share/yosys/xilinx/cells_xtra.v:4257.1-4272.10.
Generating RTLIL representation for module `\RAMB32_S64_ECC'.
Replacing existing blackbox module `\FIFO18' at /home/cl4/opt/f4pga/xc7/conda/envs/xc7/bin/../share/yosys/xilinx/cells_xtra.v:4274.1-4301.10.
Generating RTLIL representation for module `\FIFO18'.
Replacing existing blackbox module `\FIFO18_36' at /home/cl4/opt/f4pga/xc7/conda/envs/xc7/bin/../share/yosys/xilinx/cells_xtra.v:4303.1-4329.10.
Generating RTLIL representation for module `\FIFO18_36'.
Replacing existing blackbox module `\FIFO36' at /home/cl4/opt/f4pga/xc7/conda/envs/xc7/bin/../share/yosys/xilinx/cells_xtra.v:4331.1-4358.10.
Generating RTLIL representation for module `\FIFO36'.
Replacing existing blackbox module `\FIFO36_72' at /home/cl4/opt/f4pga/xc7/conda/envs/xc7/bin/../share/yosys/xilinx/cells_xtra.v:4360.1-4391.10.
Generating RTLIL representation for module `\FIFO36_72'.
Replacing existing blackbox module `\RAMB18' at /home/cl4/opt/f4pga/xc7/conda/envs/xc7/bin/../share/yosys/xilinx/cells_xtra.v:4393.1-4503.10.
Generating RTLIL representation for module `\RAMB18'.
Replacing existing blackbox module `\RAMB36' at /home/cl4/opt/f4pga/xc7/conda/envs/xc7/bin/../share/yosys/xilinx/cells_xtra.v:4505.1-4697.10.
Generating RTLIL representation for module `\RAMB36'.
Replacing existing blackbox module `\RAMB18SDP' at /home/cl4/opt/f4pga/xc7/conda/envs/xc7/bin/../share/yosys/xilinx/cells_xtra.v:4699.1-4793.10.
Generating RTLIL representation for module `\RAMB18SDP'.
Replacing existing blackbox module `\RAMB36SDP' at /home/cl4/opt/f4pga/xc7/conda/envs/xc7/bin/../share/yosys/xilinx/cells_xtra.v:4795.1-4967.10.
Generating RTLIL representation for module `\RAMB36SDP'.
Replacing existing blackbox module `\FIFO18E1' at /home/cl4/opt/f4pga/xc7/conda/envs/xc7/bin/../share/yosys/xilinx/cells_xtra.v:4969.1-5013.10.
Generating RTLIL representation for module `\FIFO18E1'.
Replacing existing blackbox module `\FIFO36E1' at /home/cl4/opt/f4pga/xc7/conda/envs/xc7/bin/../share/yosys/xilinx/cells_xtra.v:5015.1-5066.10.
Generating RTLIL representation for module `\FIFO36E1'.
Replacing existing blackbox module `\FIFO18E2' at /home/cl4/opt/f4pga/xc7/conda/envs/xc7/bin/../share/yosys/xilinx/cells_xtra.v:5068.1-5131.10.
Generating RTLIL representation for module `\FIFO18E2'.
Replacing existing blackbox module `\FIFO36E2' at /home/cl4/opt/f4pga/xc7/conda/envs/xc7/bin/../share/yosys/xilinx/cells_xtra.v:5133.1-5204.10.
Generating RTLIL representation for module `\FIFO36E2'.
Replacing existing blackbox module `\RAMB18E2' at /home/cl4/opt/f4pga/xc7/conda/envs/xc7/bin/../share/yosys/xilinx/cells_xtra.v:5206.1-5364.10.
Generating RTLIL representation for module `\RAMB18E2'.
Replacing existing blackbox module `\RAMB36E2' at /home/cl4/opt/f4pga/xc7/conda/envs/xc7/bin/../share/yosys/xilinx/cells_xtra.v:5366.1-5610.10.
Generating RTLIL representation for module `\RAMB36E2'.
Replacing existing blackbox module `\URAM288' at /home/cl4/opt/f4pga/xc7/conda/envs/xc7/bin/../share/yosys/xilinx/cells_xtra.v:5612.1-5725.10.
Generating RTLIL representation for module `\URAM288'.
Replacing existing blackbox module `\URAM288_BASE' at /home/cl4/opt/f4pga/xc7/conda/envs/xc7/bin/../share/yosys/xilinx/cells_xtra.v:5727.1-5790.10.
Generating RTLIL representation for module `\URAM288_BASE'.
Replacing existing blackbox module `\DSP48E' at /home/cl4/opt/f4pga/xc7/conda/envs/xc7/bin/../share/yosys/xilinx/cells_xtra.v:5792.1-5862.10.
Generating RTLIL representation for module `\DSP48E'.
Replacing existing blackbox module `\DSP48E2' at /home/cl4/opt/f4pga/xc7/conda/envs/xc7/bin/../share/yosys/xilinx/cells_xtra.v:5864.1-5977.10.
Generating RTLIL representation for module `\DSP48E2'.
Replacing existing blackbox module `\FDDRCPE' at /home/cl4/opt/f4pga/xc7/conda/envs/xc7/bin/../share/yosys/xilinx/cells_xtra.v:5979.1-5991.10.
Generating RTLIL representation for module `\FDDRCPE'.
Replacing existing blackbox module `\FDDRRSE' at /home/cl4/opt/f4pga/xc7/conda/envs/xc7/bin/../share/yosys/xilinx/cells_xtra.v:5993.1-6005.10.
Generating RTLIL representation for module `\FDDRRSE'.
Replacing existing blackbox module `\IFDDRCPE' at /home/cl4/opt/f4pga/xc7/conda/envs/xc7/bin/../share/yosys/xilinx/cells_xtra.v:6007.1-6019.10.
Generating RTLIL representation for module `\IFDDRCPE'.
Replacing existing blackbox module `\IFDDRRSE' at /home/cl4/opt/f4pga/xc7/conda/envs/xc7/bin/../share/yosys/xilinx/cells_xtra.v:6021.1-6033.10.
Generating RTLIL representation for module `\IFDDRRSE'.
Replacing existing blackbox module `\OFDDRCPE' at /home/cl4/opt/f4pga/xc7/conda/envs/xc7/bin/../share/yosys/xilinx/cells_xtra.v:6035.1-6047.10.
Generating RTLIL representation for module `\OFDDRCPE'.
Replacing existing blackbox module `\OFDDRRSE' at /home/cl4/opt/f4pga/xc7/conda/envs/xc7/bin/../share/yosys/xilinx/cells_xtra.v:6049.1-6061.10.
Generating RTLIL representation for module `\OFDDRRSE'.
Replacing existing blackbox module `\OFDDRTCPE' at /home/cl4/opt/f4pga/xc7/conda/envs/xc7/bin/../share/yosys/xilinx/cells_xtra.v:6063.1-6076.10.
Generating RTLIL representation for module `\OFDDRTCPE'.
Replacing existing blackbox module `\OFDDRTRSE' at /home/cl4/opt/f4pga/xc7/conda/envs/xc7/bin/../share/yosys/xilinx/cells_xtra.v:6078.1-6091.10.
Generating RTLIL representation for module `\OFDDRTRSE'.
Replacing existing blackbox module `\IDDR2' at /home/cl4/opt/f4pga/xc7/conda/envs/xc7/bin/../share/yosys/xilinx/cells_xtra.v:6093.1-6108.10.
Generating RTLIL representation for module `\IDDR2'.
Replacing existing blackbox module `\ODDR2' at /home/cl4/opt/f4pga/xc7/conda/envs/xc7/bin/../share/yosys/xilinx/cells_xtra.v:6110.1-6124.10.
Generating RTLIL representation for module `\ODDR2'.
Replacing existing blackbox module `\IDDR' at /home/cl4/opt/f4pga/xc7/conda/envs/xc7/bin/../share/yosys/xilinx/cells_xtra.v:6126.1-6145.10.
Generating RTLIL representation for module `\IDDR'.
Replacing existing blackbox module `\IDDR_2CLK' at /home/cl4/opt/f4pga/xc7/conda/envs/xc7/bin/../share/yosys/xilinx/cells_xtra.v:6147.1-6168.10.
Generating RTLIL representation for module `\IDDR_2CLK'.
Replacing existing blackbox module `\ODDR' at /home/cl4/opt/f4pga/xc7/conda/envs/xc7/bin/../share/yosys/xilinx/cells_xtra.v:6170.1-6190.10.
Generating RTLIL representation for module `\ODDR'.
Replacing existing blackbox module `\IDELAYCTRL' at /home/cl4/opt/f4pga/xc7/conda/envs/xc7/bin/../share/yosys/xilinx/cells_xtra.v:6193.1-6199.10.
Generating RTLIL representation for module `\IDELAYCTRL'.
Replacing existing blackbox module `\IDELAY' at /home/cl4/opt/f4pga/xc7/conda/envs/xc7/bin/../share/yosys/xilinx/cells_xtra.v:6201.1-6211.10.
Generating RTLIL representation for module `\IDELAY'.
Replacing existing blackbox module `\ISERDES' at /home/cl4/opt/f4pga/xc7/conda/envs/xc7/bin/../share/yosys/xilinx/cells_xtra.v:6213.1-6260.10.
Generating RTLIL representation for module `\ISERDES'.
Replacing existing blackbox module `\OSERDES' at /home/cl4/opt/f4pga/xc7/conda/envs/xc7/bin/../share/yosys/xilinx/cells_xtra.v:6262.1-6296.10.
Generating RTLIL representation for module `\OSERDES'.
Replacing existing blackbox module `\IODELAY' at /home/cl4/opt/f4pga/xc7/conda/envs/xc7/bin/../share/yosys/xilinx/cells_xtra.v:6298.1-6316.10.
Generating RTLIL representation for module `\IODELAY'.
Replacing existing blackbox module `\ISERDES_NODELAY' at /home/cl4/opt/f4pga/xc7/conda/envs/xc7/bin/../share/yosys/xilinx/cells_xtra.v:6318.1-6352.10.
Generating RTLIL representation for module `\ISERDES_NODELAY'.
Replacing existing blackbox module `\IODELAYE1' at /home/cl4/opt/f4pga/xc7/conda/envs/xc7/bin/../share/yosys/xilinx/cells_xtra.v:6354.1-6378.10.
Generating RTLIL representation for module `\IODELAYE1'.
Replacing existing blackbox module `\ISERDESE1' at /home/cl4/opt/f4pga/xc7/conda/envs/xc7/bin/../share/yosys/xilinx/cells_xtra.v:6380.1-6426.10.
Generating RTLIL representation for module `\ISERDESE1'.
Replacing existing blackbox module `\OSERDESE1' at /home/cl4/opt/f4pga/xc7/conda/envs/xc7/bin/../share/yosys/xilinx/cells_xtra.v:6428.1-6471.10.
Generating RTLIL representation for module `\OSERDESE1'.
Replacing existing blackbox module `\IDELAYE2' at /home/cl4/opt/f4pga/xc7/conda/envs/xc7/bin/../share/yosys/xilinx/cells_xtra.v:6473.1-6502.10.
Generating RTLIL representation for module `\IDELAYE2'.
Replacing existing blackbox module `\ODELAYE2' at /home/cl4/opt/f4pga/xc7/conda/envs/xc7/bin/../share/yosys/xilinx/cells_xtra.v:6504.1-6531.10.
Generating RTLIL representation for module `\ODELAYE2'.
Replacing existing blackbox module `\ISERDESE2' at /home/cl4/opt/f4pga/xc7/conda/envs/xc7/bin/../share/yosys/xilinx/cells_xtra.v:6533.1-6599.10.
Generating RTLIL representation for module `\ISERDESE2'.
Replacing existing blackbox module `\OSERDESE2' at /home/cl4/opt/f4pga/xc7/conda/envs/xc7/bin/../share/yosys/xilinx/cells_xtra.v:6601.1-6670.10.
Generating RTLIL representation for module `\OSERDESE2'.
Replacing existing blackbox module `\PHASER_IN' at /home/cl4/opt/f4pga/xc7/conda/envs/xc7/bin/../share/yosys/xilinx/cells_xtra.v:6673.1-6707.10.
Generating RTLIL representation for module `\PHASER_IN'.
Replacing existing blackbox module `\PHASER_IN_PHY' at /home/cl4/opt/f4pga/xc7/conda/envs/xc7/bin/../share/yosys/xilinx/cells_xtra.v:6710.1-6752.10.
Generating RTLIL representation for module `\PHASER_IN_PHY'.
Replacing existing blackbox module `\PHASER_OUT' at /home/cl4/opt/f4pga/xc7/conda/envs/xc7/bin/../share/yosys/xilinx/cells_xtra.v:6755.1-6794.10.
Generating RTLIL representation for module `\PHASER_OUT'.
Replacing existing blackbox module `\PHASER_OUT_PHY' at /home/cl4/opt/f4pga/xc7/conda/envs/xc7/bin/../share/yosys/xilinx/cells_xtra.v:6797.1-6841.10.
Generating RTLIL representation for module `\PHASER_OUT_PHY'.
Replacing existing blackbox module `\PHASER_REF' at /home/cl4/opt/f4pga/xc7/conda/envs/xc7/bin/../share/yosys/xilinx/cells_xtra.v:6844.1-6853.10.
Generating RTLIL representation for module `\PHASER_REF'.
Replacing existing blackbox module `\PHY_CONTROL' at /home/cl4/opt/f4pga/xc7/conda/envs/xc7/bin/../share/yosys/xilinx/cells_xtra.v:6856.1-6914.10.
Generating RTLIL representation for module `\PHY_CONTROL'.
Replacing existing blackbox module `\IDDRE1' at /home/cl4/opt/f4pga/xc7/conda/envs/xc7/bin/../share/yosys/xilinx/cells_xtra.v:6916.1-6930.10.
Generating RTLIL representation for module `\IDDRE1'.
Replacing existing blackbox module `\ODDRE1' at /home/cl4/opt/f4pga/xc7/conda/envs/xc7/bin/../share/yosys/xilinx/cells_xtra.v:6932.1-6947.10.
Generating RTLIL representation for module `\ODDRE1'.
Replacing existing blackbox module `\IDELAYE3' at /home/cl4/opt/f4pga/xc7/conda/envs/xc7/bin/../share/yosys/xilinx/cells_xtra.v:6949.1-6979.10.
Generating RTLIL representation for module `\IDELAYE3'.
Replacing existing blackbox module `\ODELAYE3' at /home/cl4/opt/f4pga/xc7/conda/envs/xc7/bin/../share/yosys/xilinx/cells_xtra.v:6981.1-7008.10.
Generating RTLIL representation for module `\ODELAYE3'.
Replacing existing blackbox module `\ISERDESE3' at /home/cl4/opt/f4pga/xc7/conda/envs/xc7/bin/../share/yosys/xilinx/cells_xtra.v:7010.1-7038.10.
Generating RTLIL representation for module `\ISERDESE3'.
Replacing existing blackbox module `\OSERDESE3' at /home/cl4/opt/f4pga/xc7/conda/envs/xc7/bin/../share/yosys/xilinx/cells_xtra.v:7040.1-7063.10.
Generating RTLIL representation for module `\OSERDESE3'.
Replacing existing blackbox module `\BITSLICE_CONTROL' at /home/cl4/opt/f4pga/xc7/conda/envs/xc7/bin/../share/yosys/xilinx/cells_xtra.v:7066.1-7148.10.
Generating RTLIL representation for module `\BITSLICE_CONTROL'.
Replacing existing blackbox module `\RIU_OR' at /home/cl4/opt/f4pga/xc7/conda/envs/xc7/bin/../share/yosys/xilinx/cells_xtra.v:7151.1-7160.10.
Generating RTLIL representation for module `\RIU_OR'.
Replacing existing blackbox module `\RX_BITSLICE' at /home/cl4/opt/f4pga/xc7/conda/envs/xc7/bin/../share/yosys/xilinx/cells_xtra.v:7162.1-7213.10.
Generating RTLIL representation for module `\RX_BITSLICE'.
Replacing existing blackbox module `\RXTX_BITSLICE' at /home/cl4/opt/f4pga/xc7/conda/envs/xc7/bin/../share/yosys/xilinx/cells_xtra.v:7215.1-7283.10.
Generating RTLIL representation for module `\RXTX_BITSLICE'.
Replacing existing blackbox module `\TX_BITSLICE' at /home/cl4/opt/f4pga/xc7/conda/envs/xc7/bin/../share/yosys/xilinx/cells_xtra.v:7285.1-7323.10.
Generating RTLIL representation for module `\TX_BITSLICE'.
Replacing existing blackbox module `\TX_BITSLICE_TRI' at /home/cl4/opt/f4pga/xc7/conda/envs/xc7/bin/../share/yosys/xilinx/cells_xtra.v:7325.1-7355.10.
Generating RTLIL representation for module `\TX_BITSLICE_TRI'.
Replacing existing blackbox module `\IODELAY2' at /home/cl4/opt/f4pga/xc7/conda/envs/xc7/bin/../share/yosys/xilinx/cells_xtra.v:7357.1-7386.10.
Generating RTLIL representation for module `\IODELAY2'.
Replacing existing blackbox module `\IODRP2' at /home/cl4/opt/f4pga/xc7/conda/envs/xc7/bin/../share/yosys/xilinx/cells_xtra.v:7388.1-7409.10.
Generating RTLIL representation for module `\IODRP2'.
Replacing existing blackbox module `\IODRP2_MCB' at /home/cl4/opt/f4pga/xc7/conda/envs/xc7/bin/../share/yosys/xilinx/cells_xtra.v:7411.1-7442.10.
Generating RTLIL representation for module `\IODRP2_MCB'.
Replacing existing blackbox module `\ISERDES2' at /home/cl4/opt/f4pga/xc7/conda/envs/xc7/bin/../share/yosys/xilinx/cells_xtra.v:7444.1-7473.10.
Generating RTLIL representation for module `\ISERDES2'.
Replacing existing blackbox module `\OSERDES2' at /home/cl4/opt/f4pga/xc7/conda/envs/xc7/bin/../share/yosys/xilinx/cells_xtra.v:7475.1-7512.10.
Generating RTLIL representation for module `\OSERDES2'.
Replacing existing blackbox module `\IBUF_DLY_ADJ' at /home/cl4/opt/f4pga/xc7/conda/envs/xc7/bin/../share/yosys/xilinx/cells_xtra.v:7514.1-7521.10.
Generating RTLIL representation for module `\IBUF_DLY_ADJ'.
Replacing existing blackbox module `\IBUF_IBUFDISABLE' at /home/cl4/opt/f4pga/xc7/conda/envs/xc7/bin/../share/yosys/xilinx/cells_xtra.v:7523.1-7532.10.
Generating RTLIL representation for module `\IBUF_IBUFDISABLE'.
Replacing existing blackbox module `\IBUF_INTERMDISABLE' at /home/cl4/opt/f4pga/xc7/conda/envs/xc7/bin/../share/yosys/xilinx/cells_xtra.v:7534.1-7544.10.
Generating RTLIL representation for module `\IBUF_INTERMDISABLE'.
Replacing existing blackbox module `\IBUF_ANALOG' at /home/cl4/opt/f4pga/xc7/conda/envs/xc7/bin/../share/yosys/xilinx/cells_xtra.v:7546.1-7550.10.
Generating RTLIL representation for module `\IBUF_ANALOG'.
Replacing existing blackbox module `\IBUFE3' at /home/cl4/opt/f4pga/xc7/conda/envs/xc7/bin/../share/yosys/xilinx/cells_xtra.v:7552.1-7566.10.
Generating RTLIL representation for module `\IBUFE3'.
Replacing existing blackbox module `\IBUFDS' at /home/cl4/opt/f4pga/xc7/conda/envs/xc7/bin/../share/yosys/xilinx/cells_xtra.v:7568.1-7581.10.
Generating RTLIL representation for module `\IBUFDS'.
Replacing existing blackbox module `\IBUFDS_DLY_ADJ' at /home/cl4/opt/f4pga/xc7/conda/envs/xc7/bin/../share/yosys/xilinx/cells_xtra.v:7583.1-7593.10.
Generating RTLIL representation for module `\IBUFDS_DLY_ADJ'.
Replacing existing blackbox module `\IBUFDS_IBUFDISABLE' at /home/cl4/opt/f4pga/xc7/conda/envs/xc7/bin/../share/yosys/xilinx/cells_xtra.v:7595.1-7608.10.
Generating RTLIL representation for module `\IBUFDS_IBUFDISABLE'.
Replacing existing blackbox module `\IBUFDS_INTERMDISABLE' at /home/cl4/opt/f4pga/xc7/conda/envs/xc7/bin/../share/yosys/xilinx/cells_xtra.v:7610.1-7624.10.
Generating RTLIL representation for module `\IBUFDS_INTERMDISABLE'.
Replacing existing blackbox module `\IBUFDS_DIFF_OUT' at /home/cl4/opt/f4pga/xc7/conda/envs/xc7/bin/../share/yosys/xilinx/cells_xtra.v:7626.1-7637.10.
Generating RTLIL representation for module `\IBUFDS_DIFF_OUT'.
Replacing existing blackbox module `\IBUFDS_DIFF_OUT_IBUFDISABLE' at /home/cl4/opt/f4pga/xc7/conda/envs/xc7/bin/../share/yosys/xilinx/cells_xtra.v:7639.1-7653.10.
Generating RTLIL representation for module `\IBUFDS_DIFF_OUT_IBUFDISABLE'.
Replacing existing blackbox module `\IBUFDS_DIFF_OUT_INTERMDISABLE' at /home/cl4/opt/f4pga/xc7/conda/envs/xc7/bin/../share/yosys/xilinx/cells_xtra.v:7655.1-7670.10.
Generating RTLIL representation for module `\IBUFDS_DIFF_OUT_INTERMDISABLE'.
Replacing existing blackbox module `\IBUFDSE3' at /home/cl4/opt/f4pga/xc7/conda/envs/xc7/bin/../share/yosys/xilinx/cells_xtra.v:7672.1-7687.10.
Generating RTLIL representation for module `\IBUFDSE3'.
Replacing existing blackbox module `\IBUFDS_DPHY' at /home/cl4/opt/f4pga/xc7/conda/envs/xc7/bin/../share/yosys/xilinx/cells_xtra.v:7689.1-7701.10.
Generating RTLIL representation for module `\IBUFDS_DPHY'.
Replacing existing blackbox module `\IBUFGDS' at /home/cl4/opt/f4pga/xc7/conda/envs/xc7/bin/../share/yosys/xilinx/cells_xtra.v:7703.1-7714.10.
Generating RTLIL representation for module `\IBUFGDS'.
Replacing existing blackbox module `\IBUFGDS_DIFF_OUT' at /home/cl4/opt/f4pga/xc7/conda/envs/xc7/bin/../share/yosys/xilinx/cells_xtra.v:7716.1-7727.10.
Generating RTLIL representation for module `\IBUFGDS_DIFF_OUT'.
Replacing existing blackbox module `\IOBUF_DCIEN' at /home/cl4/opt/f4pga/xc7/conda/envs/xc7/bin/../share/yosys/xilinx/cells_xtra.v:7729.1-7743.10.
Generating RTLIL representation for module `\IOBUF_DCIEN'.
Replacing existing blackbox module `\IOBUF_INTERMDISABLE' at /home/cl4/opt/f4pga/xc7/conda/envs/xc7/bin/../share/yosys/xilinx/cells_xtra.v:7745.1-7759.10.
Generating RTLIL representation for module `\IOBUF_INTERMDISABLE'.
Replacing existing blackbox module `\IOBUFE3' at /home/cl4/opt/f4pga/xc7/conda/envs/xc7/bin/../share/yosys/xilinx/cells_xtra.v:7761.1-7778.10.
Generating RTLIL representation for module `\IOBUFE3'.
Replacing existing blackbox module `\IOBUFDS' at /home/cl4/opt/f4pga/xc7/conda/envs/xc7/bin/../share/yosys/xilinx/cells_xtra.v:7780.1-7793.10.
Generating RTLIL representation for module `\IOBUFDS'.
Replacing existing blackbox module `\IOBUFDS_DCIEN' at /home/cl4/opt/f4pga/xc7/conda/envs/xc7/bin/../share/yosys/xilinx/cells_xtra.v:7795.1-7812.10.
Generating RTLIL representation for module `\IOBUFDS_DCIEN'.
Replacing existing blackbox module `\IOBUFDS_INTERMDISABLE' at /home/cl4/opt/f4pga/xc7/conda/envs/xc7/bin/../share/yosys/xilinx/cells_xtra.v:7814.1-7831.10.
Generating RTLIL representation for module `\IOBUFDS_INTERMDISABLE'.
Replacing existing blackbox module `\IOBUFDS_DIFF_OUT' at /home/cl4/opt/f4pga/xc7/conda/envs/xc7/bin/../share/yosys/xilinx/cells_xtra.v:7833.1-7847.10.
Generating RTLIL representation for module `\IOBUFDS_DIFF_OUT'.
Replacing existing blackbox module `\IOBUFDS_DIFF_OUT_DCIEN' at /home/cl4/opt/f4pga/xc7/conda/envs/xc7/bin/../share/yosys/xilinx/cells_xtra.v:7849.1-7867.10.
Generating RTLIL representation for module `\IOBUFDS_DIFF_OUT_DCIEN'.
Replacing existing blackbox module `\IOBUFDS_DIFF_OUT_INTERMDISABLE' at /home/cl4/opt/f4pga/xc7/conda/envs/xc7/bin/../share/yosys/xilinx/cells_xtra.v:7869.1-7887.10.
Generating RTLIL representation for module `\IOBUFDS_DIFF_OUT_INTERMDISABLE'.
Replacing existing blackbox module `\IOBUFDSE3' at /home/cl4/opt/f4pga/xc7/conda/envs/xc7/bin/../share/yosys/xilinx/cells_xtra.v:7889.1-7907.10.
Generating RTLIL representation for module `\IOBUFDSE3'.
Replacing existing blackbox module `\OBUFDS' at /home/cl4/opt/f4pga/xc7/conda/envs/xc7/bin/../share/yosys/xilinx/cells_xtra.v:7909.1-7918.10.
Generating RTLIL representation for module `\OBUFDS'.
Replacing existing blackbox module `\OBUFDS_DPHY' at /home/cl4/opt/f4pga/xc7/conda/envs/xc7/bin/../share/yosys/xilinx/cells_xtra.v:7920.1-7931.10.
Generating RTLIL representation for module `\OBUFDS_DPHY'.
Replacing existing blackbox module `\OBUFTDS' at /home/cl4/opt/f4pga/xc7/conda/envs/xc7/bin/../share/yosys/xilinx/cells_xtra.v:7933.1-7943.10.
Generating RTLIL representation for module `\OBUFTDS'.
Replacing existing blackbox module `\KEEPER' at /home/cl4/opt/f4pga/xc7/conda/envs/xc7/bin/../share/yosys/xilinx/cells_xtra.v:7945.1-7947.10.
Generating RTLIL representation for module `\KEEPER'.
Replacing existing blackbox module `\PULLDOWN' at /home/cl4/opt/f4pga/xc7/conda/envs/xc7/bin/../share/yosys/xilinx/cells_xtra.v:7949.1-7951.10.
Generating RTLIL representation for module `\PULLDOWN'.
Replacing existing blackbox module `\PULLUP' at /home/cl4/opt/f4pga/xc7/conda/envs/xc7/bin/../share/yosys/xilinx/cells_xtra.v:7953.1-7955.10.
Generating RTLIL representation for module `\PULLUP'.
Replacing existing blackbox module `\DCIRESET' at /home/cl4/opt/f4pga/xc7/conda/envs/xc7/bin/../share/yosys/xilinx/cells_xtra.v:7958.1-7961.10.
Generating RTLIL representation for module `\DCIRESET'.
Replacing existing blackbox module `\HPIO_VREF' at /home/cl4/opt/f4pga/xc7/conda/envs/xc7/bin/../share/yosys/xilinx/cells_xtra.v:7964.1-7968.10.
Generating RTLIL representation for module `\HPIO_VREF'.
Replacing existing blackbox module `\BUFGCE' at /home/cl4/opt/f4pga/xc7/conda/envs/xc7/bin/../share/yosys/xilinx/cells_xtra.v:7970.1-7982.10.
Generating RTLIL representation for module `\BUFGCE'.
Replacing existing blackbox module `\BUFGCE_1' at /home/cl4/opt/f4pga/xc7/conda/envs/xc7/bin/../share/yosys/xilinx/cells_xtra.v:7984.1-7989.10.
Generating RTLIL representation for module `\BUFGCE_1'.
Replacing existing blackbox module `\BUFGMUX' at /home/cl4/opt/f4pga/xc7/conda/envs/xc7/bin/../share/yosys/xilinx/cells_xtra.v:7991.1-7998.10.
Generating RTLIL representation for module `\BUFGMUX'.
Replacing existing blackbox module `\BUFGMUX_1' at /home/cl4/opt/f4pga/xc7/conda/envs/xc7/bin/../share/yosys/xilinx/cells_xtra.v:8000.1-8007.10.
Generating RTLIL representation for module `\BUFGMUX_1'.
Replacing existing blackbox module `\BUFGMUX_CTRL' at /home/cl4/opt/f4pga/xc7/conda/envs/xc7/bin/../share/yosys/xilinx/cells_xtra.v:8009.1-8015.10.
Generating RTLIL representation for module `\BUFGMUX_CTRL'.
Replacing existing blackbox module `\BUFGMUX_VIRTEX4' at /home/cl4/opt/f4pga/xc7/conda/envs/xc7/bin/../share/yosys/xilinx/cells_xtra.v:8017.1-8023.10.
Generating RTLIL representation for module `\BUFGMUX_VIRTEX4'.
Replacing existing blackbox module `\BUFG_GT' at /home/cl4/opt/f4pga/xc7/conda/envs/xc7/bin/../share/yosys/xilinx/cells_xtra.v:8025.1-8036.10.
Generating RTLIL representation for module `\BUFG_GT'.
Replacing existing blackbox module `\BUFG_GT_SYNC' at /home/cl4/opt/f4pga/xc7/conda/envs/xc7/bin/../share/yosys/xilinx/cells_xtra.v:8038.1-8044.10.
Generating RTLIL representation for module `\BUFG_GT_SYNC'.
Replacing existing blackbox module `\BUFG_PS' at /home/cl4/opt/f4pga/xc7/conda/envs/xc7/bin/../share/yosys/xilinx/cells_xtra.v:8046.1-8052.10.
Generating RTLIL representation for module `\BUFG_PS'.
Replacing existing blackbox module `\BUFGCE_DIV' at /home/cl4/opt/f4pga/xc7/conda/envs/xc7/bin/../share/yosys/xilinx/cells_xtra.v:8054.1-8071.10.
Generating RTLIL representation for module `\BUFGCE_DIV'.
Replacing existing blackbox module `\BUFH' at /home/cl4/opt/f4pga/xc7/conda/envs/xc7/bin/../share/yosys/xilinx/cells_xtra.v:8073.1-8077.10.
Generating RTLIL representation for module `\BUFH'.
Replacing existing blackbox module `\BUFIO2' at /home/cl4/opt/f4pga/xc7/conda/envs/xc7/bin/../share/yosys/xilinx/cells_xtra.v:8079.1-8090.10.
Generating RTLIL representation for module `\BUFIO2'.
Replacing existing blackbox module `\BUFIO2_2CLK' at /home/cl4/opt/f4pga/xc7/conda/envs/xc7/bin/../share/yosys/xilinx/cells_xtra.v:8092.1-8101.10.
Generating RTLIL representation for module `\BUFIO2_2CLK'.
Replacing existing blackbox module `\BUFIO2FB' at /home/cl4/opt/f4pga/xc7/conda/envs/xc7/bin/../share/yosys/xilinx/cells_xtra.v:8103.1-8108.10.
Generating RTLIL representation for module `\BUFIO2FB'.
Replacing existing blackbox module `\BUFPLL' at /home/cl4/opt/f4pga/xc7/conda/envs/xc7/bin/../share/yosys/xilinx/cells_xtra.v:8110.1-8120.10.
Generating RTLIL representation for module `\BUFPLL'.
Replacing existing blackbox module `\BUFPLL_MCB' at /home/cl4/opt/f4pga/xc7/conda/envs/xc7/bin/../share/yosys/xilinx/cells_xtra.v:8122.1-8136.10.
Generating RTLIL representation for module `\BUFPLL_MCB'.
Replacing existing blackbox module `\BUFIO' at /home/cl4/opt/f4pga/xc7/conda/envs/xc7/bin/../share/yosys/xilinx/cells_xtra.v:8138.1-8142.10.
Generating RTLIL representation for module `\BUFIO'.
Replacing existing blackbox module `\BUFIODQS' at /home/cl4/opt/f4pga/xc7/conda/envs/xc7/bin/../share/yosys/xilinx/cells_xtra.v:8144.1-8150.10.
Generating RTLIL representation for module `\BUFIODQS'.
Replacing existing blackbox module `\BUFR' at /home/cl4/opt/f4pga/xc7/conda/envs/xc7/bin/../share/yosys/xilinx/cells_xtra.v:8152.1-8160.10.
Generating RTLIL representation for module `\BUFR'.
Replacing existing blackbox module `\BUFMR' at /home/cl4/opt/f4pga/xc7/conda/envs/xc7/bin/../share/yosys/xilinx/cells_xtra.v:8162.1-8166.10.
Generating RTLIL representation for module `\BUFMR'.
Replacing existing blackbox module `\BUFMRCE' at /home/cl4/opt/f4pga/xc7/conda/envs/xc7/bin/../share/yosys/xilinx/cells_xtra.v:8168.1-8177.10.
Generating RTLIL representation for module `\BUFMRCE'.
Replacing existing blackbox module `\DCM' at /home/cl4/opt/f4pga/xc7/conda/envs/xc7/bin/../share/yosys/xilinx/cells_xtra.v:8179.1-8215.10.
Generating RTLIL representation for module `\DCM'.
Replacing existing blackbox module `\DCM_SP' at /home/cl4/opt/f4pga/xc7/conda/envs/xc7/bin/../share/yosys/xilinx/cells_xtra.v:8217.1-8252.10.
Generating RTLIL representation for module `\DCM_SP'.
Replacing existing blackbox module `\DCM_CLKGEN' at /home/cl4/opt/f4pga/xc7/conda/envs/xc7/bin/../share/yosys/xilinx/cells_xtra.v:8254.1-8274.10.
Generating RTLIL representation for module `\DCM_CLKGEN'.
Replacing existing blackbox module `\DCM_ADV' at /home/cl4/opt/f4pga/xc7/conda/envs/xc7/bin/../share/yosys/xilinx/cells_xtra.v:8276.1-8318.10.
Generating RTLIL representation for module `\DCM_ADV'.
Replacing existing blackbox module `\DCM_BASE' at /home/cl4/opt/f4pga/xc7/conda/envs/xc7/bin/../share/yosys/xilinx/cells_xtra.v:8320.1-8350.10.
Generating RTLIL representation for module `\DCM_BASE'.
Replacing existing blackbox module `\DCM_PS' at /home/cl4/opt/f4pga/xc7/conda/envs/xc7/bin/../share/yosys/xilinx/cells_xtra.v:8352.1-8387.10.
Generating RTLIL representation for module `\DCM_PS'.
Replacing existing blackbox module `\PMCD' at /home/cl4/opt/f4pga/xc7/conda/envs/xc7/bin/../share/yosys/xilinx/cells_xtra.v:8389.1-8405.10.
Generating RTLIL representation for module `\PMCD'.
Replacing existing blackbox module `\PLL_ADV' at /home/cl4/opt/f4pga/xc7/conda/envs/xc7/bin/../share/yosys/xilinx/cells_xtra.v:8407.1-8481.10.
Generating RTLIL representation for module `\PLL_ADV'.
Replacing existing blackbox module `\PLL_BASE' at /home/cl4/opt/f4pga/xc7/conda/envs/xc7/bin/../share/yosys/xilinx/cells_xtra.v:8483.1-8522.10.
Generating RTLIL representation for module `\PLL_BASE'.
Replacing existing blackbox module `\MMCM_ADV' at /home/cl4/opt/f4pga/xc7/conda/envs/xc7/bin/../share/yosys/xilinx/cells_xtra.v:8524.1-8605.10.
Generating RTLIL representation for module `\MMCM_ADV'.
Replacing existing blackbox module `\MMCM_BASE' at /home/cl4/opt/f4pga/xc7/conda/envs/xc7/bin/../share/yosys/xilinx/cells_xtra.v:8607.1-8656.10.
Generating RTLIL representation for module `\MMCM_BASE'.
Replacing existing blackbox module `\MMCME2_ADV' at /home/cl4/opt/f4pga/xc7/conda/envs/xc7/bin/../share/yosys/xilinx/cells_xtra.v:8658.1-8751.10.
Generating RTLIL representation for module `\MMCME2_ADV'.
Replacing existing blackbox module `\MMCME2_BASE' at /home/cl4/opt/f4pga/xc7/conda/envs/xc7/bin/../share/yosys/xilinx/cells_xtra.v:8753.1-8801.10.
Generating RTLIL representation for module `\MMCME2_BASE'.
Replacing existing blackbox module `\PLLE2_ADV' at /home/cl4/opt/f4pga/xc7/conda/envs/xc7/bin/../share/yosys/xilinx/cells_xtra.v:8803.1-8865.10.
Generating RTLIL representation for module `\PLLE2_ADV'.
Replacing existing blackbox module `\PLLE2_BASE' at /home/cl4/opt/f4pga/xc7/conda/envs/xc7/bin/../share/yosys/xilinx/cells_xtra.v:8867.1-8905.10.
Generating RTLIL representation for module `\PLLE2_BASE'.
Replacing existing blackbox module `\MMCME3_ADV' at /home/cl4/opt/f4pga/xc7/conda/envs/xc7/bin/../share/yosys/xilinx/cells_xtra.v:8907.1-9008.10.
Generating RTLIL representation for module `\MMCME3_ADV'.
Replacing existing blackbox module `\MMCME3_BASE' at /home/cl4/opt/f4pga/xc7/conda/envs/xc7/bin/../share/yosys/xilinx/cells_xtra.v:9010.1-9066.10.
Generating RTLIL representation for module `\MMCME3_BASE'.
Replacing existing blackbox module `\PLLE3_ADV' at /home/cl4/opt/f4pga/xc7/conda/envs/xc7/bin/../share/yosys/xilinx/cells_xtra.v:9068.1-9116.10.
Generating RTLIL representation for module `\PLLE3_ADV'.
Replacing existing blackbox module `\PLLE3_BASE' at /home/cl4/opt/f4pga/xc7/conda/envs/xc7/bin/../share/yosys/xilinx/cells_xtra.v:9118.1-9152.10.
Generating RTLIL representation for module `\PLLE3_BASE'.
Replacing existing blackbox module `\MMCME4_ADV' at /home/cl4/opt/f4pga/xc7/conda/envs/xc7/bin/../share/yosys/xilinx/cells_xtra.v:9154.1-9255.10.
Generating RTLIL representation for module `\MMCME4_ADV'.
Replacing existing blackbox module `\MMCME4_BASE' at /home/cl4/opt/f4pga/xc7/conda/envs/xc7/bin/../share/yosys/xilinx/cells_xtra.v:9257.1-9313.10.
Generating RTLIL representation for module `\MMCME4_BASE'.
Replacing existing blackbox module `\PLLE4_ADV' at /home/cl4/opt/f4pga/xc7/conda/envs/xc7/bin/../share/yosys/xilinx/cells_xtra.v:9315.1-9363.10.
Generating RTLIL representation for module `\PLLE4_ADV'.
Replacing existing blackbox module `\PLLE4_BASE' at /home/cl4/opt/f4pga/xc7/conda/envs/xc7/bin/../share/yosys/xilinx/cells_xtra.v:9365.1-9399.10.
Generating RTLIL representation for module `\PLLE4_BASE'.
Replacing existing blackbox module `\BUFT' at /home/cl4/opt/f4pga/xc7/conda/envs/xc7/bin/../share/yosys/xilinx/cells_xtra.v:9401.1-9405.10.
Generating RTLIL representation for module `\BUFT'.
Replacing existing blackbox module `\IN_FIFO' at /home/cl4/opt/f4pga/xc7/conda/envs/xc7/bin/../share/yosys/xilinx/cells_xtra.v:9407.1-9443.10.
Generating RTLIL representation for module `\IN_FIFO'.
Replacing existing blackbox module `\OUT_FIFO' at /home/cl4/opt/f4pga/xc7/conda/envs/xc7/bin/../share/yosys/xilinx/cells_xtra.v:9445.1-9482.10.
Generating RTLIL representation for module `\OUT_FIFO'.
Replacing existing blackbox module `\HARD_SYNC' at /home/cl4/opt/f4pga/xc7/conda/envs/xc7/bin/../share/yosys/xilinx/cells_xtra.v:9484.1-9493.10.
Generating RTLIL representation for module `\HARD_SYNC'.
Replacing existing blackbox module `\STARTUP_SPARTAN3' at /home/cl4/opt/f4pga/xc7/conda/envs/xc7/bin/../share/yosys/xilinx/cells_xtra.v:9496.1-9500.10.
Generating RTLIL representation for module `\STARTUP_SPARTAN3'.
Replacing existing blackbox module `\STARTUP_SPARTAN3E' at /home/cl4/opt/f4pga/xc7/conda/envs/xc7/bin/../share/yosys/xilinx/cells_xtra.v:9503.1-9508.10.
Generating RTLIL representation for module `\STARTUP_SPARTAN3E'.
Replacing existing blackbox module `\STARTUP_SPARTAN3A' at /home/cl4/opt/f4pga/xc7/conda/envs/xc7/bin/../share/yosys/xilinx/cells_xtra.v:9511.1-9515.10.
Generating RTLIL representation for module `\STARTUP_SPARTAN3A'.
Replacing existing blackbox module `\STARTUP_SPARTAN6' at /home/cl4/opt/f4pga/xc7/conda/envs/xc7/bin/../share/yosys/xilinx/cells_xtra.v:9518.1-9526.10.
Generating RTLIL representation for module `\STARTUP_SPARTAN6'.
Replacing existing blackbox module `\STARTUP_VIRTEX4' at /home/cl4/opt/f4pga/xc7/conda/envs/xc7/bin/../share/yosys/xilinx/cells_xtra.v:9529.1-9538.10.
Generating RTLIL representation for module `\STARTUP_VIRTEX4'.
Replacing existing blackbox module `\STARTUP_VIRTEX5' at /home/cl4/opt/f4pga/xc7/conda/envs/xc7/bin/../share/yosys/xilinx/cells_xtra.v:9541.1-9554.10.
Generating RTLIL representation for module `\STARTUP_VIRTEX5'.
Replacing existing blackbox module `\STARTUP_VIRTEX6' at /home/cl4/opt/f4pga/xc7/conda/envs/xc7/bin/../share/yosys/xilinx/cells_xtra.v:9557.1-9574.10.
Generating RTLIL representation for module `\STARTUP_VIRTEX6'.
Replacing existing blackbox module `\STARTUPE2' at /home/cl4/opt/f4pga/xc7/conda/envs/xc7/bin/../share/yosys/xilinx/cells_xtra.v:9577.1-9593.10.
Generating RTLIL representation for module `\STARTUPE2'.
Replacing existing blackbox module `\STARTUPE3' at /home/cl4/opt/f4pga/xc7/conda/envs/xc7/bin/../share/yosys/xilinx/cells_xtra.v:9596.1-9616.10.
Generating RTLIL representation for module `\STARTUPE3'.
Replacing existing blackbox module `\CAPTURE_SPARTAN3' at /home/cl4/opt/f4pga/xc7/conda/envs/xc7/bin/../share/yosys/xilinx/cells_xtra.v:9619.1-9623.10.
Generating RTLIL representation for module `\CAPTURE_SPARTAN3'.
Replacing existing blackbox module `\CAPTURE_SPARTAN3A' at /home/cl4/opt/f4pga/xc7/conda/envs/xc7/bin/../share/yosys/xilinx/cells_xtra.v:9626.1-9630.10.
Generating RTLIL representation for module `\CAPTURE_SPARTAN3A'.
Replacing existing blackbox module `\CAPTURE_VIRTEX4' at /home/cl4/opt/f4pga/xc7/conda/envs/xc7/bin/../share/yosys/xilinx/cells_xtra.v:9633.1-9637.10.
Generating RTLIL representation for module `\CAPTURE_VIRTEX4'.
Replacing existing blackbox module `\CAPTURE_VIRTEX5' at /home/cl4/opt/f4pga/xc7/conda/envs/xc7/bin/../share/yosys/xilinx/cells_xtra.v:9640.1-9644.10.
Generating RTLIL representation for module `\CAPTURE_VIRTEX5'.
Replacing existing blackbox module `\CAPTURE_VIRTEX6' at /home/cl4/opt/f4pga/xc7/conda/envs/xc7/bin/../share/yosys/xilinx/cells_xtra.v:9647.1-9651.10.
Generating RTLIL representation for module `\CAPTURE_VIRTEX6'.
Replacing existing blackbox module `\CAPTUREE2' at /home/cl4/opt/f4pga/xc7/conda/envs/xc7/bin/../share/yosys/xilinx/cells_xtra.v:9654.1-9658.10.
Generating RTLIL representation for module `\CAPTUREE2'.
Replacing existing blackbox module `\ICAP_SPARTAN3A' at /home/cl4/opt/f4pga/xc7/conda/envs/xc7/bin/../share/yosys/xilinx/cells_xtra.v:9661.1-9668.10.
Generating RTLIL representation for module `\ICAP_SPARTAN3A'.
Replacing existing blackbox module `\ICAP_SPARTAN6' at /home/cl4/opt/f4pga/xc7/conda/envs/xc7/bin/../share/yosys/xilinx/cells_xtra.v:9671.1-9680.10.
Generating RTLIL representation for module `\ICAP_SPARTAN6'.
Replacing existing blackbox module `\ICAP_VIRTEX4' at /home/cl4/opt/f4pga/xc7/conda/envs/xc7/bin/../share/yosys/xilinx/cells_xtra.v:9683.1-9691.10.
Generating RTLIL representation for module `\ICAP_VIRTEX4'.
Replacing existing blackbox module `\ICAP_VIRTEX5' at /home/cl4/opt/f4pga/xc7/conda/envs/xc7/bin/../share/yosys/xilinx/cells_xtra.v:9694.1-9702.10.
Generating RTLIL representation for module `\ICAP_VIRTEX5'.
Replacing existing blackbox module `\ICAP_VIRTEX6' at /home/cl4/opt/f4pga/xc7/conda/envs/xc7/bin/../share/yosys/xilinx/cells_xtra.v:9705.1-9715.10.
Generating RTLIL representation for module `\ICAP_VIRTEX6'.
Replacing existing blackbox module `\ICAPE2' at /home/cl4/opt/f4pga/xc7/conda/envs/xc7/bin/../share/yosys/xilinx/cells_xtra.v:9718.1-9727.10.
Generating RTLIL representation for module `\ICAPE2'.
Replacing existing blackbox module `\ICAPE3' at /home/cl4/opt/f4pga/xc7/conda/envs/xc7/bin/../share/yosys/xilinx/cells_xtra.v:9730.1-9742.10.
Generating RTLIL representation for module `\ICAPE3'.
Replacing existing blackbox module `\BSCAN_SPARTAN3' at /home/cl4/opt/f4pga/xc7/conda/envs/xc7/bin/../share/yosys/xilinx/cells_xtra.v:9745.1-9757.10.
Generating RTLIL representation for module `\BSCAN_SPARTAN3'.
Replacing existing blackbox module `\BSCAN_SPARTAN3A' at /home/cl4/opt/f4pga/xc7/conda/envs/xc7/bin/../share/yosys/xilinx/cells_xtra.v:9760.1-9774.10.
Generating RTLIL representation for module `\BSCAN_SPARTAN3A'.
Replacing existing blackbox module `\BSCAN_SPARTAN6' at /home/cl4/opt/f4pga/xc7/conda/envs/xc7/bin/../share/yosys/xilinx/cells_xtra.v:9777.1-9790.10.
Generating RTLIL representation for module `\BSCAN_SPARTAN6'.
Replacing existing blackbox module `\BSCAN_VIRTEX4' at /home/cl4/opt/f4pga/xc7/conda/envs/xc7/bin/../share/yosys/xilinx/cells_xtra.v:9793.1-9803.10.
Generating RTLIL representation for module `\BSCAN_VIRTEX4'.
Replacing existing blackbox module `\BSCAN_VIRTEX5' at /home/cl4/opt/f4pga/xc7/conda/envs/xc7/bin/../share/yosys/xilinx/cells_xtra.v:9806.1-9816.10.
Generating RTLIL representation for module `\BSCAN_VIRTEX5'.
Replacing existing blackbox module `\BSCAN_VIRTEX6' at /home/cl4/opt/f4pga/xc7/conda/envs/xc7/bin/../share/yosys/xilinx/cells_xtra.v:9819.1-9833.10.
Generating RTLIL representation for module `\BSCAN_VIRTEX6'.
Replacing existing blackbox module `\BSCANE2' at /home/cl4/opt/f4pga/xc7/conda/envs/xc7/bin/../share/yosys/xilinx/cells_xtra.v:9836.1-9850.10.
Generating RTLIL representation for module `\BSCANE2'.
Replacing existing blackbox module `\DNA_PORT' at /home/cl4/opt/f4pga/xc7/conda/envs/xc7/bin/../share/yosys/xilinx/cells_xtra.v:9852.1-9859.10.
Generating RTLIL representation for module `\DNA_PORT'.
Replacing existing blackbox module `\DNA_PORTE2' at /home/cl4/opt/f4pga/xc7/conda/envs/xc7/bin/../share/yosys/xilinx/cells_xtra.v:9861.1-9868.10.
Generating RTLIL representation for module `\DNA_PORTE2'.
Replacing existing blackbox module `\FRAME_ECC_VIRTEX4' at /home/cl4/opt/f4pga/xc7/conda/envs/xc7/bin/../share/yosys/xilinx/cells_xtra.v:9870.1-9874.10.
Generating RTLIL representation for module `\FRAME_ECC_VIRTEX4'.
Replacing existing blackbox module `\FRAME_ECC_VIRTEX5' at /home/cl4/opt/f4pga/xc7/conda/envs/xc7/bin/../share/yosys/xilinx/cells_xtra.v:9876.1-9881.10.
Generating RTLIL representation for module `\FRAME_ECC_VIRTEX5'.
Replacing existing blackbox module `\FRAME_ECC_VIRTEX6' at /home/cl4/opt/f4pga/xc7/conda/envs/xc7/bin/../share/yosys/xilinx/cells_xtra.v:9883.1-9894.10.
Generating RTLIL representation for module `\FRAME_ECC_VIRTEX6'.
Replacing existing blackbox module `\FRAME_ECCE2' at /home/cl4/opt/f4pga/xc7/conda/envs/xc7/bin/../share/yosys/xilinx/cells_xtra.v:9896.1-9907.10.
Generating RTLIL representation for module `\FRAME_ECCE2'.
Replacing existing blackbox module `\FRAME_ECCE3' at /home/cl4/opt/f4pga/xc7/conda/envs/xc7/bin/../share/yosys/xilinx/cells_xtra.v:9909.1-9919.10.
Generating RTLIL representation for module `\FRAME_ECCE3'.
Replacing existing blackbox module `\FRAME_ECCE4' at /home/cl4/opt/f4pga/xc7/conda/envs/xc7/bin/../share/yosys/xilinx/cells_xtra.v:9921.1-9931.10.
Generating RTLIL representation for module `\FRAME_ECCE4'.
Replacing existing blackbox module `\USR_ACCESS_VIRTEX4' at /home/cl4/opt/f4pga/xc7/conda/envs/xc7/bin/../share/yosys/xilinx/cells_xtra.v:9933.1-9936.10.
Generating RTLIL representation for module `\USR_ACCESS_VIRTEX4'.
Replacing existing blackbox module `\USR_ACCESS_VIRTEX5' at /home/cl4/opt/f4pga/xc7/conda/envs/xc7/bin/../share/yosys/xilinx/cells_xtra.v:9938.1-9942.10.
Generating RTLIL representation for module `\USR_ACCESS_VIRTEX5'.
Replacing existing blackbox module `\USR_ACCESS_VIRTEX6' at /home/cl4/opt/f4pga/xc7/conda/envs/xc7/bin/../share/yosys/xilinx/cells_xtra.v:9944.1-9948.10.
Generating RTLIL representation for module `\USR_ACCESS_VIRTEX6'.
Replacing existing blackbox module `\USR_ACCESSE2' at /home/cl4/opt/f4pga/xc7/conda/envs/xc7/bin/../share/yosys/xilinx/cells_xtra.v:9950.1-9954.10.
Generating RTLIL representation for module `\USR_ACCESSE2'.
Replacing existing blackbox module `\POST_CRC_INTERNAL' at /home/cl4/opt/f4pga/xc7/conda/envs/xc7/bin/../share/yosys/xilinx/cells_xtra.v:9956.1-9958.10.
Generating RTLIL representation for module `\POST_CRC_INTERNAL'.
Replacing existing blackbox module `\SUSPEND_SYNC' at /home/cl4/opt/f4pga/xc7/conda/envs/xc7/bin/../share/yosys/xilinx/cells_xtra.v:9961.1-9965.10.
Generating RTLIL representation for module `\SUSPEND_SYNC'.
Replacing existing blackbox module `\KEY_CLEAR' at /home/cl4/opt/f4pga/xc7/conda/envs/xc7/bin/../share/yosys/xilinx/cells_xtra.v:9968.1-9970.10.
Generating RTLIL representation for module `\KEY_CLEAR'.
Replacing existing blackbox module `\MASTER_JTAG' at /home/cl4/opt/f4pga/xc7/conda/envs/xc7/bin/../share/yosys/xilinx/cells_xtra.v:9973.1-9978.10.
Generating RTLIL representation for module `\MASTER_JTAG'.
Replacing existing blackbox module `\SPI_ACCESS' at /home/cl4/opt/f4pga/xc7/conda/envs/xc7/bin/../share/yosys/xilinx/cells_xtra.v:9981.1-9991.10.
Generating RTLIL representation for module `\SPI_ACCESS'.
Replacing existing blackbox module `\EFUSE_USR' at /home/cl4/opt/f4pga/xc7/conda/envs/xc7/bin/../share/yosys/xilinx/cells_xtra.v:9993.1-9996.10.
Generating RTLIL representation for module `\EFUSE_USR'.
Replacing existing blackbox module `\SYSMON' at /home/cl4/opt/f4pga/xc7/conda/envs/xc7/bin/../share/yosys/xilinx/cells_xtra.v:9999.1-10049.10.
Generating RTLIL representation for module `\SYSMON'.
Replacing existing blackbox module `\XADC' at /home/cl4/opt/f4pga/xc7/conda/envs/xc7/bin/../share/yosys/xilinx/cells_xtra.v:10052.1-10115.10.
Generating RTLIL representation for module `\XADC'.
Replacing existing blackbox module `\SYSMONE1' at /home/cl4/opt/f4pga/xc7/conda/envs/xc7/bin/../share/yosys/xilinx/cells_xtra.v:10118.1-10224.10.
Generating RTLIL representation for module `\SYSMONE1'.
Replacing existing blackbox module `\SYSMONE4' at /home/cl4/opt/f4pga/xc7/conda/envs/xc7/bin/../share/yosys/xilinx/cells_xtra.v:10227.1-10337.10.
Generating RTLIL representation for module `\SYSMONE4'.
Replacing existing blackbox module `\GTPA1_DUAL' at /home/cl4/opt/f4pga/xc7/conda/envs/xc7/bin/../share/yosys/xilinx/cells_xtra.v:10339.1-10789.10.
Generating RTLIL representation for module `\GTPA1_DUAL'.
Replacing existing blackbox module `\GT11_CUSTOM' at /home/cl4/opt/f4pga/xc7/conda/envs/xc7/bin/../share/yosys/xilinx/cells_xtra.v:10791.1-11061.10.
Generating RTLIL representation for module `\GT11_CUSTOM'.
Replacing existing blackbox module `\GT11_DUAL' at /home/cl4/opt/f4pga/xc7/conda/envs/xc7/bin/../share/yosys/xilinx/cells_xtra.v:11063.1-11602.10.
Generating RTLIL representation for module `\GT11_DUAL'.
Replacing existing blackbox module `\GT11CLK' at /home/cl4/opt/f4pga/xc7/conda/envs/xc7/bin/../share/yosys/xilinx/cells_xtra.v:11604.1-11616.10.
Generating RTLIL representation for module `\GT11CLK'.
Replacing existing blackbox module `\GT11CLK_MGT' at /home/cl4/opt/f4pga/xc7/conda/envs/xc7/bin/../share/yosys/xilinx/cells_xtra.v:11618.1-11625.10.
Generating RTLIL representation for module `\GT11CLK_MGT'.
Replacing existing blackbox module `\GTP_DUAL' at /home/cl4/opt/f4pga/xc7/conda/envs/xc7/bin/../share/yosys/xilinx/cells_xtra.v:11627.1-11982.10.
Generating RTLIL representation for module `\GTP_DUAL'.
Replacing existing blackbox module `\GTX_DUAL' at /home/cl4/opt/f4pga/xc7/conda/envs/xc7/bin/../share/yosys/xilinx/cells_xtra.v:11984.1-12418.10.
Generating RTLIL representation for module `\GTX_DUAL'.
Replacing existing blackbox module `\CRC32' at /home/cl4/opt/f4pga/xc7/conda/envs/xc7/bin/../share/yosys/xilinx/cells_xtra.v:12420.1-12429.10.
Generating RTLIL representation for module `\CRC32'.
Replacing existing blackbox module `\CRC64' at /home/cl4/opt/f4pga/xc7/conda/envs/xc7/bin/../share/yosys/xilinx/cells_xtra.v:12431.1-12440.10.
Generating RTLIL representation for module `\CRC64'.
Replacing existing blackbox module `\GTHE1_QUAD' at /home/cl4/opt/f4pga/xc7/conda/envs/xc7/bin/../share/yosys/xilinx/cells_xtra.v:12442.1-12908.10.
Generating RTLIL representation for module `\GTHE1_QUAD'.
Replacing existing blackbox module `\GTXE1' at /home/cl4/opt/f4pga/xc7/conda/envs/xc7/bin/../share/yosys/xilinx/cells_xtra.v:12910.1-13260.10.
Generating RTLIL representation for module `\GTXE1'.
Replacing existing blackbox module `\IBUFDS_GTXE1' at /home/cl4/opt/f4pga/xc7/conda/envs/xc7/bin/../share/yosys/xilinx/cells_xtra.v:13262.1-13273.10.
Generating RTLIL representation for module `\IBUFDS_GTXE1'.
Replacing existing blackbox module `\IBUFDS_GTHE1' at /home/cl4/opt/f4pga/xc7/conda/envs/xc7/bin/../share/yosys/xilinx/cells_xtra.v:13275.1-13281.10.
Generating RTLIL representation for module `\IBUFDS_GTHE1'.
Replacing existing blackbox module `\GTHE2_CHANNEL' at /home/cl4/opt/f4pga/xc7/conda/envs/xc7/bin/../share/yosys/xilinx/cells_xtra.v:13283.1-13844.10.
Generating RTLIL representation for module `\GTHE2_CHANNEL'.
Replacing existing blackbox module `\GTHE2_COMMON' at /home/cl4/opt/f4pga/xc7/conda/envs/xc7/bin/../share/yosys/xilinx/cells_xtra.v:13846.1-13914.10.
Generating RTLIL representation for module `\GTHE2_COMMON'.
Replacing existing blackbox module `\GTPE2_CHANNEL' at /home/cl4/opt/f4pga/xc7/conda/envs/xc7/bin/../share/yosys/xilinx/cells_xtra.v:13916.1-14396.10.
Generating RTLIL representation for module `\GTPE2_CHANNEL'.
Replacing existing blackbox module `\GTPE2_COMMON' at /home/cl4/opt/f4pga/xc7/conda/envs/xc7/bin/../share/yosys/xilinx/cells_xtra.v:14398.1-14480.10.
Generating RTLIL representation for module `\GTPE2_COMMON'.
Replacing existing blackbox module `\GTXE2_CHANNEL' at /home/cl4/opt/f4pga/xc7/conda/envs/xc7/bin/../share/yosys/xilinx/cells_xtra.v:14482.1-14928.10.
Generating RTLIL representation for module `\GTXE2_CHANNEL'.
Replacing existing blackbox module `\GTXE2_COMMON' at /home/cl4/opt/f4pga/xc7/conda/envs/xc7/bin/../share/yosys/xilinx/cells_xtra.v:14930.1-14991.10.
Generating RTLIL representation for module `\GTXE2_COMMON'.
Replacing existing blackbox module `\IBUFDS_GTE2' at /home/cl4/opt/f4pga/xc7/conda/envs/xc7/bin/../share/yosys/xilinx/cells_xtra.v:14993.1-15004.10.
Generating RTLIL representation for module `\IBUFDS_GTE2'.
Replacing existing blackbox module `\GTHE3_CHANNEL' at /home/cl4/opt/f4pga/xc7/conda/envs/xc7/bin/../share/yosys/xilinx/cells_xtra.v:15006.1-15724.10.
Generating RTLIL representation for module `\GTHE3_CHANNEL'.
Replacing existing blackbox module `\GTHE3_COMMON' at /home/cl4/opt/f4pga/xc7/conda/envs/xc7/bin/../share/yosys/xilinx/cells_xtra.v:15726.1-15866.10.
Generating RTLIL representation for module `\GTHE3_COMMON'.
Replacing existing blackbox module `\GTYE3_CHANNEL' at /home/cl4/opt/f4pga/xc7/conda/envs/xc7/bin/../share/yosys/xilinx/cells_xtra.v:15868.1-16667.10.
Generating RTLIL representation for module `\GTYE3_CHANNEL'.
Replacing existing blackbox module `\GTYE3_COMMON' at /home/cl4/opt/f4pga/xc7/conda/envs/xc7/bin/../share/yosys/xilinx/cells_xtra.v:16669.1-16815.10.
Generating RTLIL representation for module `\GTYE3_COMMON'.
Replacing existing blackbox module `\IBUFDS_GTE3' at /home/cl4/opt/f4pga/xc7/conda/envs/xc7/bin/../share/yosys/xilinx/cells_xtra.v:16817.1-16828.10.
Generating RTLIL representation for module `\IBUFDS_GTE3'.
Replacing existing blackbox module `\OBUFDS_GTE3' at /home/cl4/opt/f4pga/xc7/conda/envs/xc7/bin/../share/yosys/xilinx/cells_xtra.v:16830.1-16839.10.
Generating RTLIL representation for module `\OBUFDS_GTE3'.
Replacing existing blackbox module `\OBUFDS_GTE3_ADV' at /home/cl4/opt/f4pga/xc7/conda/envs/xc7/bin/../share/yosys/xilinx/cells_xtra.v:16841.1-16851.10.
Generating RTLIL representation for module `\OBUFDS_GTE3_ADV'.
Replacing existing blackbox module `\GTHE4_CHANNEL' at /home/cl4/opt/f4pga/xc7/conda/envs/xc7/bin/../share/yosys/xilinx/cells_xtra.v:16853.1-17699.10.
Generating RTLIL representation for module `\GTHE4_CHANNEL'.
Replacing existing blackbox module `\GTHE4_COMMON' at /home/cl4/opt/f4pga/xc7/conda/envs/xc7/bin/../share/yosys/xilinx/cells_xtra.v:17701.1-17871.10.
Generating RTLIL representation for module `\GTHE4_COMMON'.
Replacing existing blackbox module `\GTYE4_CHANNEL' at /home/cl4/opt/f4pga/xc7/conda/envs/xc7/bin/../share/yosys/xilinx/cells_xtra.v:17873.1-18697.10.
Generating RTLIL representation for module `\GTYE4_CHANNEL'.
Replacing existing blackbox module `\GTYE4_COMMON' at /home/cl4/opt/f4pga/xc7/conda/envs/xc7/bin/../share/yosys/xilinx/cells_xtra.v:18699.1-18893.10.
Generating RTLIL representation for module `\GTYE4_COMMON'.
Replacing existing blackbox module `\IBUFDS_GTE4' at /home/cl4/opt/f4pga/xc7/conda/envs/xc7/bin/../share/yosys/xilinx/cells_xtra.v:18895.1-18906.10.
Generating RTLIL representation for module `\IBUFDS_GTE4'.
Replacing existing blackbox module `\OBUFDS_GTE4' at /home/cl4/opt/f4pga/xc7/conda/envs/xc7/bin/../share/yosys/xilinx/cells_xtra.v:18908.1-18917.10.
Generating RTLIL representation for module `\OBUFDS_GTE4'.
Replacing existing blackbox module `\OBUFDS_GTE4_ADV' at /home/cl4/opt/f4pga/xc7/conda/envs/xc7/bin/../share/yosys/xilinx/cells_xtra.v:18919.1-18929.10.
Generating RTLIL representation for module `\OBUFDS_GTE4_ADV'.
Replacing existing blackbox module `\GTM_DUAL' at /home/cl4/opt/f4pga/xc7/conda/envs/xc7/bin/../share/yosys/xilinx/cells_xtra.v:18931.1-19576.10.
Generating RTLIL representation for module `\GTM_DUAL'.
Replacing existing blackbox module `\IBUFDS_GTM' at /home/cl4/opt/f4pga/xc7/conda/envs/xc7/bin/../share/yosys/xilinx/cells_xtra.v:19578.1-19589.10.
Generating RTLIL representation for module `\IBUFDS_GTM'.
Replacing existing blackbox module `\OBUFDS_GTM' at /home/cl4/opt/f4pga/xc7/conda/envs/xc7/bin/../share/yosys/xilinx/cells_xtra.v:19591.1-19600.10.
Generating RTLIL representation for module `\OBUFDS_GTM'.
Replacing existing blackbox module `\OBUFDS_GTM_ADV' at /home/cl4/opt/f4pga/xc7/conda/envs/xc7/bin/../share/yosys/xilinx/cells_xtra.v:19602.1-19612.10.
Generating RTLIL representation for module `\OBUFDS_GTM_ADV'.
Replacing existing blackbox module `\HSDAC' at /home/cl4/opt/f4pga/xc7/conda/envs/xc7/bin/../share/yosys/xilinx/cells_xtra.v:19614.1-19666.10.
Generating RTLIL representation for module `\HSDAC'.
Replacing existing blackbox module `\HSADC' at /home/cl4/opt/f4pga/xc7/conda/envs/xc7/bin/../share/yosys/xilinx/cells_xtra.v:19668.1-19724.10.
Generating RTLIL representation for module `\HSADC'.
Replacing existing blackbox module `\RFDAC' at /home/cl4/opt/f4pga/xc7/conda/envs/xc7/bin/../share/yosys/xilinx/cells_xtra.v:19726.1-19788.10.
Generating RTLIL representation for module `\RFDAC'.
Replacing existing blackbox module `\RFADC' at /home/cl4/opt/f4pga/xc7/conda/envs/xc7/bin/../share/yosys/xilinx/cells_xtra.v:19790.1-19857.10.
Generating RTLIL representation for module `\RFADC'.
Replacing existing blackbox module `\PCIE_A1' at /home/cl4/opt/f4pga/xc7/conda/envs/xc7/bin/../share/yosys/xilinx/cells_xtra.v:19859.1-20100.10.
Generating RTLIL representation for module `\PCIE_A1'.
Replacing existing blackbox module `\PCIE_EP' at /home/cl4/opt/f4pga/xc7/conda/envs/xc7/bin/../share/yosys/xilinx/cells_xtra.v:20102.1-20541.10.
Generating RTLIL representation for module `\PCIE_EP'.
Replacing existing blackbox module `\PCIE_2_0' at /home/cl4/opt/f4pga/xc7/conda/envs/xc7/bin/../share/yosys/xilinx/cells_xtra.v:20543.1-21136.10.
Generating RTLIL representation for module `\PCIE_2_0'.
Replacing existing blackbox module `\PCIE_2_1' at /home/cl4/opt/f4pga/xc7/conda/envs/xc7/bin/../share/yosys/xilinx/cells_xtra.v:21138.1-21831.10.
Generating RTLIL representation for module `\PCIE_2_1'.
Replacing existing blackbox module `\PCIE_3_0' at /home/cl4/opt/f4pga/xc7/conda/envs/xc7/bin/../share/yosys/xilinx/cells_xtra.v:21833.1-22737.10.
Generating RTLIL representation for module `\PCIE_3_0'.
Replacing existing blackbox module `\PCIE_3_1' at /home/cl4/opt/f4pga/xc7/conda/envs/xc7/bin/../share/yosys/xilinx/cells_xtra.v:22739.1-24005.10.
Generating RTLIL representation for module `\PCIE_3_1'.
Replacing existing blackbox module `\PCIE40E4' at /home/cl4/opt/f4pga/xc7/conda/envs/xc7/bin/../share/yosys/xilinx/cells_xtra.v:24007.1-25234.10.
Generating RTLIL representation for module `\PCIE40E4'.
Replacing existing blackbox module `\PCIE4CE4' at /home/cl4/opt/f4pga/xc7/conda/envs/xc7/bin/../share/yosys/xilinx/cells_xtra.v:25236.1-26540.10.
Generating RTLIL representation for module `\PCIE4CE4'.
Replacing existing blackbox module `\EMAC' at /home/cl4/opt/f4pga/xc7/conda/envs/xc7/bin/../share/yosys/xilinx/cells_xtra.v:26542.1-26712.10.
Generating RTLIL representation for module `\EMAC'.
Replacing existing blackbox module `\TEMAC' at /home/cl4/opt/f4pga/xc7/conda/envs/xc7/bin/../share/yosys/xilinx/cells_xtra.v:26714.1-26958.10.
Generating RTLIL representation for module `\TEMAC'.
Replacing existing blackbox module `\TEMAC_SINGLE' at /home/cl4/opt/f4pga/xc7/conda/envs/xc7/bin/../share/yosys/xilinx/cells_xtra.v:26960.1-27089.10.
Generating RTLIL representation for module `\TEMAC_SINGLE'.
Replacing existing blackbox module `\CMAC' at /home/cl4/opt/f4pga/xc7/conda/envs/xc7/bin/../share/yosys/xilinx/cells_xtra.v:27091.1-27534.10.
Generating RTLIL representation for module `\CMAC'.
Replacing existing blackbox module `\CMACE4' at /home/cl4/opt/f4pga/xc7/conda/envs/xc7/bin/../share/yosys/xilinx/cells_xtra.v:27536.1-28034.10.
Generating RTLIL representation for module `\CMACE4'.
Replacing existing blackbox module `\MCB' at /home/cl4/opt/f4pga/xc7/conda/envs/xc7/bin/../share/yosys/xilinx/cells_xtra.v:28036.1-28297.10.
Generating RTLIL representation for module `\MCB'.
Replacing existing blackbox module `\HBM_REF_CLK' at /home/cl4/opt/f4pga/xc7/conda/envs/xc7/bin/../share/yosys/xilinx/cells_xtra.v:28300.1-28302.10.
Generating RTLIL representation for module `\HBM_REF_CLK'.
Replacing existing blackbox module `\HBM_SNGLBLI_INTF_APB' at /home/cl4/opt/f4pga/xc7/conda/envs/xc7/bin/../share/yosys/xilinx/cells_xtra.v:28305.1-28327.10.
Generating RTLIL representation for module `\HBM_SNGLBLI_INTF_APB'.
Replacing existing blackbox module `\HBM_SNGLBLI_INTF_AXI' at /home/cl4/opt/f4pga/xc7/conda/envs/xc7/bin/../share/yosys/xilinx/cells_xtra.v:28330.1-28395.10.
Generating RTLIL representation for module `\HBM_SNGLBLI_INTF_AXI'.
Replacing existing blackbox module `\HBM_ONE_STACK_INTF' at /home/cl4/opt/f4pga/xc7/conda/envs/xc7/bin/../share/yosys/xilinx/cells_xtra.v:28398.1-29298.10.
Generating RTLIL representation for module `\HBM_ONE_STACK_INTF'.
Replacing existing blackbox module `\HBM_TWO_STACK_INTF' at /home/cl4/opt/f4pga/xc7/conda/envs/xc7/bin/../share/yosys/xilinx/cells_xtra.v:29301.1-31097.10.
Generating RTLIL representation for module `\HBM_TWO_STACK_INTF'.
Replacing existing blackbox module `\PPC405_ADV' at /home/cl4/opt/f4pga/xc7/conda/envs/xc7/bin/../share/yosys/xilinx/cells_xtra.v:31099.1-31303.10.
Generating RTLIL representation for module `\PPC405_ADV'.
Replacing existing blackbox module `\PPC440' at /home/cl4/opt/f4pga/xc7/conda/envs/xc7/bin/../share/yosys/xilinx/cells_xtra.v:31305.1-31692.10.
Generating RTLIL representation for module `\PPC440'.
Replacing existing blackbox module `\PS7' at /home/cl4/opt/f4pga/xc7/conda/envs/xc7/bin/../share/yosys/xilinx/cells_xtra.v:31695.1-32316.10.
Generating RTLIL representation for module `\PS7'.
Replacing existing blackbox module `\PS8' at /home/cl4/opt/f4pga/xc7/conda/envs/xc7/bin/../share/yosys/xilinx/cells_xtra.v:32319.1-33335.10.
Generating RTLIL representation for module `\PS8'.
Replacing existing blackbox module `\ILKN' at /home/cl4/opt/f4pga/xc7/conda/envs/xc7/bin/../share/yosys/xilinx/cells_xtra.v:33337.1-33580.10.
Generating RTLIL representation for module `\ILKN'.
Replacing existing blackbox module `\ILKNE4' at /home/cl4/opt/f4pga/xc7/conda/envs/xc7/bin/../share/yosys/xilinx/cells_xtra.v:33582.1-33825.10.
Generating RTLIL representation for module `\ILKNE4'.
Replacing existing blackbox module `\VCU' at /home/cl4/opt/f4pga/xc7/conda/envs/xc7/bin/../share/yosys/xilinx/cells_xtra.v:33828.1-34058.10.
Generating RTLIL representation for module `\VCU'.
Replacing existing blackbox module `\FE' at /home/cl4/opt/f4pga/xc7/conda/envs/xc7/bin/../share/yosys/xilinx/cells_xtra.v:34060.1-34119.10.
Generating RTLIL representation for module `\FE'.
Successfully finished Verilog frontend.

30. Executing Verilog-2005 frontend: /home/cl4/opt/f4pga/xc7/share/f4pga/techmaps/xc7_vpr/techmap/cells_sim.v
Parsing Verilog input from `/home/cl4/opt/f4pga/xc7/share/f4pga/techmaps/xc7_vpr/techmap/cells_sim.v' to AST representation.
Replacing existing blackbox module `\CE_VCC' at /home/cl4/opt/f4pga/xc7/share/f4pga/techmaps/xc7_vpr/techmap/cells_sim.v:4.1-6.10.
Generating RTLIL representation for module `\CE_VCC'.
Replacing existing blackbox module `\SR_GND' at /home/cl4/opt/f4pga/xc7/share/f4pga/techmaps/xc7_vpr/techmap/cells_sim.v:8.1-10.10.
Generating RTLIL representation for module `\SR_GND'.
Replacing existing blackbox module `\SYN_OBUF' at /home/cl4/opt/f4pga/xc7/share/f4pga/techmaps/xc7_vpr/techmap/cells_sim.v:12.1-14.10.
Generating RTLIL representation for module `\SYN_OBUF'.
Replacing existing blackbox module `\SYN_IBUF' at /home/cl4/opt/f4pga/xc7/share/f4pga/techmaps/xc7_vpr/techmap/cells_sim.v:16.1-18.10.
Generating RTLIL representation for module `\SYN_IBUF'.
Replacing existing blackbox module `\FDRE_ZINI' at /home/cl4/opt/f4pga/xc7/share/f4pga/techmaps/xc7_vpr/techmap/cells_sim.v:20.1-28.10.
Generating RTLIL representation for module `\FDRE_ZINI'.
Replacing existing blackbox module `\FDSE_ZINI' at /home/cl4/opt/f4pga/xc7/share/f4pga/techmaps/xc7_vpr/techmap/cells_sim.v:30.1-38.10.
Generating RTLIL representation for module `\FDSE_ZINI'.
Replacing existing blackbox module `\FDCE_ZINI' at /home/cl4/opt/f4pga/xc7/share/f4pga/techmaps/xc7_vpr/techmap/cells_sim.v:40.1-48.10.
Generating RTLIL representation for module `\FDCE_ZINI'.
Replacing existing blackbox module `\FDPE_ZINI' at /home/cl4/opt/f4pga/xc7/share/f4pga/techmaps/xc7_vpr/techmap/cells_sim.v:50.1-58.10.
Generating RTLIL representation for module `\FDPE_ZINI'.
Replacing existing blackbox module `\CARRY_CO_DIRECT' at /home/cl4/opt/f4pga/xc7/share/f4pga/techmaps/xc7_vpr/techmap/cells_sim.v:64.1-68.10.
Generating RTLIL representation for module `\CARRY_CO_DIRECT'.
Replacing existing blackbox module `\CARRY_CO_LUT' at /home/cl4/opt/f4pga/xc7/share/f4pga/techmaps/xc7_vpr/techmap/cells_sim.v:71.1-75.10.
Generating RTLIL representation for module `\CARRY_CO_LUT'.
Replacing existing blackbox module `\CARRY_COUT_PLUG' at /home/cl4/opt/f4pga/xc7/share/f4pga/techmaps/xc7_vpr/techmap/cells_sim.v:78.1-86.10.
Generating RTLIL representation for module `\CARRY_COUT_PLUG'.
Replacing existing blackbox module `\CARRY4_VPR' at /home/cl4/opt/f4pga/xc7/share/f4pga/techmaps/xc7_vpr/techmap/cells_sim.v:88.1-247.10.
Generating RTLIL representation for module `\CARRY4_VPR'.
Replacing existing blackbox module `\DPRAM64_for_RAM128X1D' at /home/cl4/opt/f4pga/xc7/share/f4pga/techmaps/xc7_vpr/techmap/cells_sim.v:252.1-267.10.
Generating RTLIL representation for module `\DPRAM64_for_RAM128X1D'.
Replacing existing blackbox module `\DPRAM64' at /home/cl4/opt/f4pga/xc7/share/f4pga/techmaps/xc7_vpr/techmap/cells_sim.v:269.1-291.10.
Generating RTLIL representation for module `\DPRAM64'.
Replacing existing blackbox module `\DPRAM32' at /home/cl4/opt/f4pga/xc7/share/f4pga/techmaps/xc7_vpr/techmap/cells_sim.v:293.1-309.10.
Generating RTLIL representation for module `\DPRAM32'.
Replacing existing blackbox module `\SPRAM32' at /home/cl4/opt/f4pga/xc7/share/f4pga/techmaps/xc7_vpr/techmap/cells_sim.v:311.1-328.10.
Generating RTLIL representation for module `\SPRAM32'.
Replacing existing blackbox module `\DI64_STUB' at /home/cl4/opt/f4pga/xc7/share/f4pga/techmaps/xc7_vpr/techmap/cells_sim.v:330.1-334.10.
Generating RTLIL representation for module `\DI64_STUB'.
Replacing existing blackbox module `\DRAM_2_OUTPUT_STUB' at /home/cl4/opt/f4pga/xc7/share/f4pga/techmaps/xc7_vpr/techmap/cells_sim.v:338.1-346.10.
Generating RTLIL representation for module `\DRAM_2_OUTPUT_STUB'.
Replacing existing blackbox module `\DRAM_4_OUTPUT_STUB' at /home/cl4/opt/f4pga/xc7/share/f4pga/techmaps/xc7_vpr/techmap/cells_sim.v:348.1-356.10.
Generating RTLIL representation for module `\DRAM_4_OUTPUT_STUB'.
Replacing existing blackbox module `\DRAM_8_OUTPUT_STUB' at /home/cl4/opt/f4pga/xc7/share/f4pga/techmaps/xc7_vpr/techmap/cells_sim.v:358.1-370.10.
Generating RTLIL representation for module `\DRAM_8_OUTPUT_STUB'.
Replacing existing blackbox module `\RAMB18E1_VPR' at /home/cl4/opt/f4pga/xc7/share/f4pga/techmaps/xc7_vpr/techmap/cells_sim.v:375.1-531.10.
Generating RTLIL representation for module `\RAMB18E1_VPR'.
Replacing existing blackbox module `\RAMB36E1_PRIM' at /home/cl4/opt/f4pga/xc7/share/f4pga/techmaps/xc7_vpr/techmap/cells_sim.v:533.1-649.10.
Generating RTLIL representation for module `\RAMB36E1_PRIM'.
Replacing existing blackbox module `\SRLC32E_VPR' at /home/cl4/opt/f4pga/xc7/share/f4pga/techmaps/xc7_vpr/techmap/cells_sim.v:655.1-681.10.
Generating RTLIL representation for module `\SRLC32E_VPR'.
Replacing existing blackbox module `\SRLC16E_VPR' at /home/cl4/opt/f4pga/xc7/share/f4pga/techmaps/xc7_vpr/techmap/cells_sim.v:684.1-706.10.
Generating RTLIL representation for module `\SRLC16E_VPR'.
Replacing existing blackbox module `\IBUF_VPR' at /home/cl4/opt/f4pga/xc7/share/f4pga/techmaps/xc7_vpr/techmap/cells_sim.v:711.1-740.10.
Generating RTLIL representation for module `\IBUF_VPR'.
Replacing existing blackbox module `\OBUFT_VPR' at /home/cl4/opt/f4pga/xc7/share/f4pga/techmaps/xc7_vpr/techmap/cells_sim.v:742.1-784.10.
Generating RTLIL representation for module `\OBUFT_VPR'.
Replacing existing blackbox module `\IOBUF_VPR' at /home/cl4/opt/f4pga/xc7/share/f4pga/techmaps/xc7_vpr/techmap/cells_sim.v:787.1-841.10.
Generating RTLIL representation for module `\IOBUF_VPR'.
Replacing existing blackbox module `\OBUFTDS_M_VPR' at /home/cl4/opt/f4pga/xc7/share/f4pga/techmaps/xc7_vpr/techmap/cells_sim.v:844.1-878.10.
Generating RTLIL representation for module `\OBUFTDS_M_VPR'.
Replacing existing blackbox module `\OBUFTDS_S_VPR' at /home/cl4/opt/f4pga/xc7/share/f4pga/techmaps/xc7_vpr/techmap/cells_sim.v:880.1-907.10.
Generating RTLIL representation for module `\OBUFTDS_S_VPR'.
Replacing existing blackbox module `\IOBUFDS_M_VPR' at /home/cl4/opt/f4pga/xc7/share/f4pga/techmaps/xc7_vpr/techmap/cells_sim.v:910.1-958.10.
Generating RTLIL representation for module `\IOBUFDS_M_VPR'.
Replacing existing blackbox module `\IOBUFDS_S_VPR' at /home/cl4/opt/f4pga/xc7/share/f4pga/techmaps/xc7_vpr/techmap/cells_sim.v:960.1-991.10.
Generating RTLIL representation for module `\IOBUFDS_S_VPR'.
Replacing existing module `\T_INV' at /home/cl4/opt/f4pga/xc7/share/f4pga/techmaps/xc7_vpr/techmap/cells_sim.v:994.1-1001.10.
Generating RTLIL representation for module `\T_INV'.
Replacing existing blackbox module `\OSERDESE2_VPR' at /home/cl4/opt/f4pga/xc7/share/f4pga/techmaps/xc7_vpr/techmap/cells_sim.v:1006.1-1072.10.
Generating RTLIL representation for module `\OSERDESE2_VPR'.
Replacing existing blackbox module `\ISERDESE2_IDELAY_VPR' at /home/cl4/opt/f4pga/xc7/share/f4pga/techmaps/xc7_vpr/techmap/cells_sim.v:1074.1-1132.10.
Generating RTLIL representation for module `\ISERDESE2_IDELAY_VPR'.
Replacing existing blackbox module `\ISERDESE2_NO_IDELAY_VPR' at /home/cl4/opt/f4pga/xc7/share/f4pga/techmaps/xc7_vpr/techmap/cells_sim.v:1134.1-1192.10.
Generating RTLIL representation for module `\ISERDESE2_NO_IDELAY_VPR'.
Replacing existing blackbox module `\IDDR_VPR' at /home/cl4/opt/f4pga/xc7/share/f4pga/techmaps/xc7_vpr/techmap/cells_sim.v:1198.1-1223.10.
Generating RTLIL representation for module `\IDDR_VPR'.
Replacing existing blackbox module `\ODDR_VPR' at /home/cl4/opt/f4pga/xc7/share/f4pga/techmaps/xc7_vpr/techmap/cells_sim.v:1226.1-1248.10.
Generating RTLIL representation for module `\ODDR_VPR'.
Replacing existing blackbox module `\IDELAYE2_VPR' at /home/cl4/opt/f4pga/xc7/share/f4pga/techmaps/xc7_vpr/techmap/cells_sim.v:1253.1-1295.10.
Generating RTLIL representation for module `\IDELAYE2_VPR'.
Replacing existing blackbox module `\BUFGCTRL_VPR' at /home/cl4/opt/f4pga/xc7/share/f4pga/techmaps/xc7_vpr/techmap/cells_sim.v:1301.1-1327.10.
Generating RTLIL representation for module `\BUFGCTRL_VPR'.
Replacing existing blackbox module `\BUFHCE_VPR' at /home/cl4/opt/f4pga/xc7/share/f4pga/techmaps/xc7_vpr/techmap/cells_sim.v:1330.1-1345.10.
Generating RTLIL representation for module `\BUFHCE_VPR'.
Replacing existing blackbox module `\PLLE2_ADV_VPR' at /home/cl4/opt/f4pga/xc7/share/f4pga/techmaps/xc7_vpr/techmap/cells_sim.v:1352.1-1491.10.
Generating RTLIL representation for module `\PLLE2_ADV_VPR'.
Replacing existing blackbox module `\MMCME2_ADV_VPR' at /home/cl4/opt/f4pga/xc7/share/f4pga/techmaps/xc7_vpr/techmap/cells_sim.v:1495.1-1687.10.
Generating RTLIL representation for module `\MMCME2_ADV_VPR'.
Replacing existing blackbox module `\PS7_VPR' at /home/cl4/opt/f4pga/xc7/share/f4pga/techmaps/xc7_vpr/techmap/cells_sim.v:1693.1-2295.10.
Generating RTLIL representation for module `\PS7_VPR'.
Replacing existing blackbox module `\BANK' at /home/cl4/opt/f4pga/xc7/share/f4pga/techmaps/xc7_vpr/techmap/cells_sim.v:2297.1-2305.10.
Generating RTLIL representation for module `\BANK'.
Replacing existing blackbox module `\IPAD_GTP_VPR' at /home/cl4/opt/f4pga/xc7/share/f4pga/techmaps/xc7_vpr/techmap/cells_sim.v:2307.1-2313.10.
Generating RTLIL representation for module `\IPAD_GTP_VPR'.
Replacing existing blackbox module `\OPAD_GTP_VPR' at /home/cl4/opt/f4pga/xc7/share/f4pga/techmaps/xc7_vpr/techmap/cells_sim.v:2315.1-2321.10.
Generating RTLIL representation for module `\OPAD_GTP_VPR'.
Replacing existing blackbox module `\IBUFDS_GTE2_VPR' at /home/cl4/opt/f4pga/xc7/share/f4pga/techmaps/xc7_vpr/techmap/cells_sim.v:2323.1-2333.10.
Generating RTLIL representation for module `\IBUFDS_GTE2_VPR'.
Replacing existing blackbox module `\GTPE2_COMMON_VPR' at /home/cl4/opt/f4pga/xc7/share/f4pga/techmaps/xc7_vpr/techmap/cells_sim.v:2335.1-2409.10.
Generating RTLIL representation for module `\GTPE2_COMMON_VPR'.
Replacing existing blackbox module `\GTPE2_CHANNEL_VPR' at /home/cl4/opt/f4pga/xc7/share/f4pga/techmaps/xc7_vpr/techmap/cells_sim.v:2411.1-2882.10.
Generating RTLIL representation for module `\GTPE2_CHANNEL_VPR'.
Replacing existing blackbox module `\PCIE_2_1_VPR' at /home/cl4/opt/f4pga/xc7/share/f4pga/techmaps/xc7_vpr/techmap/cells_sim.v:2884.1-3577.10.
Generating RTLIL representation for module `\PCIE_2_1_VPR'.
Successfully finished Verilog frontend.

31. Executing Verilog-2005 frontend: /home/cl4/opt/f4pga/xc7/share/f4pga/techmaps/xc7_vpr/techmap/iobs.v
Parsing Verilog input from `/home/cl4/opt/f4pga/xc7/share/f4pga/techmaps/xc7_vpr/techmap/iobs.v' to AST representation.
Replacing existing blackbox module `\IBUF' at /home/cl4/opt/f4pga/xc7/share/f4pga/techmaps/xc7_vpr/techmap/iobs.v:1.1-17.10.
Generating RTLIL representation for module `\IBUF'.
Replacing existing blackbox module `\OBUF' at /home/cl4/opt/f4pga/xc7/share/f4pga/techmaps/xc7_vpr/techmap/iobs.v:19.1-35.10.
Generating RTLIL representation for module `\OBUF'.
Replacing existing blackbox module `\SYN_OBUF' at /home/cl4/opt/f4pga/xc7/share/f4pga/techmaps/xc7_vpr/techmap/iobs.v:37.1-42.10.
Generating RTLIL representation for module `\SYN_OBUF'.
Replacing existing blackbox module `\SYN_IBUF' at /home/cl4/opt/f4pga/xc7/share/f4pga/techmaps/xc7_vpr/techmap/iobs.v:44.1-49.10.
Generating RTLIL representation for module `\SYN_IBUF'.
Replacing existing blackbox module `\OBUFDS' at /home/cl4/opt/f4pga/xc7/share/f4pga/techmaps/xc7_vpr/techmap/iobs.v:51.1-68.10.
Generating RTLIL representation for module `\OBUFDS'.
Replacing existing blackbox module `\OBUFTDS' at /home/cl4/opt/f4pga/xc7/share/f4pga/techmaps/xc7_vpr/techmap/iobs.v:70.1-88.10.
Generating RTLIL representation for module `\OBUFTDS'.
Replacing existing blackbox module `\IOBUF' at /home/cl4/opt/f4pga/xc7/share/f4pga/techmaps/xc7_vpr/techmap/iobs.v:90.1-112.10.
Generating RTLIL representation for module `\IOBUF'.
Replacing existing blackbox module `\OBUFT' at /home/cl4/opt/f4pga/xc7/share/f4pga/techmaps/xc7_vpr/techmap/iobs.v:114.1-129.10.
Generating RTLIL representation for module `\OBUFT'.
Replacing existing blackbox module `\IOBUFDS' at /home/cl4/opt/f4pga/xc7/share/f4pga/techmaps/xc7_vpr/techmap/iobs.v:131.1-145.10.
Generating RTLIL representation for module `\IOBUFDS'.
Replacing existing blackbox module `\IBUFDS_GTE2' at /home/cl4/opt/f4pga/xc7/share/f4pga/techmaps/xc7_vpr/techmap/iobs.v:147.1-157.10.
Generating RTLIL representation for module `\IBUFDS_GTE2'.
Replacing existing blackbox module `\GTPE2_CHANNEL' at /home/cl4/opt/f4pga/xc7/share/f4pga/techmaps/xc7_vpr/techmap/iobs.v:159.1-646.10.
Generating RTLIL representation for module `\GTPE2_CHANNEL'.
Successfully finished Verilog frontend.

32. Executing HIERARCHY pass (managing design hierarchy).

32.1. Analyzing design hierarchy..
Top module:  \top

32.2. Analyzing design hierarchy..
Top module:  \top
Removed 0 unused modules.

33. Executing RTLIL backend.
Output filename: top.json.pre_abc9.ilang

34. Executing SYNTH_XILINX pass.

34.1. Executing DFFLEGALIZE pass (convert FFs to types supported by the target).

34.2. Executing TECHMAP pass (map to technology primitives).

34.2.1. Executing Verilog-2005 frontend: /home/cl4/opt/f4pga/xc7/conda/envs/xc7/bin/../share/yosys/xilinx/ff_map.v
Parsing Verilog input from `/home/cl4/opt/f4pga/xc7/conda/envs/xc7/bin/../share/yosys/xilinx/ff_map.v' to AST representation.
Generating RTLIL representation for module `\$_DFFE_NP0P_'.
Generating RTLIL representation for module `\$_DFFE_PP0P_'.
Generating RTLIL representation for module `\$_DFFE_NP1P_'.
Generating RTLIL representation for module `\$_DFFE_PP1P_'.
Generating RTLIL representation for module `\$_DFFSRE_NPPP_'.
Generating RTLIL representation for module `\$_DFFSRE_PPPP_'.
Generating RTLIL representation for module `\$_SDFFE_NP0P_'.
Generating RTLIL representation for module `\$_SDFFE_PP0P_'.
Generating RTLIL representation for module `\$_SDFFE_NP1P_'.
Generating RTLIL representation for module `\$_SDFFE_PP1P_'.
Generating RTLIL representation for module `\$_DLATCH_NP0_'.
Generating RTLIL representation for module `\$_DLATCH_PP0_'.
Generating RTLIL representation for module `\$_DLATCH_NP1_'.
Generating RTLIL representation for module `\$_DLATCH_PP1_'.
Generating RTLIL representation for module `\$_DLATCH_NPP_'.
Generating RTLIL representation for module `\$_DLATCH_PPP_'.
Successfully finished Verilog frontend.

34.2.2. Continuing TECHMAP pass.
No more expansions possible.

34.3. Executing OPT_EXPR pass (perform const folding).
Optimizing module top.

34.4. Executing Verilog-2005 frontend: /home/cl4/opt/f4pga/xc7/conda/envs/xc7/bin/../share/yosys/xilinx/abc9_model.v
Parsing Verilog input from `/home/cl4/opt/f4pga/xc7/conda/envs/xc7/bin/../share/yosys/xilinx/abc9_model.v' to AST representation.
Generating RTLIL representation for module `$__XILINX_MUXF78'.
Successfully finished Verilog frontend.

34.5. Executing ABC9 pass.

34.5.1. Executing ABC9_OPS pass (helper functions for ABC9).

34.5.2. Executing ABC9_OPS pass (helper functions for ABC9).

34.5.3. Executing PROC pass (convert processes to netlists).

34.5.3.1. Executing PROC_CLEAN pass (remove empty switches from decision trees).
Cleaned up 0 empty switches.

34.5.3.2. Executing PROC_RMDEAD pass (remove dead branches from decision trees).
Marked 1 switch rules as full_case in process $proc$/home/cl4/opt/f4pga/xc7/conda/envs/xc7/bin/../share/yosys/xilinx/cells_sim.v:695$3915 in module $paramod\FDCE\INIT=1'x.
Removed a total of 0 dead cases.

34.5.3.3. Executing PROC_PRUNE pass (remove redundant assignments in processes).
Removed 0 redundant assignments.
Promoted 1 assignment to connection.

34.5.3.4. Executing PROC_INIT pass (extract init attributes).
Found init rule in `$paramod\FDCE\INIT=1'x.$proc$/home/cl4/opt/f4pga/xc7/conda/envs/xc7/bin/../share/yosys/xilinx/cells_sim.v:0$3917'.
  Set init value: \Q = 1'x

34.5.3.5. Executing PROC_ARST pass (detect async resets in processes).
Found async reset \CLR in `$paramod\FDCE\INIT=1'x.$proc$/home/cl4/opt/f4pga/xc7/conda/envs/xc7/bin/../share/yosys/xilinx/cells_sim.v:695$3915'.

34.5.3.6. Executing PROC_ROM pass (convert switches to ROMs).
Converted 0 switches.

34.5.3.7. Executing PROC_MUX pass (convert decision trees to multiplexers).
Creating decoders for process `$paramod\FDCE\INIT=1'x.$proc$/home/cl4/opt/f4pga/xc7/conda/envs/xc7/bin/../share/yosys/xilinx/cells_sim.v:0$3917'.
Creating decoders for process `$paramod\FDCE\INIT=1'x.$proc$/home/cl4/opt/f4pga/xc7/conda/envs/xc7/bin/../share/yosys/xilinx/cells_sim.v:695$3915'.
     1/1: $0\Q[0:0]

34.5.3.8. Executing PROC_DLATCH pass (convert process syncs to latches).

34.5.3.9. Executing PROC_DFF pass (convert process syncs to FFs).
Creating register for signal `$paramod\FDCE\INIT=1'x.\Q' using process `$paramod\FDCE\INIT=1'x.$proc$/home/cl4/opt/f4pga/xc7/conda/envs/xc7/bin/../share/yosys/xilinx/cells_sim.v:695$3915'.
  created $adff cell `$procdff$3920' with positive edge clock and positive level reset.

34.5.3.10. Executing PROC_MEMWR pass (convert process memory writes to cells).

34.5.3.11. Executing PROC_CLEAN pass (remove empty switches from decision trees).
Removing empty process `$paramod\FDCE\INIT=1'x.$proc$/home/cl4/opt/f4pga/xc7/conda/envs/xc7/bin/../share/yosys/xilinx/cells_sim.v:0$3917'.
Found and cleaned up 1 empty switch in `$paramod\FDCE\INIT=1'x.$proc$/home/cl4/opt/f4pga/xc7/conda/envs/xc7/bin/../share/yosys/xilinx/cells_sim.v:695$3915'.
Removing empty process `$paramod\FDCE\INIT=1'x.$proc$/home/cl4/opt/f4pga/xc7/conda/envs/xc7/bin/../share/yosys/xilinx/cells_sim.v:695$3915'.
Cleaned up 1 empty switch.

34.5.3.12. Executing OPT_EXPR pass (perform const folding).

34.5.4. Executing PROC pass (convert processes to netlists).

34.5.4.1. Executing PROC_CLEAN pass (remove empty switches from decision trees).
Cleaned up 0 empty switches.

34.5.4.2. Executing PROC_RMDEAD pass (remove dead branches from decision trees).
Marked 1 switch rules as full_case in process $proc$/home/cl4/opt/f4pga/xc7/conda/envs/xc7/bin/../share/yosys/xilinx/cells_sim.v:1812$3968 in module $paramod$e5e3f42b99cf92d6f984d328109b403503d3e2d6\RAM32M.
Removed a total of 0 dead cases.

34.5.4.3. Executing PROC_PRUNE pass (remove redundant assignments in processes).
Removed 0 redundant assignments.
Promoted 24 assignments to connections.

34.5.4.4. Executing PROC_INIT pass (extract init attributes).
Found init rule in `$paramod$e5e3f42b99cf92d6f984d328109b403503d3e2d6\RAM32M.$proc$/home/cl4/opt/f4pga/xc7/conda/envs/xc7/bin/../share/yosys/xilinx/cells_sim.v:1806$4094'.
  Set init value: \mem_d = 64'0000000000000000000000000000000000000000000000000000000000000000
Found init rule in `$paramod$e5e3f42b99cf92d6f984d328109b403503d3e2d6\RAM32M.$proc$/home/cl4/opt/f4pga/xc7/conda/envs/xc7/bin/../share/yosys/xilinx/cells_sim.v:1805$4093'.
  Set init value: \mem_c = 64'0000000000000000000000000000000000000000000000000000000000000000
Found init rule in `$paramod$e5e3f42b99cf92d6f984d328109b403503d3e2d6\RAM32M.$proc$/home/cl4/opt/f4pga/xc7/conda/envs/xc7/bin/../share/yosys/xilinx/cells_sim.v:1804$4092'.
  Set init value: \mem_b = 64'0000000000000000000000000000000000000000000000000000000000000000
Found init rule in `$paramod$e5e3f42b99cf92d6f984d328109b403503d3e2d6\RAM32M.$proc$/home/cl4/opt/f4pga/xc7/conda/envs/xc7/bin/../share/yosys/xilinx/cells_sim.v:1803$4091'.
  Set init value: \mem_a = 64'0000000000000000000000000000000000000000000000000000000000000000

34.5.4.5. Executing PROC_ARST pass (detect async resets in processes).

34.5.4.6. Executing PROC_ROM pass (convert switches to ROMs).
Converted 0 switches.

34.5.4.7. Executing PROC_MUX pass (convert decision trees to multiplexers).
Creating decoders for process `$paramod$e5e3f42b99cf92d6f984d328109b403503d3e2d6\RAM32M.$proc$/home/cl4/opt/f4pga/xc7/conda/envs/xc7/bin/../share/yosys/xilinx/cells_sim.v:1806$4094'.
Creating decoders for process `$paramod$e5e3f42b99cf92d6f984d328109b403503d3e2d6\RAM32M.$proc$/home/cl4/opt/f4pga/xc7/conda/envs/xc7/bin/../share/yosys/xilinx/cells_sim.v:1805$4093'.
Creating decoders for process `$paramod$e5e3f42b99cf92d6f984d328109b403503d3e2d6\RAM32M.$proc$/home/cl4/opt/f4pga/xc7/conda/envs/xc7/bin/../share/yosys/xilinx/cells_sim.v:1804$4092'.
Creating decoders for process `$paramod$e5e3f42b99cf92d6f984d328109b403503d3e2d6\RAM32M.$proc$/home/cl4/opt/f4pga/xc7/conda/envs/xc7/bin/../share/yosys/xilinx/cells_sim.v:1803$4091'.
Creating decoders for process `$paramod$e5e3f42b99cf92d6f984d328109b403503d3e2d6\RAM32M.$proc$/home/cl4/opt/f4pga/xc7/conda/envs/xc7/bin/../share/yosys/xilinx/cells_sim.v:1812$3968'.
     1/16: $1$lookahead\mem_d$3967[63:0]$4000
     2/16: $1$bitselwrite$data$/home/cl4/opt/f4pga/xc7/conda/envs/xc7/bin/../share/yosys/xilinx/cells_sim.v:1817$3949[63:0]$3995
     3/16: $1$bitselwrite$mask$/home/cl4/opt/f4pga/xc7/conda/envs/xc7/bin/../share/yosys/xilinx/cells_sim.v:1817$3948[63:0]$3994
     4/16: $1$bitselwrite$sel$/home/cl4/opt/f4pga/xc7/conda/envs/xc7/bin/../share/yosys/xilinx/cells_sim.v:1817$3950[31:0]$3996
     5/16: $1$lookahead\mem_c$3966[63:0]$3999
     6/16: $1$bitselwrite$data$/home/cl4/opt/f4pga/xc7/conda/envs/xc7/bin/../share/yosys/xilinx/cells_sim.v:1816$3946[63:0]$3992
     7/16: $1$bitselwrite$mask$/home/cl4/opt/f4pga/xc7/conda/envs/xc7/bin/../share/yosys/xilinx/cells_sim.v:1816$3945[63:0]$3991
     8/16: $1$bitselwrite$sel$/home/cl4/opt/f4pga/xc7/conda/envs/xc7/bin/../share/yosys/xilinx/cells_sim.v:1816$3947[31:0]$3993
     9/16: $1$lookahead\mem_b$3965[63:0]$3998
    10/16: $1$bitselwrite$data$/home/cl4/opt/f4pga/xc7/conda/envs/xc7/bin/../share/yosys/xilinx/cells_sim.v:1815$3943[63:0]$3989
    11/16: $1$bitselwrite$mask$/home/cl4/opt/f4pga/xc7/conda/envs/xc7/bin/../share/yosys/xilinx/cells_sim.v:1815$3942[63:0]$3988
    12/16: $1$bitselwrite$sel$/home/cl4/opt/f4pga/xc7/conda/envs/xc7/bin/../share/yosys/xilinx/cells_sim.v:1815$3944[31:0]$3990
    13/16: $1$lookahead\mem_a$3964[63:0]$3997
    14/16: $1$bitselwrite$data$/home/cl4/opt/f4pga/xc7/conda/envs/xc7/bin/../share/yosys/xilinx/cells_sim.v:1814$3940[63:0]$3986
    15/16: $1$bitselwrite$mask$/home/cl4/opt/f4pga/xc7/conda/envs/xc7/bin/../share/yosys/xilinx/cells_sim.v:1814$3939[63:0]$3985
    16/16: $1$bitselwrite$sel$/home/cl4/opt/f4pga/xc7/conda/envs/xc7/bin/../share/yosys/xilinx/cells_sim.v:1814$3941[31:0]$3987

34.5.4.8. Executing PROC_DLATCH pass (convert process syncs to latches).

34.5.4.9. Executing PROC_DFF pass (convert process syncs to FFs).
Creating register for signal `$paramod$e5e3f42b99cf92d6f984d328109b403503d3e2d6\RAM32M.\mem_a' using process `$paramod$e5e3f42b99cf92d6f984d328109b403503d3e2d6\RAM32M.$proc$/home/cl4/opt/f4pga/xc7/conda/envs/xc7/bin/../share/yosys/xilinx/cells_sim.v:1812$3968'.
  created $dff cell `$procdff$4143' with positive edge clock.
Creating register for signal `$paramod$e5e3f42b99cf92d6f984d328109b403503d3e2d6\RAM32M.\mem_b' using process `$paramod$e5e3f42b99cf92d6f984d328109b403503d3e2d6\RAM32M.$proc$/home/cl4/opt/f4pga/xc7/conda/envs/xc7/bin/../share/yosys/xilinx/cells_sim.v:1812$3968'.
  created $dff cell `$procdff$4144' with positive edge clock.
Creating register for signal `$paramod$e5e3f42b99cf92d6f984d328109b403503d3e2d6\RAM32M.\mem_c' using process `$paramod$e5e3f42b99cf92d6f984d328109b403503d3e2d6\RAM32M.$proc$/home/cl4/opt/f4pga/xc7/conda/envs/xc7/bin/../share/yosys/xilinx/cells_sim.v:1812$3968'.
  created $dff cell `$procdff$4145' with positive edge clock.
Creating register for signal `$paramod$e5e3f42b99cf92d6f984d328109b403503d3e2d6\RAM32M.\mem_d' using process `$paramod$e5e3f42b99cf92d6f984d328109b403503d3e2d6\RAM32M.$proc$/home/cl4/opt/f4pga/xc7/conda/envs/xc7/bin/../share/yosys/xilinx/cells_sim.v:1812$3968'.
  created $dff cell `$procdff$4146' with positive edge clock.
Creating register for signal `$paramod$e5e3f42b99cf92d6f984d328109b403503d3e2d6\RAM32M.$bitselwrite$mask$/home/cl4/opt/f4pga/xc7/conda/envs/xc7/bin/../share/yosys/xilinx/cells_sim.v:1814$3939' using process `$paramod$e5e3f42b99cf92d6f984d328109b403503d3e2d6\RAM32M.$proc$/home/cl4/opt/f4pga/xc7/conda/envs/xc7/bin/../share/yosys/xilinx/cells_sim.v:1812$3968'.
  created $dff cell `$procdff$4147' with positive edge clock.
Creating register for signal `$paramod$e5e3f42b99cf92d6f984d328109b403503d3e2d6\RAM32M.$bitselwrite$data$/home/cl4/opt/f4pga/xc7/conda/envs/xc7/bin/../share/yosys/xilinx/cells_sim.v:1814$3940' using process `$paramod$e5e3f42b99cf92d6f984d328109b403503d3e2d6\RAM32M.$proc$/home/cl4/opt/f4pga/xc7/conda/envs/xc7/bin/../share/yosys/xilinx/cells_sim.v:1812$3968'.
  created $dff cell `$procdff$4148' with positive edge clock.
Creating register for signal `$paramod$e5e3f42b99cf92d6f984d328109b403503d3e2d6\RAM32M.$bitselwrite$sel$/home/cl4/opt/f4pga/xc7/conda/envs/xc7/bin/../share/yosys/xilinx/cells_sim.v:1814$3941' using process `$paramod$e5e3f42b99cf92d6f984d328109b403503d3e2d6\RAM32M.$proc$/home/cl4/opt/f4pga/xc7/conda/envs/xc7/bin/../share/yosys/xilinx/cells_sim.v:1812$3968'.
  created $dff cell `$procdff$4149' with positive edge clock.
Creating register for signal `$paramod$e5e3f42b99cf92d6f984d328109b403503d3e2d6\RAM32M.$bitselwrite$mask$/home/cl4/opt/f4pga/xc7/conda/envs/xc7/bin/../share/yosys/xilinx/cells_sim.v:1815$3942' using process `$paramod$e5e3f42b99cf92d6f984d328109b403503d3e2d6\RAM32M.$proc$/home/cl4/opt/f4pga/xc7/conda/envs/xc7/bin/../share/yosys/xilinx/cells_sim.v:1812$3968'.
  created $dff cell `$procdff$4150' with positive edge clock.
Creating register for signal `$paramod$e5e3f42b99cf92d6f984d328109b403503d3e2d6\RAM32M.$bitselwrite$data$/home/cl4/opt/f4pga/xc7/conda/envs/xc7/bin/../share/yosys/xilinx/cells_sim.v:1815$3943' using process `$paramod$e5e3f42b99cf92d6f984d328109b403503d3e2d6\RAM32M.$proc$/home/cl4/opt/f4pga/xc7/conda/envs/xc7/bin/../share/yosys/xilinx/cells_sim.v:1812$3968'.
  created $dff cell `$procdff$4151' with positive edge clock.
Creating register for signal `$paramod$e5e3f42b99cf92d6f984d328109b403503d3e2d6\RAM32M.$bitselwrite$sel$/home/cl4/opt/f4pga/xc7/conda/envs/xc7/bin/../share/yosys/xilinx/cells_sim.v:1815$3944' using process `$paramod$e5e3f42b99cf92d6f984d328109b403503d3e2d6\RAM32M.$proc$/home/cl4/opt/f4pga/xc7/conda/envs/xc7/bin/../share/yosys/xilinx/cells_sim.v:1812$3968'.
  created $dff cell `$procdff$4152' with positive edge clock.
Creating register for signal `$paramod$e5e3f42b99cf92d6f984d328109b403503d3e2d6\RAM32M.$bitselwrite$mask$/home/cl4/opt/f4pga/xc7/conda/envs/xc7/bin/../share/yosys/xilinx/cells_sim.v:1816$3945' using process `$paramod$e5e3f42b99cf92d6f984d328109b403503d3e2d6\RAM32M.$proc$/home/cl4/opt/f4pga/xc7/conda/envs/xc7/bin/../share/yosys/xilinx/cells_sim.v:1812$3968'.
  created $dff cell `$procdff$4153' with positive edge clock.
Creating register for signal `$paramod$e5e3f42b99cf92d6f984d328109b403503d3e2d6\RAM32M.$bitselwrite$data$/home/cl4/opt/f4pga/xc7/conda/envs/xc7/bin/../share/yosys/xilinx/cells_sim.v:1816$3946' using process `$paramod$e5e3f42b99cf92d6f984d328109b403503d3e2d6\RAM32M.$proc$/home/cl4/opt/f4pga/xc7/conda/envs/xc7/bin/../share/yosys/xilinx/cells_sim.v:1812$3968'.
  created $dff cell `$procdff$4154' with positive edge clock.
Creating register for signal `$paramod$e5e3f42b99cf92d6f984d328109b403503d3e2d6\RAM32M.$bitselwrite$sel$/home/cl4/opt/f4pga/xc7/conda/envs/xc7/bin/../share/yosys/xilinx/cells_sim.v:1816$3947' using process `$paramod$e5e3f42b99cf92d6f984d328109b403503d3e2d6\RAM32M.$proc$/home/cl4/opt/f4pga/xc7/conda/envs/xc7/bin/../share/yosys/xilinx/cells_sim.v:1812$3968'.
  created $dff cell `$procdff$4155' with positive edge clock.
Creating register for signal `$paramod$e5e3f42b99cf92d6f984d328109b403503d3e2d6\RAM32M.$bitselwrite$mask$/home/cl4/opt/f4pga/xc7/conda/envs/xc7/bin/../share/yosys/xilinx/cells_sim.v:1817$3948' using process `$paramod$e5e3f42b99cf92d6f984d328109b403503d3e2d6\RAM32M.$proc$/home/cl4/opt/f4pga/xc7/conda/envs/xc7/bin/../share/yosys/xilinx/cells_sim.v:1812$3968'.
  created $dff cell `$procdff$4156' with positive edge clock.
Creating register for signal `$paramod$e5e3f42b99cf92d6f984d328109b403503d3e2d6\RAM32M.$bitselwrite$data$/home/cl4/opt/f4pga/xc7/conda/envs/xc7/bin/../share/yosys/xilinx/cells_sim.v:1817$3949' using process `$paramod$e5e3f42b99cf92d6f984d328109b403503d3e2d6\RAM32M.$proc$/home/cl4/opt/f4pga/xc7/conda/envs/xc7/bin/../share/yosys/xilinx/cells_sim.v:1812$3968'.
  created $dff cell `$procdff$4157' with positive edge clock.
Creating register for signal `$paramod$e5e3f42b99cf92d6f984d328109b403503d3e2d6\RAM32M.$bitselwrite$sel$/home/cl4/opt/f4pga/xc7/conda/envs/xc7/bin/../share/yosys/xilinx/cells_sim.v:1817$3950' using process `$paramod$e5e3f42b99cf92d6f984d328109b403503d3e2d6\RAM32M.$proc$/home/cl4/opt/f4pga/xc7/conda/envs/xc7/bin/../share/yosys/xilinx/cells_sim.v:1812$3968'.
  created $dff cell `$procdff$4158' with positive edge clock.
Creating register for signal `$paramod$e5e3f42b99cf92d6f984d328109b403503d3e2d6\RAM32M.$lookahead\mem_a$3964' using process `$paramod$e5e3f42b99cf92d6f984d328109b403503d3e2d6\RAM32M.$proc$/home/cl4/opt/f4pga/xc7/conda/envs/xc7/bin/../share/yosys/xilinx/cells_sim.v:1812$3968'.
  created $dff cell `$procdff$4159' with positive edge clock.
Creating register for signal `$paramod$e5e3f42b99cf92d6f984d328109b403503d3e2d6\RAM32M.$lookahead\mem_b$3965' using process `$paramod$e5e3f42b99cf92d6f984d328109b403503d3e2d6\RAM32M.$proc$/home/cl4/opt/f4pga/xc7/conda/envs/xc7/bin/../share/yosys/xilinx/cells_sim.v:1812$3968'.
  created $dff cell `$procdff$4160' with positive edge clock.
Creating register for signal `$paramod$e5e3f42b99cf92d6f984d328109b403503d3e2d6\RAM32M.$lookahead\mem_c$3966' using process `$paramod$e5e3f42b99cf92d6f984d328109b403503d3e2d6\RAM32M.$proc$/home/cl4/opt/f4pga/xc7/conda/envs/xc7/bin/../share/yosys/xilinx/cells_sim.v:1812$3968'.
  created $dff cell `$procdff$4161' with positive edge clock.
Creating register for signal `$paramod$e5e3f42b99cf92d6f984d328109b403503d3e2d6\RAM32M.$lookahead\mem_d$3967' using process `$paramod$e5e3f42b99cf92d6f984d328109b403503d3e2d6\RAM32M.$proc$/home/cl4/opt/f4pga/xc7/conda/envs/xc7/bin/../share/yosys/xilinx/cells_sim.v:1812$3968'.
  created $dff cell `$procdff$4162' with positive edge clock.

34.5.4.10. Executing PROC_MEMWR pass (convert process memory writes to cells).

34.5.4.11. Executing PROC_CLEAN pass (remove empty switches from decision trees).
Removing empty process `$paramod$e5e3f42b99cf92d6f984d328109b403503d3e2d6\RAM32M.$proc$/home/cl4/opt/f4pga/xc7/conda/envs/xc7/bin/../share/yosys/xilinx/cells_sim.v:1806$4094'.
Removing empty process `$paramod$e5e3f42b99cf92d6f984d328109b403503d3e2d6\RAM32M.$proc$/home/cl4/opt/f4pga/xc7/conda/envs/xc7/bin/../share/yosys/xilinx/cells_sim.v:1805$4093'.
Removing empty process `$paramod$e5e3f42b99cf92d6f984d328109b403503d3e2d6\RAM32M.$proc$/home/cl4/opt/f4pga/xc7/conda/envs/xc7/bin/../share/yosys/xilinx/cells_sim.v:1804$4092'.
Removing empty process `$paramod$e5e3f42b99cf92d6f984d328109b403503d3e2d6\RAM32M.$proc$/home/cl4/opt/f4pga/xc7/conda/envs/xc7/bin/../share/yosys/xilinx/cells_sim.v:1803$4091'.
Found and cleaned up 1 empty switch in `$paramod$e5e3f42b99cf92d6f984d328109b403503d3e2d6\RAM32M.$proc$/home/cl4/opt/f4pga/xc7/conda/envs/xc7/bin/../share/yosys/xilinx/cells_sim.v:1812$3968'.
Removing empty process `$paramod$e5e3f42b99cf92d6f984d328109b403503d3e2d6\RAM32M.$proc$/home/cl4/opt/f4pga/xc7/conda/envs/xc7/bin/../share/yosys/xilinx/cells_sim.v:1812$3968'.
Cleaned up 1 empty switch.

34.5.4.12. Executing OPT_EXPR pass (perform const folding).

34.5.5. Executing SCC pass (detecting logic loops).
Found 0 SCCs in module top.
Found 0 SCCs.

34.5.6. Executing ABC9_OPS pass (helper functions for ABC9).

34.5.7. Executing PROC pass (convert processes to netlists).

34.5.7.1. Executing PROC_CLEAN pass (remove empty switches from decision trees).
Cleaned up 0 empty switches.

34.5.7.2. Executing PROC_RMDEAD pass (remove dead branches from decision trees).
Removed a total of 0 dead cases.

34.5.7.3. Executing PROC_PRUNE pass (remove redundant assignments in processes).
Removed 0 redundant assignments.
Promoted 0 assignments to connections.

34.5.7.4. Executing PROC_INIT pass (extract init attributes).

34.5.7.5. Executing PROC_ARST pass (detect async resets in processes).

34.5.7.6. Executing PROC_ROM pass (convert switches to ROMs).
Converted 0 switches.

34.5.7.7. Executing PROC_MUX pass (convert decision trees to multiplexers).

34.5.7.8. Executing PROC_DLATCH pass (convert process syncs to latches).

34.5.7.9. Executing PROC_DFF pass (convert process syncs to FFs).

34.5.7.10. Executing PROC_MEMWR pass (convert process memory writes to cells).

34.5.7.11. Executing PROC_CLEAN pass (remove empty switches from decision trees).
Cleaned up 0 empty switches.

34.5.7.12. Executing OPT_EXPR pass (perform const folding).

34.5.8. Executing TECHMAP pass (map to technology primitives).

34.5.8.1. Executing Verilog-2005 frontend: /home/cl4/opt/f4pga/xc7/conda/envs/xc7/bin/../share/yosys/techmap.v
Parsing Verilog input from `/home/cl4/opt/f4pga/xc7/conda/envs/xc7/bin/../share/yosys/techmap.v' to AST representation.
Generating RTLIL representation for module `\_90_simplemap_bool_ops'.
Generating RTLIL representation for module `\_90_simplemap_reduce_ops'.
Generating RTLIL representation for module `\_90_simplemap_logic_ops'.
Generating RTLIL representation for module `\_90_simplemap_compare_ops'.
Generating RTLIL representation for module `\_90_simplemap_various'.
Generating RTLIL representation for module `\_90_simplemap_registers'.
Generating RTLIL representation for module `\_90_shift_ops_shr_shl_sshl_sshr'.
Generating RTLIL representation for module `\_90_shift_shiftx'.
Generating RTLIL representation for module `\_90_fa'.
Generating RTLIL representation for module `\_90_lcu'.
Generating RTLIL representation for module `\_90_alu'.
Generating RTLIL representation for module `\_90_macc'.
Generating RTLIL representation for module `\_90_alumacc'.
Generating RTLIL representation for module `\$__div_mod_u'.
Generating RTLIL representation for module `\$__div_mod_trunc'.
Generating RTLIL representation for module `\_90_div'.
Generating RTLIL representation for module `\_90_mod'.
Generating RTLIL representation for module `\$__div_mod_floor'.
Generating RTLIL representation for module `\_90_divfloor'.
Generating RTLIL representation for module `\_90_modfloor'.
Generating RTLIL representation for module `\_90_pow'.
Generating RTLIL representation for module `\_90_pmux'.
Generating RTLIL representation for module `\_90_demux'.
Generating RTLIL representation for module `\_90_lut'.
Successfully finished Verilog frontend.

34.5.8.2. Continuing TECHMAP pass.
No more expansions possible.

34.5.9. Executing OPT pass (performing simple optimizations).

34.5.9.1. Executing OPT_EXPR pass (perform const folding).
Optimizing module $paramod\FDCE\INIT=1'x.
Optimizing module $paramod$e5e3f42b99cf92d6f984d328109b403503d3e2d6\RAM32M.

34.5.9.2. Executing OPT_MERGE pass (detect identical cells).
Finding identical cells in module `$paramod\FDCE\INIT=1'x'.
Finding identical cells in module `$paramod$e5e3f42b99cf92d6f984d328109b403503d3e2d6\RAM32M'.
Removed a total of 0 cells.

34.5.9.3. Executing OPT_MUXTREE pass (detect dead branches in mux trees).
Running muxtree optimizer on module $paramod\FDCE\INIT=1'x..
  Creating internal representation of mux trees.
  No muxes found in this module.
Running muxtree optimizer on module $paramod$e5e3f42b99cf92d6f984d328109b403503d3e2d6\RAM32M..
  Creating internal representation of mux trees.
  No muxes found in this module.
Removed 0 multiplexer ports.

34.5.9.4. Executing OPT_REDUCE pass (consolidate $*mux and $reduce_* inputs).
  Optimizing cells in module $paramod\FDCE\INIT=1'x.
  Optimizing cells in module $paramod$e5e3f42b99cf92d6f984d328109b403503d3e2d6\RAM32M.
Performed a total of 0 changes.

34.5.9.5. Executing OPT_MERGE pass (detect identical cells).
Finding identical cells in module `$paramod\FDCE\INIT=1'x'.
Finding identical cells in module `$paramod$e5e3f42b99cf92d6f984d328109b403503d3e2d6\RAM32M'.
Removed a total of 0 cells.

34.5.9.6. Executing OPT_DFF pass (perform DFF optimizations).

34.5.9.7. Executing OPT_CLEAN pass (remove unused cells and wires).
Finding unused cells or wires in module $paramod\FDCE\INIT=1'x..
Finding unused cells or wires in module $paramod$e5e3f42b99cf92d6f984d328109b403503d3e2d6\RAM32M..

34.5.9.8. Executing OPT_EXPR pass (perform const folding).
Optimizing module $paramod$e5e3f42b99cf92d6f984d328109b403503d3e2d6\RAM32M.
Optimizing module $paramod\FDCE\INIT=1'x.

34.5.9.9. Finished OPT passes. (There is nothing left to do.)

34.5.10. Executing TECHMAP pass (map to technology primitives).

34.5.10.1. Executing Verilog-2005 frontend: /home/cl4/opt/f4pga/xc7/conda/envs/xc7/bin/../share/yosys/abc9_map.v
Parsing Verilog input from `/home/cl4/opt/f4pga/xc7/conda/envs/xc7/bin/../share/yosys/abc9_map.v' to AST representation.
Successfully finished Verilog frontend.

34.5.10.2. Continuing TECHMAP pass.
Using template $paramod\FDCE\INIT=1'x for cells of type $paramod\FDCE\INIT=1'x.
Using template $paramod$e5e3f42b99cf92d6f984d328109b403503d3e2d6\RAM32M for cells of type $paramod$e5e3f42b99cf92d6f984d328109b403503d3e2d6\RAM32M.
No more expansions possible.

34.5.11. Executing Verilog-2005 frontend: /home/cl4/opt/f4pga/xc7/conda/envs/xc7/bin/../share/yosys/abc9_model.v
Parsing Verilog input from `/home/cl4/opt/f4pga/xc7/conda/envs/xc7/bin/../share/yosys/abc9_model.v' to AST representation.
Generating RTLIL representation for module `$__ABC9_DELAY'.
Generating RTLIL representation for module `$__ABC9_SCC_BREAKER'.
Generating RTLIL representation for module `$__DFF_N__$abc9_flop'.
Generating RTLIL representation for module `$__DFF_P__$abc9_flop'.
Successfully finished Verilog frontend.

34.5.12. Executing ABC9_OPS pass (helper functions for ABC9).

34.5.13. Executing ABC9_OPS pass (helper functions for ABC9).

34.5.14. Executing ABC9_OPS pass (helper functions for ABC9).

34.5.15. Executing TECHMAP pass (map to technology primitives).

34.5.15.1. Executing Verilog-2005 frontend: /home/cl4/opt/f4pga/xc7/conda/envs/xc7/bin/../share/yosys/techmap.v
Parsing Verilog input from `/home/cl4/opt/f4pga/xc7/conda/envs/xc7/bin/../share/yosys/techmap.v' to AST representation.
Generating RTLIL representation for module `\_90_simplemap_bool_ops'.
Generating RTLIL representation for module `\_90_simplemap_reduce_ops'.
Generating RTLIL representation for module `\_90_simplemap_logic_ops'.
Generating RTLIL representation for module `\_90_simplemap_compare_ops'.
Generating RTLIL representation for module `\_90_simplemap_various'.
Generating RTLIL representation for module `\_90_simplemap_registers'.
Generating RTLIL representation for module `\_90_shift_ops_shr_shl_sshl_sshr'.
Generating RTLIL representation for module `\_90_shift_shiftx'.
Generating RTLIL representation for module `\_90_fa'.
Generating RTLIL representation for module `\_90_lcu'.
Generating RTLIL representation for module `\_90_alu'.
Generating RTLIL representation for module `\_90_macc'.
Generating RTLIL representation for module `\_90_alumacc'.
Generating RTLIL representation for module `\$__div_mod_u'.
Generating RTLIL representation for module `\$__div_mod_trunc'.
Generating RTLIL representation for module `\_90_div'.
Generating RTLIL representation for module `\_90_mod'.
Generating RTLIL representation for module `\$__div_mod_floor'.
Generating RTLIL representation for module `\_90_divfloor'.
Generating RTLIL representation for module `\_90_modfloor'.
Generating RTLIL representation for module `\_90_pow'.
Generating RTLIL representation for module `\_90_pmux'.
Generating RTLIL representation for module `\_90_demux'.
Generating RTLIL representation for module `\_90_lut'.
Successfully finished Verilog frontend.

34.5.15.2. Continuing TECHMAP pass.
No more expansions possible.

34.5.16. Executing OPT pass (performing simple optimizations).

34.5.16.1. Executing OPT_EXPR pass (perform const folding).
Optimizing module top.

34.5.16.2. Executing OPT_MERGE pass (detect identical cells).
Finding identical cells in module `\top'.
Removed a total of 0 cells.

34.5.16.3. Executing OPT_MUXTREE pass (detect dead branches in mux trees).
Running muxtree optimizer on module \top..
  Creating internal representation of mux trees.
  No muxes found in this module.
Removed 0 multiplexer ports.

34.5.16.4. Executing OPT_REDUCE pass (consolidate $*mux and $reduce_* inputs).
  Optimizing cells in module \top.
Performed a total of 0 changes.

34.5.16.5. Executing OPT_MERGE pass (detect identical cells).
Finding identical cells in module `\top'.
Removed a total of 0 cells.

34.5.16.6. Executing OPT_DFF pass (perform DFF optimizations).

34.5.16.7. Executing OPT_CLEAN pass (remove unused cells and wires).
Finding unused cells or wires in module \top..

34.5.16.8. Executing OPT_EXPR pass (perform const folding).
Optimizing module top.

34.5.16.9. Finished OPT passes. (There is nothing left to do.)

34.5.17. Executing AIGMAP pass (map logic to AIG).

34.5.18. Executing AIGMAP pass (map logic to AIG).
Module top: replaced 0 cells with 0 new cells, skipped 32 cells.
  not replaced 15 cell types:
       4 IBUF
       6 OBUF
       4 FDRE
       1 $paramod\LUT4\INIT=16'0000000100010000
       1 $paramod\LUT4\INIT=16'0000011011110000
       1 $paramod\LUT5\INIT=32'00000000110101110000000000000000
       1 $paramod\LUT2\INIT=4'0100
       1 $paramod\LUT4\INIT=16'0000110111110000
       1 $paramod\LUT3\INIT=8'00010000
       1 $paramod\LUT2\INIT=4'0110
       1 $paramod\LUT5\INIT=32'00010100000000000000000000000000
       4 $paramod\FDCE\INIT=1'x
       1 $paramod$e5e3f42b99cf92d6f984d328109b403503d3e2d6\RAM32M_$abc9_byp
       4 $paramod\FDCE\INIT=1'x_$abc9_byp
       1 $paramod$e5e3f42b99cf92d6f984d328109b403503d3e2d6\RAM32M

34.5.18.1. Executing ABC9_OPS pass (helper functions for ABC9).

34.5.18.2. Executing ABC9_OPS pass (helper functions for ABC9).

34.5.18.3. Executing XAIGER backend.
Extracted 0 AND gates and 52 wires from module `top' to a netlist network with 38 inputs and 30 outputs.

34.5.18.4. Executing ABC9_EXE pass (technology mapping using ABC9).

34.5.18.5. Executing ABC9.
Running ABC command: "<yosys-exe-dir>/yosys-abc" -s -f <abc-temp-dir>/abc.script 2>&1
ABC: ABC command line: "source <abc-temp-dir>/abc.script".
ABC: 
ABC: + read_lut <abc-temp-dir>/input.lut 
ABC: + read_box <abc-temp-dir>/input.box 
ABC: + &read <abc-temp-dir>/input.xaig 
ABC: + &ps 
ABC: <abc-temp-dir>/input : i/o =     38/     30  and =       0  lev =    0 (0.00)  mem = 0.00 MB  box = 5  bb = 5
ABC: + &scorr 
ABC: Warning: The network is combinational.
ABC: + &sweep 
ABC: + &dc2 
ABC: + &dch -f 
ABC: + &ps 
ABC: <abc-temp-dir>/input : i/o =     38/     30  and =       0  lev =    0 (0.00)  mem = 0.00 MB  ch =    0  box = 5  bb = 5
ABC: + &if -W 300 -v 
ABC: K = 6. Memory (bytes): Truth =    0. Cut =   56. Obj =  136. Set =  600. CutMin = no
ABC: Node =       0.  Ch =     0.  Total mem =    0.02 MB. Peak cut mem =    0.00 MB.
ABC: P:  Del = 1190.00.  Ar =       0.0.  Edge =        0.  Cut =        0.  T =     0.00 sec
ABC: P:  Del = 1190.00.  Ar =       0.0.  Edge =        0.  Cut =        0.  T =     0.00 sec
ABC: P:  Del = 1190.00.  Ar =       0.0.  Edge =        0.  Cut =        0.  T =     0.00 sec
ABC: F:  Del = 1190.00.  Ar =       0.0.  Edge =        0.  Cut =        0.  T =     0.00 sec
ABC: A:  Del = 1190.00.  Ar =       0.0.  Edge =        0.  Cut =        0.  T =     0.00 sec
ABC: A:  Del = 1190.00.  Ar =       0.0.  Edge =        0.  Cut =        0.  T =     0.00 sec
ABC: Total time =     0.00 sec
ABC: + &write -n <abc-temp-dir>/output.aig 
ABC: + &mfs 
ABC: The network is not changed by "&mfs".
ABC: + &ps -l 
ABC: <abc-temp-dir>/input : i/o =     38/     30  and =       0  lev =    0 (0.00)  mem = 0.00 MB  box = 5  bb = 5
ABC: Mapping (K=0)  :  lut =      0  edge =       0  lev =    0 (0.00)  levB =    1  mem = 0.00 MB
ABC: LUT = 0 : Ave = 0.00
ABC: + &write -n <abc-temp-dir>/output.aig 
ABC: + time 
ABC: elapse: 0.00 seconds, total: 0.00 seconds

34.5.18.6. Executing AIGER frontend.
Removed 0 unused cells and 129 unused wires.

34.5.18.7. Executing ABC9_OPS pass (helper functions for ABC9).
ABC RESULTS:   $paramod$e5e3f42b99cf92d6f984d328109b403503d3e2d6\RAM32M_$abc9_byp cells:        1
ABC RESULTS:   $paramod\FDCE\INIT=1'x_$abc9_byp cells:        4
ABC RESULTS:           input signals:       12
ABC RESULTS:          output signals:       17
Removing temp directory.

34.5.19. Executing TECHMAP pass (map to technology primitives).

34.5.19.1. Executing Verilog-2005 frontend: /home/cl4/opt/f4pga/xc7/conda/envs/xc7/bin/../share/yosys/abc9_unmap.v
Parsing Verilog input from `/home/cl4/opt/f4pga/xc7/conda/envs/xc7/bin/../share/yosys/abc9_unmap.v' to AST representation.
Generating RTLIL representation for module `\$__DFF_x__$abc9_flop'.
Generating RTLIL representation for module `\$__ABC9_SCC_BREAKER'.
Successfully finished Verilog frontend.

34.5.19.2. Continuing TECHMAP pass.
Using template $paramod\FDCE\INIT=1'x for cells of type $paramod\FDCE\INIT=1'x.
Using template $paramod\FDCE\INIT=1'x_$abc9_byp for cells of type $paramod\FDCE\INIT=1'x_$abc9_byp.
Using template $paramod\LUT3\INIT=8'00010000 for cells of type $paramod\LUT3\INIT=8'00010000.
Using template $paramod\LUT4\INIT=16'0000011011110000 for cells of type $paramod\LUT4\INIT=16'0000011011110000.
Using template $paramod\LUT4\INIT=16'0000000100010000 for cells of type $paramod\LUT4\INIT=16'0000000100010000.
Using template $paramod\LUT4\INIT=16'0000110111110000 for cells of type $paramod\LUT4\INIT=16'0000110111110000.
Using template $paramod\LUT5\INIT=32'00010100000000000000000000000000 for cells of type $paramod\LUT5\INIT=32'00010100000000000000000000000000.
Using template $paramod\LUT2\INIT=4'0110 for cells of type $paramod\LUT2\INIT=4'0110.
Using template $paramod$e5e3f42b99cf92d6f984d328109b403503d3e2d6\RAM32M for cells of type $paramod$e5e3f42b99cf92d6f984d328109b403503d3e2d6\RAM32M.
Using template $paramod\LUT5\INIT=32'00000000110101110000000000000000 for cells of type $paramod\LUT5\INIT=32'00000000110101110000000000000000.
Using template $paramod\LUT2\INIT=4'0100 for cells of type $paramod\LUT2\INIT=4'0100.
Using template $paramod$e5e3f42b99cf92d6f984d328109b403503d3e2d6\RAM32M_$abc9_byp for cells of type $paramod$e5e3f42b99cf92d6f984d328109b403503d3e2d6\RAM32M_$abc9_byp.
No more expansions possible.
Removed 0 unused cells and 200 unused wires.

34.6. Executing TECHMAP pass (map to technology primitives).

34.6.1. Executing Verilog-2005 frontend: /home/cl4/opt/f4pga/xc7/conda/envs/xc7/bin/../share/yosys/xilinx/lut_map.v
Parsing Verilog input from `/home/cl4/opt/f4pga/xc7/conda/envs/xc7/bin/../share/yosys/xilinx/lut_map.v' to AST representation.
Generating RTLIL representation for module `\$lut'.
Successfully finished Verilog frontend.

34.6.2. Executing Verilog-2005 frontend: /home/cl4/opt/f4pga/xc7/conda/envs/xc7/bin/../share/yosys/xilinx/cells_map.v
Parsing Verilog input from `/home/cl4/opt/f4pga/xc7/conda/envs/xc7/bin/../share/yosys/xilinx/cells_map.v' to AST representation.
Generating RTLIL representation for module `\$__SHREG_'.
Generating RTLIL representation for module `\$__XILINX_SHREG_'.
Generating RTLIL representation for module `\$__XILINX_MUXF78'.
Successfully finished Verilog frontend.

34.6.3. Continuing TECHMAP pass.
No more expansions possible.

34.7. Executing XILINX_DFFOPT pass (optimize FF control signal usage).
Optimizing FFs in top.

34.8. Executing OPT_LUT_INS pass (discard unused LUT inputs).
Optimizing LUTs in top.

35. Executing RTLIL backend.
Output filename: top.json.post_abc9.ilang

36. Executing TECHMAP pass (map to technology primitives).

36.1. Executing Verilog-2005 frontend: /home/cl4/opt/f4pga/xc7/share/f4pga/techmaps/xc7_vpr/techmap/cells_map.v
Parsing Verilog input from `/home/cl4/opt/f4pga/xc7/share/f4pga/techmaps/xc7_vpr/techmap/cells_map.v' to AST representation.
Generating RTLIL representation for module `\CESR_MUX'.
Generating RTLIL representation for module `\FD'.
Generating RTLIL representation for module `\FDRE'.
Generating RTLIL representation for module `\FDSE'.
Generating RTLIL representation for module `\FDCE'.
Generating RTLIL representation for module `\FDPE'.
Generating RTLIL representation for module `\FDRE_1'.
Generating RTLIL representation for module `\FDSE_1'.
Generating RTLIL representation for module `\FDCE_1'.
Generating RTLIL representation for module `\FDPE_1'.
Generating RTLIL representation for module `\LUT1'.
Generating RTLIL representation for module `\LUT2'.
Generating RTLIL representation for module `\LUT3'.
Generating RTLIL representation for module `\LUT4'.
Generating RTLIL representation for module `\LUT5'.
Generating RTLIL representation for module `\LUT6'.
Generating RTLIL representation for module `\RAM128X1S'.
Generating RTLIL representation for module `\RAM128X1D'.
Generating RTLIL representation for module `\RAM256X1S'.
Generating RTLIL representation for module `\RAM32X1D'.
Generating RTLIL representation for module `\RAM32X1S'.
Generating RTLIL representation for module `\RAM32X2S'.
Generating RTLIL representation for module `\RAM32M'.
Generating RTLIL representation for module `\RAM64M'.
Generating RTLIL representation for module `\RAM64X1D'.
Generating RTLIL representation for module `\RAM64X1S'.
Generating RTLIL representation for module `\RAMB18E1'.
Generating RTLIL representation for module `\RAMB36E1'.
Generating RTLIL representation for module `\SRLC32E'.
Generating RTLIL representation for module `\SRLC16E'.
Generating RTLIL representation for module `\SRL16E'.
Generating RTLIL representation for module `\IBUF'.
Generating RTLIL representation for module `\OBUF'.
Generating RTLIL representation for module `\OBUFT'.
Generating RTLIL representation for module `\IOBUF'.
Generating RTLIL representation for module `\OBUFTDS'.
Generating RTLIL representation for module `\OBUFDS'.
Generating RTLIL representation for module `\IOBUFDS'.
Generating RTLIL representation for module `\OSERDESE2'.
Generating RTLIL representation for module `\ISERDESE2'.
Generating RTLIL representation for module `\IDDR_2CLK'.
Generating RTLIL representation for module `\IDDR'.
Generating RTLIL representation for module `\ODDR'.
Generating RTLIL representation for module `\IDELAYE2'.
Generating RTLIL representation for module `\BUFG'.
Generating RTLIL representation for module `\BUFGCE'.
Generating RTLIL representation for module `\BUFGMUX'.
Generating RTLIL representation for module `\BUFGCTRL'.
Generating RTLIL representation for module `\BUFH'.
Generating RTLIL representation for module `\BUFHCE'.
Generating RTLIL representation for module `\PLLE2_ADV'.
Generating RTLIL representation for module `\PLLE2_BASE'.
/home/cl4/opt/f4pga/xc7/share/f4pga/techmaps/xc7_vpr/techmap/cells_map.v:4283: Warning: Replacing floating point parameter _TECHMAP_REPLACE_.CLKIN1_PERIOD = 0.000000 with string.
/home/cl4/opt/f4pga/xc7/share/f4pga/techmaps/xc7_vpr/techmap/cells_map.v:4283: Warning: Replacing floating point parameter _TECHMAP_REPLACE_.REF_JITTER1 = 0.100000 with string.
Generating RTLIL representation for module `\MMCME2_ADV'.
Generating RTLIL representation for module `\INV'.
Generating RTLIL representation for module `\PS7'.
Generating RTLIL representation for module `\CARRY4_FIX'.
Generating RTLIL representation for module `\IBUFDS_GTE2'.
Generating RTLIL representation for module `\GTPE2_COMMON'.
Generating RTLIL representation for module `\GTPE2_CHANNEL'.
Generating RTLIL representation for module `\PCIE_2_1'.
Successfully finished Verilog frontend.

36.2. Continuing TECHMAP pass.
Using template $paramod$f9dc1e8903153d67119e0e567b207891703c8c96\IBUF for cells of type IBUF.
Using template $paramod$6df8f66f4378b0b85abb09ac0067f8b643abddea\IBUF for cells of type IBUF.
Using template $paramod\FDCE\INIT=1'x for cells of type FDCE.
Using template $paramod$663a8fbc2037fca954da74f777fd6f1b70e3a20c\IBUF for cells of type IBUF.
Using template $paramod\LUT3\INIT=8'00010000 for cells of type LUT3.
Using template $paramod\LUT4\INIT=16'0000000100010000 for cells of type LUT4.
Using template $paramod\LUT4\INIT=16'0000011011110000 for cells of type LUT4.
Using template $paramod\LUT4\INIT=16'0000110111110000 for cells of type LUT4.
Using template $paramod$040afa2723533466e694533544526bf1fc8637c3\IBUF for cells of type IBUF.
Using template $paramod\LUT5\INIT=32'00010100000000000000000000000000 for cells of type LUT5.
Using template $paramod\LUT2\INIT=4'0110 for cells of type LUT2.
Using template $paramod$e5e3f42b99cf92d6f984d328109b403503d3e2d6\RAM32M for cells of type RAM32M.
Using template $paramod\LUT5\INIT=32'00000000110101110000000000000000 for cells of type LUT5.
Using template $paramod\FDRE\INIT=1'x for cells of type FDRE.
Using template $paramod$3cb2599cbbab028d149371d4e21e40ba0c15ddb9\OBUF for cells of type OBUF.
Using template $paramod$da8fae7bfe719e9a263c1f37ca2645c719372a90\OBUF for cells of type OBUF.
Using template $paramod\LUT2\INIT=4'0100 for cells of type LUT2.
Using template $paramod$c0adbbedf40a9f4c1c9f7a6c7d18e24d68141275\OBUF for cells of type OBUF.
Using template $paramod$aa52022074e55f50d9f410bb6565090bf0f9f10a\OBUF for cells of type OBUF.
Using template $paramod$3550d75b52b27ee669518fa6dbeca01f65176c59\OBUF for cells of type OBUF.
Using template $paramod$b5689d76a297c9599943c98e6a2e9bd7e951d80a\OBUF for cells of type OBUF.
Using template $paramod$e5f038ac5bbe17a5407e2e9ccff6b198047f0b4b\OBUFT for cells of type OBUFT.
Using template $paramod$321820b45353341a1ce0c7c424ba127731cd2b7c\OBUFT for cells of type OBUFT.
Using template $paramod$190cce381140ba4d4df5fd63cc5a81efb18e6114\OBUFT for cells of type OBUFT.
Using template $paramod$098fe69ae0cad6e67cf763f685d33259073c7c9e\OBUFT for cells of type OBUFT.
Using template $paramod$55bb20362d3378e06e3021828d4e73ffd3c682ba\OBUFT for cells of type OBUFT.
Using template $paramod$e196315362a5f28a6a4f5ddf8e2a188ff530b2ac\OBUFT for cells of type OBUFT.
Using template $paramod$6d89ede90d4199a51d45375544178c5a97409337\CESR_MUX for cells of type CESR_MUX.
Using template $paramod$a9944924012617e6cb9a0ed32007843b977b7565\CESR_MUX for cells of type CESR_MUX.
No more expansions possible.

37. Executing OPT_EXPR pass (perform const folding).
Optimizing module top.

38. Executing OPT_CLEAN pass (remove unused cells and wires).
Finding unused cells or wires in module \top..
Removed 0 unused cells and 155 unused wires.

39. Executing SETUNDEF pass (replace undef values with defined constants).

40. Printing statistics.

=== top ===

   Number of wires:                 74
   Number of wire bits:            165
   Number of public wires:          53
   Number of public wire bits:     137
   Number of memories:               0
   Number of memory bits:            0
   Number of processes:              0
   Number of cells:                 49
     $lut                            8
     CE_VCC                          4
     DPRAM32                         8
     DRAM_8_OUTPUT_STUB              1
     FDCE_ZINI                       4
     FDRE_ZINI                       4
     IBUF_VPR                        4
     OBUFT_VPR                       6
     SR_GND                          4
     T_INV                           6

41. Executing ATTRMAP pass (move or copy attributes).
Removed attribute on top.M1.addr: hdlname="M1 addr"
Removed attribute on top.M1.addr_in: hdlname="M1 addr_in"
Removed attribute on top.M1.clk: hdlname="M1 clk"
Removed attribute on top.M1.data_in: hdlname="M1 data_in"
Removed attribute on top.M1.datain: hdlname="M1 datain"
Removed attribute on top.M1.next_state: hdlname="M1 next_state"
Removed attribute on top.M1.ready: hdlname="M1 ready"
Removed attribute on top.M1.rst: hdlname="M1 rst"
Removed attribute on top.M1.rw_in: hdlname="M1 rw_in"
Removed attribute on top.M1.start: hdlname="M1 start"
Removed attribute on top.M1.state: hdlname="M1 state"
Removed attribute on top.M1.valid: hdlname="M1 valid"
Removed attribute on top.S1.addr: hdlname="S1 addr"
Removed attribute on top.S1.clk: hdlname="S1 clk"
Removed attribute on top.S1.datain: hdlname="S1 datain"
Removed attribute on top.S1.dataout: hdlname="S1 dataout"
Removed attribute on top.S1.next_state: hdlname="S1 next_state"
Removed attribute on top.S1.ready: hdlname="S1 ready"
Removed attribute on top.S1.rst: hdlname="S1 rst"
Removed attribute on top.S1.state: hdlname="S1 state"
Removed attribute on top.S1.valid: hdlname="S1 valid"

42. Executing PROC_CLEAN pass (remove empty switches from decision trees).
Cleaned up 0 empty switches.

43. Executing PROC_RMDEAD pass (remove dead branches from decision trees).
Marked 1 switch rules as full_case in process $proc$/home/cl4/opt/f4pga/xc7/conda/envs/xc7/bin/../share/yosys/xilinx/cells_sim.v:695$3056 in module FDCE.
Marked 1 switch rules as full_case in process $proc$/home/cl4/opt/f4pga/xc7/conda/envs/xc7/bin/../share/yosys/xilinx/cells_sim.v:736$3059 in module FDCE_1.
Marked 1 switch rules as full_case in process $proc$/home/cl4/opt/f4pga/xc7/conda/envs/xc7/bin/../share/yosys/xilinx/cells_sim.v:774$3074 in module FDPE.
Marked 1 switch rules as full_case in process $proc$/home/cl4/opt/f4pga/xc7/conda/envs/xc7/bin/../share/yosys/xilinx/cells_sim.v:815$3077 in module FDPE_1.
Marked 1 switch rules as full_case in process $proc$/home/cl4/opt/f4pga/xc7/conda/envs/xc7/bin/../share/yosys/xilinx/cells_sim.v:494$3015 in module FDRE.
Marked 1 switch rules as full_case in process $proc$/home/cl4/opt/f4pga/xc7/conda/envs/xc7/bin/../share/yosys/xilinx/cells_sim.v:527$3019 in module FDRE_1.
Marked 1 switch rules as full_case in process $proc$/home/cl4/opt/f4pga/xc7/conda/envs/xc7/bin/../share/yosys/xilinx/cells_sim.v:559$3037 in module FDSE.
Marked 1 switch rules as full_case in process $proc$/home/cl4/opt/f4pga/xc7/conda/envs/xc7/bin/../share/yosys/xilinx/cells_sim.v:592$3041 in module FDSE_1.
Marked 1 switch rules as full_case in process $proc$/home/cl4/opt/f4pga/xc7/conda/envs/xc7/bin/../share/yosys/xilinx/cells_sim.v:1716$3328 in module RAM128X1D.
Marked 1 switch rules as full_case in process $proc$/home/cl4/opt/f4pga/xc7/conda/envs/xc7/bin/../share/yosys/xilinx/cells_sim.v:1812$3398 in module RAM32M.
Marked 1 switch rules as full_case in process $proc$/home/cl4/opt/f4pga/xc7/conda/envs/xc7/bin/../share/yosys/xilinx/cells_sim.v:1506$3214 in module RAM32X1D.
Marked 1 switch rules as full_case in process $proc$/home/cl4/opt/f4pga/xc7/conda/envs/xc7/bin/../share/yosys/xilinx/cells_sim.v:1565$3253 in module RAM32X1D_1.
Marked 1 switch rules as full_case in process $proc$/home/cl4/opt/f4pga/xc7/conda/envs/xc7/bin/../share/yosys/xilinx/cells_sim.v:1986$3570 in module RAM64M.
Marked 1 switch rules as full_case in process $proc$/home/cl4/opt/f4pga/xc7/conda/envs/xc7/bin/../share/yosys/xilinx/cells_sim.v:1611$3280 in module RAM64X1D.
Removed a total of 0 dead cases.

44. Executing PROC_PRUNE pass (remove redundant assignments in processes).
Removed 0 redundant assignments.
Promoted 87 assignments to connections.

45. Executing PROC_INIT pass (extract init attributes).
Found init rule in `\FDCE.$proc$/home/cl4/opt/f4pga/xc7/conda/envs/xc7/bin/../share/yosys/xilinx/cells_sim.v:0$3058'.
  Set init value: \Q = 1'0
Found init rule in `\FDCE_1.$proc$/home/cl4/opt/f4pga/xc7/conda/envs/xc7/bin/../share/yosys/xilinx/cells_sim.v:0$3062'.
  Set init value: \Q = 1'0
Found init rule in `\FDPE.$proc$/home/cl4/opt/f4pga/xc7/conda/envs/xc7/bin/../share/yosys/xilinx/cells_sim.v:0$3076'.
  Set init value: \Q = 1'1
Found init rule in `\FDPE_1.$proc$/home/cl4/opt/f4pga/xc7/conda/envs/xc7/bin/../share/yosys/xilinx/cells_sim.v:0$3080'.
  Set init value: \Q = 1'1
Found init rule in `\FDRE.$proc$/home/cl4/opt/f4pga/xc7/conda/envs/xc7/bin/../share/yosys/xilinx/cells_sim.v:0$3018'.
  Set init value: \Q = 1'0
Found init rule in `\FDRE_1.$proc$/home/cl4/opt/f4pga/xc7/conda/envs/xc7/bin/../share/yosys/xilinx/cells_sim.v:0$3022'.
  Set init value: \Q = 1'0
Found init rule in `\FDSE.$proc$/home/cl4/opt/f4pga/xc7/conda/envs/xc7/bin/../share/yosys/xilinx/cells_sim.v:0$3040'.
  Set init value: \Q = 1'1
Found init rule in `\FDSE_1.$proc$/home/cl4/opt/f4pga/xc7/conda/envs/xc7/bin/../share/yosys/xilinx/cells_sim.v:0$3044'.
  Set init value: \Q = 1'1
Found init rule in `\RAM128X1D.$proc$/home/cl4/opt/f4pga/xc7/conda/envs/xc7/bin/../share/yosys/xilinx/cells_sim.v:1712$3365'.
  Set init value: \mem = 128'00000000000000000000000000000000000000000000000000000000000000000000000000000000000000000000000000000000000000000000000000000000
Found init rule in `\RAM32M.$proc$/home/cl4/opt/f4pga/xc7/conda/envs/xc7/bin/../share/yosys/xilinx/cells_sim.v:1803$3521'.
  Set init value: \mem_a = 64'0000000000000000000000000000000000000000000000000000000000000000
Found init rule in `\RAM32M.$proc$/home/cl4/opt/f4pga/xc7/conda/envs/xc7/bin/../share/yosys/xilinx/cells_sim.v:1804$3522'.
  Set init value: \mem_b = 64'0000000000000000000000000000000000000000000000000000000000000000
Found init rule in `\RAM32M.$proc$/home/cl4/opt/f4pga/xc7/conda/envs/xc7/bin/../share/yosys/xilinx/cells_sim.v:1805$3523'.
  Set init value: \mem_c = 64'0000000000000000000000000000000000000000000000000000000000000000
Found init rule in `\RAM32M.$proc$/home/cl4/opt/f4pga/xc7/conda/envs/xc7/bin/../share/yosys/xilinx/cells_sim.v:1806$3524'.
  Set init value: \mem_d = 64'0000000000000000000000000000000000000000000000000000000000000000
Found init rule in `\RAM32X1D.$proc$/home/cl4/opt/f4pga/xc7/conda/envs/xc7/bin/../share/yosys/xilinx/cells_sim.v:1502$3245'.
  Set init value: \mem = 0
Found init rule in `\RAM32X1D_1.$proc$/home/cl4/opt/f4pga/xc7/conda/envs/xc7/bin/../share/yosys/xilinx/cells_sim.v:1561$3272'.
  Set init value: \mem = 0
Found init rule in `\RAM64M.$proc$/home/cl4/opt/f4pga/xc7/conda/envs/xc7/bin/../share/yosys/xilinx/cells_sim.v:1977$3673'.
  Set init value: \mem_a = 64'0000000000000000000000000000000000000000000000000000000000000000
Found init rule in `\RAM64M.$proc$/home/cl4/opt/f4pga/xc7/conda/envs/xc7/bin/../share/yosys/xilinx/cells_sim.v:1978$3674'.
  Set init value: \mem_b = 64'0000000000000000000000000000000000000000000000000000000000000000
Found init rule in `\RAM64M.$proc$/home/cl4/opt/f4pga/xc7/conda/envs/xc7/bin/../share/yosys/xilinx/cells_sim.v:1979$3675'.
  Set init value: \mem_c = 64'0000000000000000000000000000000000000000000000000000000000000000
Found init rule in `\RAM64M.$proc$/home/cl4/opt/f4pga/xc7/conda/envs/xc7/bin/../share/yosys/xilinx/cells_sim.v:1980$3676'.
  Set init value: \mem_d = 64'0000000000000000000000000000000000000000000000000000000000000000
Found init rule in `\RAM64X1D.$proc$/home/cl4/opt/f4pga/xc7/conda/envs/xc7/bin/../share/yosys/xilinx/cells_sim.v:1607$3317'.
  Set init value: \mem = 64'0000000000000000000000000000000000000000000000000000000000000000
Found init rule in `\SRL16.$proc$/home/cl4/opt/f4pga/xc7/conda/envs/xc7/bin/../share/yosys/xilinx/cells_sim.v:2264$3751'.
  Set init value: \r = 16'0000000000000000
Found init rule in `\SRL16E.$proc$/home/cl4/opt/f4pga/xc7/conda/envs/xc7/bin/../share/yosys/xilinx/cells_sim.v:2292$3758'.
  Set init value: \r = 16'0000000000000000
Found init rule in `\SRLC16.$proc$/home/cl4/opt/f4pga/xc7/conda/envs/xc7/bin/../share/yosys/xilinx/cells_sim.v:2329$3761'.
  Set init value: \r = 16'0000000000000000
Found init rule in `\SRLC16E.$proc$/home/cl4/opt/f4pga/xc7/conda/envs/xc7/bin/../share/yosys/xilinx/cells_sim.v:2361$3768'.
  Set init value: \r = 16'0000000000000000
Found init rule in `\SRLC32E.$proc$/home/cl4/opt/f4pga/xc7/conda/envs/xc7/bin/../share/yosys/xilinx/cells_sim.v:2405$3775'.
  Set init value: \r = 0

46. Executing PROC_ARST pass (detect async resets in processes).
Found async reset \CLR in `\FDCE.$proc$/home/cl4/opt/f4pga/xc7/conda/envs/xc7/bin/../share/yosys/xilinx/cells_sim.v:695$3056'.
Found async reset \CLR in `\FDCE_1.$proc$/home/cl4/opt/f4pga/xc7/conda/envs/xc7/bin/../share/yosys/xilinx/cells_sim.v:736$3059'.
Found async reset \PRE in `\FDPE.$proc$/home/cl4/opt/f4pga/xc7/conda/envs/xc7/bin/../share/yosys/xilinx/cells_sim.v:774$3074'.
Found async reset \PRE in `\FDPE_1.$proc$/home/cl4/opt/f4pga/xc7/conda/envs/xc7/bin/../share/yosys/xilinx/cells_sim.v:815$3077'.

47. Executing PROC_MUX pass (convert decision trees to multiplexers).
Creating decoders for process `\FDCE.$proc$/home/cl4/opt/f4pga/xc7/conda/envs/xc7/bin/../share/yosys/xilinx/cells_sim.v:0$3058'.
Creating decoders for process `\FDCE.$proc$/home/cl4/opt/f4pga/xc7/conda/envs/xc7/bin/../share/yosys/xilinx/cells_sim.v:695$3056'.
     1/1: $0\Q[0:0]
Creating decoders for process `\FDCE_1.$proc$/home/cl4/opt/f4pga/xc7/conda/envs/xc7/bin/../share/yosys/xilinx/cells_sim.v:0$3062'.
Creating decoders for process `\FDCE_1.$proc$/home/cl4/opt/f4pga/xc7/conda/envs/xc7/bin/../share/yosys/xilinx/cells_sim.v:736$3059'.
     1/1: $0\Q[0:0]
Creating decoders for process `\FDPE.$proc$/home/cl4/opt/f4pga/xc7/conda/envs/xc7/bin/../share/yosys/xilinx/cells_sim.v:0$3076'.
Creating decoders for process `\FDPE.$proc$/home/cl4/opt/f4pga/xc7/conda/envs/xc7/bin/../share/yosys/xilinx/cells_sim.v:774$3074'.
     1/1: $0\Q[0:0]
Creating decoders for process `\FDPE_1.$proc$/home/cl4/opt/f4pga/xc7/conda/envs/xc7/bin/../share/yosys/xilinx/cells_sim.v:0$3080'.
Creating decoders for process `\FDPE_1.$proc$/home/cl4/opt/f4pga/xc7/conda/envs/xc7/bin/../share/yosys/xilinx/cells_sim.v:815$3077'.
     1/1: $0\Q[0:0]
Creating decoders for process `\FDRE.$proc$/home/cl4/opt/f4pga/xc7/conda/envs/xc7/bin/../share/yosys/xilinx/cells_sim.v:0$3018'.
Creating decoders for process `\FDRE.$proc$/home/cl4/opt/f4pga/xc7/conda/envs/xc7/bin/../share/yosys/xilinx/cells_sim.v:494$3015'.
     1/1: $0\Q[0:0]
Creating decoders for process `\FDRE_1.$proc$/home/cl4/opt/f4pga/xc7/conda/envs/xc7/bin/../share/yosys/xilinx/cells_sim.v:0$3022'.
Creating decoders for process `\FDRE_1.$proc$/home/cl4/opt/f4pga/xc7/conda/envs/xc7/bin/../share/yosys/xilinx/cells_sim.v:527$3019'.
     1/1: $0\Q[0:0]
Creating decoders for process `\FDSE.$proc$/home/cl4/opt/f4pga/xc7/conda/envs/xc7/bin/../share/yosys/xilinx/cells_sim.v:0$3040'.
Creating decoders for process `\FDSE.$proc$/home/cl4/opt/f4pga/xc7/conda/envs/xc7/bin/../share/yosys/xilinx/cells_sim.v:559$3037'.
     1/1: $0\Q[0:0]
Creating decoders for process `\FDSE_1.$proc$/home/cl4/opt/f4pga/xc7/conda/envs/xc7/bin/../share/yosys/xilinx/cells_sim.v:0$3044'.
Creating decoders for process `\FDSE_1.$proc$/home/cl4/opt/f4pga/xc7/conda/envs/xc7/bin/../share/yosys/xilinx/cells_sim.v:592$3041'.
     1/1: $0\Q[0:0]
Creating decoders for process `\RAM128X1D.$proc$/home/cl4/opt/f4pga/xc7/conda/envs/xc7/bin/../share/yosys/xilinx/cells_sim.v:1712$3365'.
Creating decoders for process `\RAM128X1D.$proc$/home/cl4/opt/f4pga/xc7/conda/envs/xc7/bin/../share/yosys/xilinx/cells_sim.v:1716$3328'.
     1/4: $1$lookahead\mem$3327[127:0]$3336
     2/4: $1$bitselwrite$data$/home/cl4/opt/f4pga/xc7/conda/envs/xc7/bin/../share/yosys/xilinx/cells_sim.v:1716$3322[127:0]$3334
     3/4: $1$bitselwrite$mask$/home/cl4/opt/f4pga/xc7/conda/envs/xc7/bin/../share/yosys/xilinx/cells_sim.v:1716$3321[127:0]$3333
     4/4: $1$bitselwrite$sel$/home/cl4/opt/f4pga/xc7/conda/envs/xc7/bin/../share/yosys/xilinx/cells_sim.v:1716$3323[6:0]$3335
Creating decoders for process `\RAM32M.$proc$/home/cl4/opt/f4pga/xc7/conda/envs/xc7/bin/../share/yosys/xilinx/cells_sim.v:1803$3521'.
Creating decoders for process `\RAM32M.$proc$/home/cl4/opt/f4pga/xc7/conda/envs/xc7/bin/../share/yosys/xilinx/cells_sim.v:1804$3522'.
Creating decoders for process `\RAM32M.$proc$/home/cl4/opt/f4pga/xc7/conda/envs/xc7/bin/../share/yosys/xilinx/cells_sim.v:1805$3523'.
Creating decoders for process `\RAM32M.$proc$/home/cl4/opt/f4pga/xc7/conda/envs/xc7/bin/../share/yosys/xilinx/cells_sim.v:1806$3524'.
Creating decoders for process `\RAM32M.$proc$/home/cl4/opt/f4pga/xc7/conda/envs/xc7/bin/../share/yosys/xilinx/cells_sim.v:1812$3398'.
     1/16: $1$lookahead\mem_d$3397[63:0]$3430
     2/16: $1$bitselwrite$data$/home/cl4/opt/f4pga/xc7/conda/envs/xc7/bin/../share/yosys/xilinx/cells_sim.v:1817$3379[63:0]$3425
     3/16: $1$bitselwrite$mask$/home/cl4/opt/f4pga/xc7/conda/envs/xc7/bin/../share/yosys/xilinx/cells_sim.v:1817$3378[63:0]$3424
     4/16: $1$bitselwrite$sel$/home/cl4/opt/f4pga/xc7/conda/envs/xc7/bin/../share/yosys/xilinx/cells_sim.v:1817$3380[31:0]$3426
     5/16: $1$lookahead\mem_c$3396[63:0]$3429
     6/16: $1$bitselwrite$data$/home/cl4/opt/f4pga/xc7/conda/envs/xc7/bin/../share/yosys/xilinx/cells_sim.v:1816$3376[63:0]$3422
     7/16: $1$bitselwrite$mask$/home/cl4/opt/f4pga/xc7/conda/envs/xc7/bin/../share/yosys/xilinx/cells_sim.v:1816$3375[63:0]$3421
     8/16: $1$bitselwrite$sel$/home/cl4/opt/f4pga/xc7/conda/envs/xc7/bin/../share/yosys/xilinx/cells_sim.v:1816$3377[31:0]$3423
     9/16: $1$lookahead\mem_b$3395[63:0]$3428
    10/16: $1$bitselwrite$data$/home/cl4/opt/f4pga/xc7/conda/envs/xc7/bin/../share/yosys/xilinx/cells_sim.v:1815$3373[63:0]$3419
    11/16: $1$bitselwrite$mask$/home/cl4/opt/f4pga/xc7/conda/envs/xc7/bin/../share/yosys/xilinx/cells_sim.v:1815$3372[63:0]$3418
    12/16: $1$bitselwrite$sel$/home/cl4/opt/f4pga/xc7/conda/envs/xc7/bin/../share/yosys/xilinx/cells_sim.v:1815$3374[31:0]$3420
    13/16: $1$lookahead\mem_a$3394[63:0]$3427
    14/16: $1$bitselwrite$data$/home/cl4/opt/f4pga/xc7/conda/envs/xc7/bin/../share/yosys/xilinx/cells_sim.v:1814$3370[63:0]$3416
    15/16: $1$bitselwrite$mask$/home/cl4/opt/f4pga/xc7/conda/envs/xc7/bin/../share/yosys/xilinx/cells_sim.v:1814$3369[63:0]$3415
    16/16: $1$bitselwrite$sel$/home/cl4/opt/f4pga/xc7/conda/envs/xc7/bin/../share/yosys/xilinx/cells_sim.v:1814$3371[31:0]$3417
Creating decoders for process `\RAM32X1D.$proc$/home/cl4/opt/f4pga/xc7/conda/envs/xc7/bin/../share/yosys/xilinx/cells_sim.v:1502$3245'.
Creating decoders for process `\RAM32X1D.$proc$/home/cl4/opt/f4pga/xc7/conda/envs/xc7/bin/../share/yosys/xilinx/cells_sim.v:1506$3214'.
     1/4: $1$lookahead\mem$3213[31:0]$3222
     2/4: $1$bitselwrite$data$/home/cl4/opt/f4pga/xc7/conda/envs/xc7/bin/../share/yosys/xilinx/cells_sim.v:1506$3208[31:0]$3220
     3/4: $1$bitselwrite$mask$/home/cl4/opt/f4pga/xc7/conda/envs/xc7/bin/../share/yosys/xilinx/cells_sim.v:1506$3207[31:0]$3219
     4/4: $1$bitselwrite$sel$/home/cl4/opt/f4pga/xc7/conda/envs/xc7/bin/../share/yosys/xilinx/cells_sim.v:1506$3209[4:0]$3221
Creating decoders for process `\RAM32X1D_1.$proc$/home/cl4/opt/f4pga/xc7/conda/envs/xc7/bin/../share/yosys/xilinx/cells_sim.v:1561$3272'.
Creating decoders for process `\RAM32X1D_1.$proc$/home/cl4/opt/f4pga/xc7/conda/envs/xc7/bin/../share/yosys/xilinx/cells_sim.v:1565$3253'.
     1/4: $1$lookahead\mem$3252[31:0]$3261
     2/4: $1$bitselwrite$data$/home/cl4/opt/f4pga/xc7/conda/envs/xc7/bin/../share/yosys/xilinx/cells_sim.v:1565$3247[31:0]$3259
     3/4: $1$bitselwrite$mask$/home/cl4/opt/f4pga/xc7/conda/envs/xc7/bin/../share/yosys/xilinx/cells_sim.v:1565$3246[31:0]$3258
     4/4: $1$bitselwrite$sel$/home/cl4/opt/f4pga/xc7/conda/envs/xc7/bin/../share/yosys/xilinx/cells_sim.v:1565$3248[4:0]$3260
Creating decoders for process `\RAM64M.$proc$/home/cl4/opt/f4pga/xc7/conda/envs/xc7/bin/../share/yosys/xilinx/cells_sim.v:1977$3673'.
Creating decoders for process `\RAM64M.$proc$/home/cl4/opt/f4pga/xc7/conda/envs/xc7/bin/../share/yosys/xilinx/cells_sim.v:1978$3674'.
Creating decoders for process `\RAM64M.$proc$/home/cl4/opt/f4pga/xc7/conda/envs/xc7/bin/../share/yosys/xilinx/cells_sim.v:1979$3675'.
Creating decoders for process `\RAM64M.$proc$/home/cl4/opt/f4pga/xc7/conda/envs/xc7/bin/../share/yosys/xilinx/cells_sim.v:1980$3676'.
Creating decoders for process `\RAM64M.$proc$/home/cl4/opt/f4pga/xc7/conda/envs/xc7/bin/../share/yosys/xilinx/cells_sim.v:1986$3570'.
     1/16: $1$lookahead\mem_d$3569[63:0]$3602
     2/16: $1$bitselwrite$data$/home/cl4/opt/f4pga/xc7/conda/envs/xc7/bin/../share/yosys/xilinx/cells_sim.v:1991$3559[63:0]$3597
     3/16: $1$bitselwrite$mask$/home/cl4/opt/f4pga/xc7/conda/envs/xc7/bin/../share/yosys/xilinx/cells_sim.v:1991$3558[63:0]$3596
     4/16: $1$bitselwrite$sel$/home/cl4/opt/f4pga/xc7/conda/envs/xc7/bin/../share/yosys/xilinx/cells_sim.v:1991$3560[5:0]$3598
     5/16: $1$lookahead\mem_c$3568[63:0]$3601
     6/16: $1$bitselwrite$data$/home/cl4/opt/f4pga/xc7/conda/envs/xc7/bin/../share/yosys/xilinx/cells_sim.v:1990$3556[63:0]$3594
     7/16: $1$bitselwrite$mask$/home/cl4/opt/f4pga/xc7/conda/envs/xc7/bin/../share/yosys/xilinx/cells_sim.v:1990$3555[63:0]$3593
     8/16: $1$bitselwrite$sel$/home/cl4/opt/f4pga/xc7/conda/envs/xc7/bin/../share/yosys/xilinx/cells_sim.v:1990$3557[5:0]$3595
     9/16: $1$lookahead\mem_b$3567[63:0]$3600
    10/16: $1$bitselwrite$data$/home/cl4/opt/f4pga/xc7/conda/envs/xc7/bin/../share/yosys/xilinx/cells_sim.v:1989$3553[63:0]$3591
    11/16: $1$bitselwrite$mask$/home/cl4/opt/f4pga/xc7/conda/envs/xc7/bin/../share/yosys/xilinx/cells_sim.v:1989$3552[63:0]$3590
    12/16: $1$bitselwrite$sel$/home/cl4/opt/f4pga/xc7/conda/envs/xc7/bin/../share/yosys/xilinx/cells_sim.v:1989$3554[5:0]$3592
    13/16: $1$lookahead\mem_a$3566[63:0]$3599
    14/16: $1$bitselwrite$data$/home/cl4/opt/f4pga/xc7/conda/envs/xc7/bin/../share/yosys/xilinx/cells_sim.v:1988$3550[63:0]$3588
    15/16: $1$bitselwrite$mask$/home/cl4/opt/f4pga/xc7/conda/envs/xc7/bin/../share/yosys/xilinx/cells_sim.v:1988$3549[63:0]$3587
    16/16: $1$bitselwrite$sel$/home/cl4/opt/f4pga/xc7/conda/envs/xc7/bin/../share/yosys/xilinx/cells_sim.v:1988$3551[5:0]$3589
Creating decoders for process `\RAM64X1D.$proc$/home/cl4/opt/f4pga/xc7/conda/envs/xc7/bin/../share/yosys/xilinx/cells_sim.v:1607$3317'.
Creating decoders for process `\RAM64X1D.$proc$/home/cl4/opt/f4pga/xc7/conda/envs/xc7/bin/../share/yosys/xilinx/cells_sim.v:1611$3280'.
     1/4: $1$lookahead\mem$3279[63:0]$3288
     2/4: $1$bitselwrite$data$/home/cl4/opt/f4pga/xc7/conda/envs/xc7/bin/../share/yosys/xilinx/cells_sim.v:1611$3274[63:0]$3286
     3/4: $1$bitselwrite$mask$/home/cl4/opt/f4pga/xc7/conda/envs/xc7/bin/../share/yosys/xilinx/cells_sim.v:1611$3273[63:0]$3285
     4/4: $1$bitselwrite$sel$/home/cl4/opt/f4pga/xc7/conda/envs/xc7/bin/../share/yosys/xilinx/cells_sim.v:1611$3275[5:0]$3287
Creating decoders for process `\SRL16.$proc$/home/cl4/opt/f4pga/xc7/conda/envs/xc7/bin/../share/yosys/xilinx/cells_sim.v:2264$3751'.
Creating decoders for process `\SRL16.$proc$/home/cl4/opt/f4pga/xc7/conda/envs/xc7/bin/../share/yosys/xilinx/cells_sim.v:2266$3750'.
Creating decoders for process `\SRL16E.$proc$/home/cl4/opt/f4pga/xc7/conda/envs/xc7/bin/../share/yosys/xilinx/cells_sim.v:2292$3758'.
Creating decoders for process `\SRL16E.$proc$/home/cl4/opt/f4pga/xc7/conda/envs/xc7/bin/../share/yosys/xilinx/cells_sim.v:2299$3757'.
     1/1: $0\r[15:0]
Creating decoders for process `\SRLC16.$proc$/home/cl4/opt/f4pga/xc7/conda/envs/xc7/bin/../share/yosys/xilinx/cells_sim.v:2329$3761'.
Creating decoders for process `\SRLC16.$proc$/home/cl4/opt/f4pga/xc7/conda/envs/xc7/bin/../share/yosys/xilinx/cells_sim.v:2332$3760'.
Creating decoders for process `\SRLC16E.$proc$/home/cl4/opt/f4pga/xc7/conda/envs/xc7/bin/../share/yosys/xilinx/cells_sim.v:2361$3768'.
Creating decoders for process `\SRLC16E.$proc$/home/cl4/opt/f4pga/xc7/conda/envs/xc7/bin/../share/yosys/xilinx/cells_sim.v:2369$3767'.
     1/1: $0\r[15:0]
Creating decoders for process `\SRLC32E.$proc$/home/cl4/opt/f4pga/xc7/conda/envs/xc7/bin/../share/yosys/xilinx/cells_sim.v:2405$3775'.
Creating decoders for process `\SRLC32E.$proc$/home/cl4/opt/f4pga/xc7/conda/envs/xc7/bin/../share/yosys/xilinx/cells_sim.v:2413$3774'.
     1/1: $0\r[31:0]

48. Executing PROC_DLATCH pass (convert process syncs to latches).

49. Executing PROC_DFF pass (convert process syncs to FFs).
Creating register for signal `\FDCE.\Q' using process `\FDCE.$proc$/home/cl4/opt/f4pga/xc7/conda/envs/xc7/bin/../share/yosys/xilinx/cells_sim.v:695$3056'.
  created $adff cell `$procdff$4844' with positive edge clock and positive level reset.
Creating register for signal `\FDCE_1.\Q' using process `\FDCE_1.$proc$/home/cl4/opt/f4pga/xc7/conda/envs/xc7/bin/../share/yosys/xilinx/cells_sim.v:736$3059'.
  created $adff cell `$procdff$4845' with negative edge clock and positive level reset.
Creating register for signal `\FDPE.\Q' using process `\FDPE.$proc$/home/cl4/opt/f4pga/xc7/conda/envs/xc7/bin/../share/yosys/xilinx/cells_sim.v:774$3074'.
  created $adff cell `$procdff$4846' with positive edge clock and positive level reset.
Creating register for signal `\FDPE_1.\Q' using process `\FDPE_1.$proc$/home/cl4/opt/f4pga/xc7/conda/envs/xc7/bin/../share/yosys/xilinx/cells_sim.v:815$3077'.
  created $adff cell `$procdff$4847' with negative edge clock and positive level reset.
Creating register for signal `\FDRE.\Q' using process `\FDRE.$proc$/home/cl4/opt/f4pga/xc7/conda/envs/xc7/bin/../share/yosys/xilinx/cells_sim.v:494$3015'.
  created $dff cell `$procdff$4848' with positive edge clock.
Creating register for signal `\FDRE_1.\Q' using process `\FDRE_1.$proc$/home/cl4/opt/f4pga/xc7/conda/envs/xc7/bin/../share/yosys/xilinx/cells_sim.v:527$3019'.
  created $dff cell `$procdff$4849' with negative edge clock.
Creating register for signal `\FDSE.\Q' using process `\FDSE.$proc$/home/cl4/opt/f4pga/xc7/conda/envs/xc7/bin/../share/yosys/xilinx/cells_sim.v:559$3037'.
  created $dff cell `$procdff$4850' with positive edge clock.
Creating register for signal `\FDSE_1.\Q' using process `\FDSE_1.$proc$/home/cl4/opt/f4pga/xc7/conda/envs/xc7/bin/../share/yosys/xilinx/cells_sim.v:592$3041'.
  created $dff cell `$procdff$4851' with negative edge clock.
Creating register for signal `\RAM128X1D.\mem' using process `\RAM128X1D.$proc$/home/cl4/opt/f4pga/xc7/conda/envs/xc7/bin/../share/yosys/xilinx/cells_sim.v:1716$3328'.
  created $dff cell `$procdff$4852' with positive edge clock.
Creating register for signal `\RAM128X1D.$bitselwrite$mask$/home/cl4/opt/f4pga/xc7/conda/envs/xc7/bin/../share/yosys/xilinx/cells_sim.v:1716$3321' using process `\RAM128X1D.$proc$/home/cl4/opt/f4pga/xc7/conda/envs/xc7/bin/../share/yosys/xilinx/cells_sim.v:1716$3328'.
  created $dff cell `$procdff$4853' with positive edge clock.
Creating register for signal `\RAM128X1D.$bitselwrite$data$/home/cl4/opt/f4pga/xc7/conda/envs/xc7/bin/../share/yosys/xilinx/cells_sim.v:1716$3322' using process `\RAM128X1D.$proc$/home/cl4/opt/f4pga/xc7/conda/envs/xc7/bin/../share/yosys/xilinx/cells_sim.v:1716$3328'.
  created $dff cell `$procdff$4854' with positive edge clock.
Creating register for signal `\RAM128X1D.$bitselwrite$sel$/home/cl4/opt/f4pga/xc7/conda/envs/xc7/bin/../share/yosys/xilinx/cells_sim.v:1716$3323' using process `\RAM128X1D.$proc$/home/cl4/opt/f4pga/xc7/conda/envs/xc7/bin/../share/yosys/xilinx/cells_sim.v:1716$3328'.
  created $dff cell `$procdff$4855' with positive edge clock.
Creating register for signal `\RAM128X1D.$lookahead\mem$3327' using process `\RAM128X1D.$proc$/home/cl4/opt/f4pga/xc7/conda/envs/xc7/bin/../share/yosys/xilinx/cells_sim.v:1716$3328'.
  created $dff cell `$procdff$4856' with positive edge clock.
Creating register for signal `\RAM32M.\mem_a' using process `\RAM32M.$proc$/home/cl4/opt/f4pga/xc7/conda/envs/xc7/bin/../share/yosys/xilinx/cells_sim.v:1812$3398'.
  created $dff cell `$procdff$4857' with positive edge clock.
Creating register for signal `\RAM32M.\mem_b' using process `\RAM32M.$proc$/home/cl4/opt/f4pga/xc7/conda/envs/xc7/bin/../share/yosys/xilinx/cells_sim.v:1812$3398'.
  created $dff cell `$procdff$4858' with positive edge clock.
Creating register for signal `\RAM32M.\mem_c' using process `\RAM32M.$proc$/home/cl4/opt/f4pga/xc7/conda/envs/xc7/bin/../share/yosys/xilinx/cells_sim.v:1812$3398'.
  created $dff cell `$procdff$4859' with positive edge clock.
Creating register for signal `\RAM32M.\mem_d' using process `\RAM32M.$proc$/home/cl4/opt/f4pga/xc7/conda/envs/xc7/bin/../share/yosys/xilinx/cells_sim.v:1812$3398'.
  created $dff cell `$procdff$4860' with positive edge clock.
Creating register for signal `\RAM32M.$bitselwrite$mask$/home/cl4/opt/f4pga/xc7/conda/envs/xc7/bin/../share/yosys/xilinx/cells_sim.v:1814$3369' using process `\RAM32M.$proc$/home/cl4/opt/f4pga/xc7/conda/envs/xc7/bin/../share/yosys/xilinx/cells_sim.v:1812$3398'.
  created $dff cell `$procdff$4861' with positive edge clock.
Creating register for signal `\RAM32M.$bitselwrite$data$/home/cl4/opt/f4pga/xc7/conda/envs/xc7/bin/../share/yosys/xilinx/cells_sim.v:1814$3370' using process `\RAM32M.$proc$/home/cl4/opt/f4pga/xc7/conda/envs/xc7/bin/../share/yosys/xilinx/cells_sim.v:1812$3398'.
  created $dff cell `$procdff$4862' with positive edge clock.
Creating register for signal `\RAM32M.$bitselwrite$sel$/home/cl4/opt/f4pga/xc7/conda/envs/xc7/bin/../share/yosys/xilinx/cells_sim.v:1814$3371' using process `\RAM32M.$proc$/home/cl4/opt/f4pga/xc7/conda/envs/xc7/bin/../share/yosys/xilinx/cells_sim.v:1812$3398'.
  created $dff cell `$procdff$4863' with positive edge clock.
Creating register for signal `\RAM32M.$bitselwrite$mask$/home/cl4/opt/f4pga/xc7/conda/envs/xc7/bin/../share/yosys/xilinx/cells_sim.v:1815$3372' using process `\RAM32M.$proc$/home/cl4/opt/f4pga/xc7/conda/envs/xc7/bin/../share/yosys/xilinx/cells_sim.v:1812$3398'.
  created $dff cell `$procdff$4864' with positive edge clock.
Creating register for signal `\RAM32M.$bitselwrite$data$/home/cl4/opt/f4pga/xc7/conda/envs/xc7/bin/../share/yosys/xilinx/cells_sim.v:1815$3373' using process `\RAM32M.$proc$/home/cl4/opt/f4pga/xc7/conda/envs/xc7/bin/../share/yosys/xilinx/cells_sim.v:1812$3398'.
  created $dff cell `$procdff$4865' with positive edge clock.
Creating register for signal `\RAM32M.$bitselwrite$sel$/home/cl4/opt/f4pga/xc7/conda/envs/xc7/bin/../share/yosys/xilinx/cells_sim.v:1815$3374' using process `\RAM32M.$proc$/home/cl4/opt/f4pga/xc7/conda/envs/xc7/bin/../share/yosys/xilinx/cells_sim.v:1812$3398'.
  created $dff cell `$procdff$4866' with positive edge clock.
Creating register for signal `\RAM32M.$bitselwrite$mask$/home/cl4/opt/f4pga/xc7/conda/envs/xc7/bin/../share/yosys/xilinx/cells_sim.v:1816$3375' using process `\RAM32M.$proc$/home/cl4/opt/f4pga/xc7/conda/envs/xc7/bin/../share/yosys/xilinx/cells_sim.v:1812$3398'.
  created $dff cell `$procdff$4867' with positive edge clock.
Creating register for signal `\RAM32M.$bitselwrite$data$/home/cl4/opt/f4pga/xc7/conda/envs/xc7/bin/../share/yosys/xilinx/cells_sim.v:1816$3376' using process `\RAM32M.$proc$/home/cl4/opt/f4pga/xc7/conda/envs/xc7/bin/../share/yosys/xilinx/cells_sim.v:1812$3398'.
  created $dff cell `$procdff$4868' with positive edge clock.
Creating register for signal `\RAM32M.$bitselwrite$sel$/home/cl4/opt/f4pga/xc7/conda/envs/xc7/bin/../share/yosys/xilinx/cells_sim.v:1816$3377' using process `\RAM32M.$proc$/home/cl4/opt/f4pga/xc7/conda/envs/xc7/bin/../share/yosys/xilinx/cells_sim.v:1812$3398'.
  created $dff cell `$procdff$4869' with positive edge clock.
Creating register for signal `\RAM32M.$bitselwrite$mask$/home/cl4/opt/f4pga/xc7/conda/envs/xc7/bin/../share/yosys/xilinx/cells_sim.v:1817$3378' using process `\RAM32M.$proc$/home/cl4/opt/f4pga/xc7/conda/envs/xc7/bin/../share/yosys/xilinx/cells_sim.v:1812$3398'.
  created $dff cell `$procdff$4870' with positive edge clock.
Creating register for signal `\RAM32M.$bitselwrite$data$/home/cl4/opt/f4pga/xc7/conda/envs/xc7/bin/../share/yosys/xilinx/cells_sim.v:1817$3379' using process `\RAM32M.$proc$/home/cl4/opt/f4pga/xc7/conda/envs/xc7/bin/../share/yosys/xilinx/cells_sim.v:1812$3398'.
  created $dff cell `$procdff$4871' with positive edge clock.
Creating register for signal `\RAM32M.$bitselwrite$sel$/home/cl4/opt/f4pga/xc7/conda/envs/xc7/bin/../share/yosys/xilinx/cells_sim.v:1817$3380' using process `\RAM32M.$proc$/home/cl4/opt/f4pga/xc7/conda/envs/xc7/bin/../share/yosys/xilinx/cells_sim.v:1812$3398'.
  created $dff cell `$procdff$4872' with positive edge clock.
Creating register for signal `\RAM32M.$lookahead\mem_a$3394' using process `\RAM32M.$proc$/home/cl4/opt/f4pga/xc7/conda/envs/xc7/bin/../share/yosys/xilinx/cells_sim.v:1812$3398'.
  created $dff cell `$procdff$4873' with positive edge clock.
Creating register for signal `\RAM32M.$lookahead\mem_b$3395' using process `\RAM32M.$proc$/home/cl4/opt/f4pga/xc7/conda/envs/xc7/bin/../share/yosys/xilinx/cells_sim.v:1812$3398'.
  created $dff cell `$procdff$4874' with positive edge clock.
Creating register for signal `\RAM32M.$lookahead\mem_c$3396' using process `\RAM32M.$proc$/home/cl4/opt/f4pga/xc7/conda/envs/xc7/bin/../share/yosys/xilinx/cells_sim.v:1812$3398'.
  created $dff cell `$procdff$4875' with positive edge clock.
Creating register for signal `\RAM32M.$lookahead\mem_d$3397' using process `\RAM32M.$proc$/home/cl4/opt/f4pga/xc7/conda/envs/xc7/bin/../share/yosys/xilinx/cells_sim.v:1812$3398'.
  created $dff cell `$procdff$4876' with positive edge clock.
Creating register for signal `\RAM32X1D.\mem' using process `\RAM32X1D.$proc$/home/cl4/opt/f4pga/xc7/conda/envs/xc7/bin/../share/yosys/xilinx/cells_sim.v:1506$3214'.
  created $dff cell `$procdff$4877' with positive edge clock.
Creating register for signal `\RAM32X1D.$bitselwrite$mask$/home/cl4/opt/f4pga/xc7/conda/envs/xc7/bin/../share/yosys/xilinx/cells_sim.v:1506$3207' using process `\RAM32X1D.$proc$/home/cl4/opt/f4pga/xc7/conda/envs/xc7/bin/../share/yosys/xilinx/cells_sim.v:1506$3214'.
  created $dff cell `$procdff$4878' with positive edge clock.
Creating register for signal `\RAM32X1D.$bitselwrite$data$/home/cl4/opt/f4pga/xc7/conda/envs/xc7/bin/../share/yosys/xilinx/cells_sim.v:1506$3208' using process `\RAM32X1D.$proc$/home/cl4/opt/f4pga/xc7/conda/envs/xc7/bin/../share/yosys/xilinx/cells_sim.v:1506$3214'.
  created $dff cell `$procdff$4879' with positive edge clock.
Creating register for signal `\RAM32X1D.$bitselwrite$sel$/home/cl4/opt/f4pga/xc7/conda/envs/xc7/bin/../share/yosys/xilinx/cells_sim.v:1506$3209' using process `\RAM32X1D.$proc$/home/cl4/opt/f4pga/xc7/conda/envs/xc7/bin/../share/yosys/xilinx/cells_sim.v:1506$3214'.
  created $dff cell `$procdff$4880' with positive edge clock.
Creating register for signal `\RAM32X1D.$lookahead\mem$3213' using process `\RAM32X1D.$proc$/home/cl4/opt/f4pga/xc7/conda/envs/xc7/bin/../share/yosys/xilinx/cells_sim.v:1506$3214'.
  created $dff cell `$procdff$4881' with positive edge clock.
Creating register for signal `\RAM32X1D_1.\mem' using process `\RAM32X1D_1.$proc$/home/cl4/opt/f4pga/xc7/conda/envs/xc7/bin/../share/yosys/xilinx/cells_sim.v:1565$3253'.
  created $dff cell `$procdff$4882' with negative edge clock.
Creating register for signal `\RAM32X1D_1.$bitselwrite$mask$/home/cl4/opt/f4pga/xc7/conda/envs/xc7/bin/../share/yosys/xilinx/cells_sim.v:1565$3246' using process `\RAM32X1D_1.$proc$/home/cl4/opt/f4pga/xc7/conda/envs/xc7/bin/../share/yosys/xilinx/cells_sim.v:1565$3253'.
  created $dff cell `$procdff$4883' with negative edge clock.
Creating register for signal `\RAM32X1D_1.$bitselwrite$data$/home/cl4/opt/f4pga/xc7/conda/envs/xc7/bin/../share/yosys/xilinx/cells_sim.v:1565$3247' using process `\RAM32X1D_1.$proc$/home/cl4/opt/f4pga/xc7/conda/envs/xc7/bin/../share/yosys/xilinx/cells_sim.v:1565$3253'.
  created $dff cell `$procdff$4884' with negative edge clock.
Creating register for signal `\RAM32X1D_1.$bitselwrite$sel$/home/cl4/opt/f4pga/xc7/conda/envs/xc7/bin/../share/yosys/xilinx/cells_sim.v:1565$3248' using process `\RAM32X1D_1.$proc$/home/cl4/opt/f4pga/xc7/conda/envs/xc7/bin/../share/yosys/xilinx/cells_sim.v:1565$3253'.
  created $dff cell `$procdff$4885' with negative edge clock.
Creating register for signal `\RAM32X1D_1.$lookahead\mem$3252' using process `\RAM32X1D_1.$proc$/home/cl4/opt/f4pga/xc7/conda/envs/xc7/bin/../share/yosys/xilinx/cells_sim.v:1565$3253'.
  created $dff cell `$procdff$4886' with negative edge clock.
Creating register for signal `\RAM64M.\mem_a' using process `\RAM64M.$proc$/home/cl4/opt/f4pga/xc7/conda/envs/xc7/bin/../share/yosys/xilinx/cells_sim.v:1986$3570'.
  created $dff cell `$procdff$4887' with positive edge clock.
Creating register for signal `\RAM64M.\mem_b' using process `\RAM64M.$proc$/home/cl4/opt/f4pga/xc7/conda/envs/xc7/bin/../share/yosys/xilinx/cells_sim.v:1986$3570'.
  created $dff cell `$procdff$4888' with positive edge clock.
Creating register for signal `\RAM64M.\mem_c' using process `\RAM64M.$proc$/home/cl4/opt/f4pga/xc7/conda/envs/xc7/bin/../share/yosys/xilinx/cells_sim.v:1986$3570'.
  created $dff cell `$procdff$4889' with positive edge clock.
Creating register for signal `\RAM64M.\mem_d' using process `\RAM64M.$proc$/home/cl4/opt/f4pga/xc7/conda/envs/xc7/bin/../share/yosys/xilinx/cells_sim.v:1986$3570'.
  created $dff cell `$procdff$4890' with positive edge clock.
Creating register for signal `\RAM64M.$bitselwrite$mask$/home/cl4/opt/f4pga/xc7/conda/envs/xc7/bin/../share/yosys/xilinx/cells_sim.v:1988$3549' using process `\RAM64M.$proc$/home/cl4/opt/f4pga/xc7/conda/envs/xc7/bin/../share/yosys/xilinx/cells_sim.v:1986$3570'.
  created $dff cell `$procdff$4891' with positive edge clock.
Creating register for signal `\RAM64M.$bitselwrite$data$/home/cl4/opt/f4pga/xc7/conda/envs/xc7/bin/../share/yosys/xilinx/cells_sim.v:1988$3550' using process `\RAM64M.$proc$/home/cl4/opt/f4pga/xc7/conda/envs/xc7/bin/../share/yosys/xilinx/cells_sim.v:1986$3570'.
  created $dff cell `$procdff$4892' with positive edge clock.
Creating register for signal `\RAM64M.$bitselwrite$sel$/home/cl4/opt/f4pga/xc7/conda/envs/xc7/bin/../share/yosys/xilinx/cells_sim.v:1988$3551' using process `\RAM64M.$proc$/home/cl4/opt/f4pga/xc7/conda/envs/xc7/bin/../share/yosys/xilinx/cells_sim.v:1986$3570'.
  created $dff cell `$procdff$4893' with positive edge clock.
Creating register for signal `\RAM64M.$bitselwrite$mask$/home/cl4/opt/f4pga/xc7/conda/envs/xc7/bin/../share/yosys/xilinx/cells_sim.v:1989$3552' using process `\RAM64M.$proc$/home/cl4/opt/f4pga/xc7/conda/envs/xc7/bin/../share/yosys/xilinx/cells_sim.v:1986$3570'.
  created $dff cell `$procdff$4894' with positive edge clock.
Creating register for signal `\RAM64M.$bitselwrite$data$/home/cl4/opt/f4pga/xc7/conda/envs/xc7/bin/../share/yosys/xilinx/cells_sim.v:1989$3553' using process `\RAM64M.$proc$/home/cl4/opt/f4pga/xc7/conda/envs/xc7/bin/../share/yosys/xilinx/cells_sim.v:1986$3570'.
  created $dff cell `$procdff$4895' with positive edge clock.
Creating register for signal `\RAM64M.$bitselwrite$sel$/home/cl4/opt/f4pga/xc7/conda/envs/xc7/bin/../share/yosys/xilinx/cells_sim.v:1989$3554' using process `\RAM64M.$proc$/home/cl4/opt/f4pga/xc7/conda/envs/xc7/bin/../share/yosys/xilinx/cells_sim.v:1986$3570'.
  created $dff cell `$procdff$4896' with positive edge clock.
Creating register for signal `\RAM64M.$bitselwrite$mask$/home/cl4/opt/f4pga/xc7/conda/envs/xc7/bin/../share/yosys/xilinx/cells_sim.v:1990$3555' using process `\RAM64M.$proc$/home/cl4/opt/f4pga/xc7/conda/envs/xc7/bin/../share/yosys/xilinx/cells_sim.v:1986$3570'.
  created $dff cell `$procdff$4897' with positive edge clock.
Creating register for signal `\RAM64M.$bitselwrite$data$/home/cl4/opt/f4pga/xc7/conda/envs/xc7/bin/../share/yosys/xilinx/cells_sim.v:1990$3556' using process `\RAM64M.$proc$/home/cl4/opt/f4pga/xc7/conda/envs/xc7/bin/../share/yosys/xilinx/cells_sim.v:1986$3570'.
  created $dff cell `$procdff$4898' with positive edge clock.
Creating register for signal `\RAM64M.$bitselwrite$sel$/home/cl4/opt/f4pga/xc7/conda/envs/xc7/bin/../share/yosys/xilinx/cells_sim.v:1990$3557' using process `\RAM64M.$proc$/home/cl4/opt/f4pga/xc7/conda/envs/xc7/bin/../share/yosys/xilinx/cells_sim.v:1986$3570'.
  created $dff cell `$procdff$4899' with positive edge clock.
Creating register for signal `\RAM64M.$bitselwrite$mask$/home/cl4/opt/f4pga/xc7/conda/envs/xc7/bin/../share/yosys/xilinx/cells_sim.v:1991$3558' using process `\RAM64M.$proc$/home/cl4/opt/f4pga/xc7/conda/envs/xc7/bin/../share/yosys/xilinx/cells_sim.v:1986$3570'.
  created $dff cell `$procdff$4900' with positive edge clock.
Creating register for signal `\RAM64M.$bitselwrite$data$/home/cl4/opt/f4pga/xc7/conda/envs/xc7/bin/../share/yosys/xilinx/cells_sim.v:1991$3559' using process `\RAM64M.$proc$/home/cl4/opt/f4pga/xc7/conda/envs/xc7/bin/../share/yosys/xilinx/cells_sim.v:1986$3570'.
  created $dff cell `$procdff$4901' with positive edge clock.
Creating register for signal `\RAM64M.$bitselwrite$sel$/home/cl4/opt/f4pga/xc7/conda/envs/xc7/bin/../share/yosys/xilinx/cells_sim.v:1991$3560' using process `\RAM64M.$proc$/home/cl4/opt/f4pga/xc7/conda/envs/xc7/bin/../share/yosys/xilinx/cells_sim.v:1986$3570'.
  created $dff cell `$procdff$4902' with positive edge clock.
Creating register for signal `\RAM64M.$lookahead\mem_a$3566' using process `\RAM64M.$proc$/home/cl4/opt/f4pga/xc7/conda/envs/xc7/bin/../share/yosys/xilinx/cells_sim.v:1986$3570'.
  created $dff cell `$procdff$4903' with positive edge clock.
Creating register for signal `\RAM64M.$lookahead\mem_b$3567' using process `\RAM64M.$proc$/home/cl4/opt/f4pga/xc7/conda/envs/xc7/bin/../share/yosys/xilinx/cells_sim.v:1986$3570'.
  created $dff cell `$procdff$4904' with positive edge clock.
Creating register for signal `\RAM64M.$lookahead\mem_c$3568' using process `\RAM64M.$proc$/home/cl4/opt/f4pga/xc7/conda/envs/xc7/bin/../share/yosys/xilinx/cells_sim.v:1986$3570'.
  created $dff cell `$procdff$4905' with positive edge clock.
Creating register for signal `\RAM64M.$lookahead\mem_d$3569' using process `\RAM64M.$proc$/home/cl4/opt/f4pga/xc7/conda/envs/xc7/bin/../share/yosys/xilinx/cells_sim.v:1986$3570'.
  created $dff cell `$procdff$4906' with positive edge clock.
Creating register for signal `\RAM64X1D.\mem' using process `\RAM64X1D.$proc$/home/cl4/opt/f4pga/xc7/conda/envs/xc7/bin/../share/yosys/xilinx/cells_sim.v:1611$3280'.
  created $dff cell `$procdff$4907' with positive edge clock.
Creating register for signal `\RAM64X1D.$bitselwrite$mask$/home/cl4/opt/f4pga/xc7/conda/envs/xc7/bin/../share/yosys/xilinx/cells_sim.v:1611$3273' using process `\RAM64X1D.$proc$/home/cl4/opt/f4pga/xc7/conda/envs/xc7/bin/../share/yosys/xilinx/cells_sim.v:1611$3280'.
  created $dff cell `$procdff$4908' with positive edge clock.
Creating register for signal `\RAM64X1D.$bitselwrite$data$/home/cl4/opt/f4pga/xc7/conda/envs/xc7/bin/../share/yosys/xilinx/cells_sim.v:1611$3274' using process `\RAM64X1D.$proc$/home/cl4/opt/f4pga/xc7/conda/envs/xc7/bin/../share/yosys/xilinx/cells_sim.v:1611$3280'.
  created $dff cell `$procdff$4909' with positive edge clock.
Creating register for signal `\RAM64X1D.$bitselwrite$sel$/home/cl4/opt/f4pga/xc7/conda/envs/xc7/bin/../share/yosys/xilinx/cells_sim.v:1611$3275' using process `\RAM64X1D.$proc$/home/cl4/opt/f4pga/xc7/conda/envs/xc7/bin/../share/yosys/xilinx/cells_sim.v:1611$3280'.
  created $dff cell `$procdff$4910' with positive edge clock.
Creating register for signal `\RAM64X1D.$lookahead\mem$3279' using process `\RAM64X1D.$proc$/home/cl4/opt/f4pga/xc7/conda/envs/xc7/bin/../share/yosys/xilinx/cells_sim.v:1611$3280'.
  created $dff cell `$procdff$4911' with positive edge clock.
Creating register for signal `\SRL16.\r' using process `\SRL16.$proc$/home/cl4/opt/f4pga/xc7/conda/envs/xc7/bin/../share/yosys/xilinx/cells_sim.v:2266$3750'.
  created $dff cell `$procdff$4912' with positive edge clock.
Creating register for signal `\SRL16E.\r' using process `\SRL16E.$proc$/home/cl4/opt/f4pga/xc7/conda/envs/xc7/bin/../share/yosys/xilinx/cells_sim.v:2299$3757'.
  created $dff cell `$procdff$4913' with positive edge clock.
Creating register for signal `\SRLC16.\r' using process `\SRLC16.$proc$/home/cl4/opt/f4pga/xc7/conda/envs/xc7/bin/../share/yosys/xilinx/cells_sim.v:2332$3760'.
  created $dff cell `$procdff$4914' with positive edge clock.
Creating register for signal `\SRLC16E.\r' using process `\SRLC16E.$proc$/home/cl4/opt/f4pga/xc7/conda/envs/xc7/bin/../share/yosys/xilinx/cells_sim.v:2369$3767'.
  created $dff cell `$procdff$4915' with positive edge clock.
Creating register for signal `\SRLC32E.\r' using process `\SRLC32E.$proc$/home/cl4/opt/f4pga/xc7/conda/envs/xc7/bin/../share/yosys/xilinx/cells_sim.v:2413$3774'.
  created $dff cell `$procdff$4916' with positive edge clock.

50. Executing PROC_MEMWR pass (convert process memory writes to cells).

51. Executing PROC_CLEAN pass (remove empty switches from decision trees).
Removing empty process `FDCE.$proc$/home/cl4/opt/f4pga/xc7/conda/envs/xc7/bin/../share/yosys/xilinx/cells_sim.v:0$3058'.
Found and cleaned up 1 empty switch in `\FDCE.$proc$/home/cl4/opt/f4pga/xc7/conda/envs/xc7/bin/../share/yosys/xilinx/cells_sim.v:695$3056'.
Removing empty process `FDCE.$proc$/home/cl4/opt/f4pga/xc7/conda/envs/xc7/bin/../share/yosys/xilinx/cells_sim.v:695$3056'.
Removing empty process `FDCE_1.$proc$/home/cl4/opt/f4pga/xc7/conda/envs/xc7/bin/../share/yosys/xilinx/cells_sim.v:0$3062'.
Found and cleaned up 1 empty switch in `\FDCE_1.$proc$/home/cl4/opt/f4pga/xc7/conda/envs/xc7/bin/../share/yosys/xilinx/cells_sim.v:736$3059'.
Removing empty process `FDCE_1.$proc$/home/cl4/opt/f4pga/xc7/conda/envs/xc7/bin/../share/yosys/xilinx/cells_sim.v:736$3059'.
Removing empty process `FDPE.$proc$/home/cl4/opt/f4pga/xc7/conda/envs/xc7/bin/../share/yosys/xilinx/cells_sim.v:0$3076'.
Found and cleaned up 1 empty switch in `\FDPE.$proc$/home/cl4/opt/f4pga/xc7/conda/envs/xc7/bin/../share/yosys/xilinx/cells_sim.v:774$3074'.
Removing empty process `FDPE.$proc$/home/cl4/opt/f4pga/xc7/conda/envs/xc7/bin/../share/yosys/xilinx/cells_sim.v:774$3074'.
Removing empty process `FDPE_1.$proc$/home/cl4/opt/f4pga/xc7/conda/envs/xc7/bin/../share/yosys/xilinx/cells_sim.v:0$3080'.
Found and cleaned up 1 empty switch in `\FDPE_1.$proc$/home/cl4/opt/f4pga/xc7/conda/envs/xc7/bin/../share/yosys/xilinx/cells_sim.v:815$3077'.
Removing empty process `FDPE_1.$proc$/home/cl4/opt/f4pga/xc7/conda/envs/xc7/bin/../share/yosys/xilinx/cells_sim.v:815$3077'.
Removing empty process `FDRE.$proc$/home/cl4/opt/f4pga/xc7/conda/envs/xc7/bin/../share/yosys/xilinx/cells_sim.v:0$3018'.
Found and cleaned up 2 empty switches in `\FDRE.$proc$/home/cl4/opt/f4pga/xc7/conda/envs/xc7/bin/../share/yosys/xilinx/cells_sim.v:494$3015'.
Removing empty process `FDRE.$proc$/home/cl4/opt/f4pga/xc7/conda/envs/xc7/bin/../share/yosys/xilinx/cells_sim.v:494$3015'.
Removing empty process `FDRE_1.$proc$/home/cl4/opt/f4pga/xc7/conda/envs/xc7/bin/../share/yosys/xilinx/cells_sim.v:0$3022'.
Found and cleaned up 2 empty switches in `\FDRE_1.$proc$/home/cl4/opt/f4pga/xc7/conda/envs/xc7/bin/../share/yosys/xilinx/cells_sim.v:527$3019'.
Removing empty process `FDRE_1.$proc$/home/cl4/opt/f4pga/xc7/conda/envs/xc7/bin/../share/yosys/xilinx/cells_sim.v:527$3019'.
Removing empty process `FDSE.$proc$/home/cl4/opt/f4pga/xc7/conda/envs/xc7/bin/../share/yosys/xilinx/cells_sim.v:0$3040'.
Found and cleaned up 2 empty switches in `\FDSE.$proc$/home/cl4/opt/f4pga/xc7/conda/envs/xc7/bin/../share/yosys/xilinx/cells_sim.v:559$3037'.
Removing empty process `FDSE.$proc$/home/cl4/opt/f4pga/xc7/conda/envs/xc7/bin/../share/yosys/xilinx/cells_sim.v:559$3037'.
Removing empty process `FDSE_1.$proc$/home/cl4/opt/f4pga/xc7/conda/envs/xc7/bin/../share/yosys/xilinx/cells_sim.v:0$3044'.
Found and cleaned up 2 empty switches in `\FDSE_1.$proc$/home/cl4/opt/f4pga/xc7/conda/envs/xc7/bin/../share/yosys/xilinx/cells_sim.v:592$3041'.
Removing empty process `FDSE_1.$proc$/home/cl4/opt/f4pga/xc7/conda/envs/xc7/bin/../share/yosys/xilinx/cells_sim.v:592$3041'.
Removing empty process `RAM128X1D.$proc$/home/cl4/opt/f4pga/xc7/conda/envs/xc7/bin/../share/yosys/xilinx/cells_sim.v:1712$3365'.
Found and cleaned up 1 empty switch in `\RAM128X1D.$proc$/home/cl4/opt/f4pga/xc7/conda/envs/xc7/bin/../share/yosys/xilinx/cells_sim.v:1716$3328'.
Removing empty process `RAM128X1D.$proc$/home/cl4/opt/f4pga/xc7/conda/envs/xc7/bin/../share/yosys/xilinx/cells_sim.v:1716$3328'.
Removing empty process `RAM32M.$proc$/home/cl4/opt/f4pga/xc7/conda/envs/xc7/bin/../share/yosys/xilinx/cells_sim.v:1803$3521'.
Removing empty process `RAM32M.$proc$/home/cl4/opt/f4pga/xc7/conda/envs/xc7/bin/../share/yosys/xilinx/cells_sim.v:1804$3522'.
Removing empty process `RAM32M.$proc$/home/cl4/opt/f4pga/xc7/conda/envs/xc7/bin/../share/yosys/xilinx/cells_sim.v:1805$3523'.
Removing empty process `RAM32M.$proc$/home/cl4/opt/f4pga/xc7/conda/envs/xc7/bin/../share/yosys/xilinx/cells_sim.v:1806$3524'.
Found and cleaned up 1 empty switch in `\RAM32M.$proc$/home/cl4/opt/f4pga/xc7/conda/envs/xc7/bin/../share/yosys/xilinx/cells_sim.v:1812$3398'.
Removing empty process `RAM32M.$proc$/home/cl4/opt/f4pga/xc7/conda/envs/xc7/bin/../share/yosys/xilinx/cells_sim.v:1812$3398'.
Removing empty process `RAM32X1D.$proc$/home/cl4/opt/f4pga/xc7/conda/envs/xc7/bin/../share/yosys/xilinx/cells_sim.v:1502$3245'.
Found and cleaned up 1 empty switch in `\RAM32X1D.$proc$/home/cl4/opt/f4pga/xc7/conda/envs/xc7/bin/../share/yosys/xilinx/cells_sim.v:1506$3214'.
Removing empty process `RAM32X1D.$proc$/home/cl4/opt/f4pga/xc7/conda/envs/xc7/bin/../share/yosys/xilinx/cells_sim.v:1506$3214'.
Removing empty process `RAM32X1D_1.$proc$/home/cl4/opt/f4pga/xc7/conda/envs/xc7/bin/../share/yosys/xilinx/cells_sim.v:1561$3272'.
Found and cleaned up 1 empty switch in `\RAM32X1D_1.$proc$/home/cl4/opt/f4pga/xc7/conda/envs/xc7/bin/../share/yosys/xilinx/cells_sim.v:1565$3253'.
Removing empty process `RAM32X1D_1.$proc$/home/cl4/opt/f4pga/xc7/conda/envs/xc7/bin/../share/yosys/xilinx/cells_sim.v:1565$3253'.
Removing empty process `RAM64M.$proc$/home/cl4/opt/f4pga/xc7/conda/envs/xc7/bin/../share/yosys/xilinx/cells_sim.v:1977$3673'.
Removing empty process `RAM64M.$proc$/home/cl4/opt/f4pga/xc7/conda/envs/xc7/bin/../share/yosys/xilinx/cells_sim.v:1978$3674'.
Removing empty process `RAM64M.$proc$/home/cl4/opt/f4pga/xc7/conda/envs/xc7/bin/../share/yosys/xilinx/cells_sim.v:1979$3675'.
Removing empty process `RAM64M.$proc$/home/cl4/opt/f4pga/xc7/conda/envs/xc7/bin/../share/yosys/xilinx/cells_sim.v:1980$3676'.
Found and cleaned up 1 empty switch in `\RAM64M.$proc$/home/cl4/opt/f4pga/xc7/conda/envs/xc7/bin/../share/yosys/xilinx/cells_sim.v:1986$3570'.
Removing empty process `RAM64M.$proc$/home/cl4/opt/f4pga/xc7/conda/envs/xc7/bin/../share/yosys/xilinx/cells_sim.v:1986$3570'.
Removing empty process `RAM64X1D.$proc$/home/cl4/opt/f4pga/xc7/conda/envs/xc7/bin/../share/yosys/xilinx/cells_sim.v:1607$3317'.
Found and cleaned up 1 empty switch in `\RAM64X1D.$proc$/home/cl4/opt/f4pga/xc7/conda/envs/xc7/bin/../share/yosys/xilinx/cells_sim.v:1611$3280'.
Removing empty process `RAM64X1D.$proc$/home/cl4/opt/f4pga/xc7/conda/envs/xc7/bin/../share/yosys/xilinx/cells_sim.v:1611$3280'.
Removing empty process `SRL16.$proc$/home/cl4/opt/f4pga/xc7/conda/envs/xc7/bin/../share/yosys/xilinx/cells_sim.v:2264$3751'.
Removing empty process `SRL16.$proc$/home/cl4/opt/f4pga/xc7/conda/envs/xc7/bin/../share/yosys/xilinx/cells_sim.v:2266$3750'.
Removing empty process `SRL16E.$proc$/home/cl4/opt/f4pga/xc7/conda/envs/xc7/bin/../share/yosys/xilinx/cells_sim.v:2292$3758'.
Found and cleaned up 1 empty switch in `\SRL16E.$proc$/home/cl4/opt/f4pga/xc7/conda/envs/xc7/bin/../share/yosys/xilinx/cells_sim.v:2299$3757'.
Removing empty process `SRL16E.$proc$/home/cl4/opt/f4pga/xc7/conda/envs/xc7/bin/../share/yosys/xilinx/cells_sim.v:2299$3757'.
Removing empty process `SRLC16.$proc$/home/cl4/opt/f4pga/xc7/conda/envs/xc7/bin/../share/yosys/xilinx/cells_sim.v:2329$3761'.
Removing empty process `SRLC16.$proc$/home/cl4/opt/f4pga/xc7/conda/envs/xc7/bin/../share/yosys/xilinx/cells_sim.v:2332$3760'.
Removing empty process `SRLC16E.$proc$/home/cl4/opt/f4pga/xc7/conda/envs/xc7/bin/../share/yosys/xilinx/cells_sim.v:2361$3768'.
Found and cleaned up 1 empty switch in `\SRLC16E.$proc$/home/cl4/opt/f4pga/xc7/conda/envs/xc7/bin/../share/yosys/xilinx/cells_sim.v:2369$3767'.
Removing empty process `SRLC16E.$proc$/home/cl4/opt/f4pga/xc7/conda/envs/xc7/bin/../share/yosys/xilinx/cells_sim.v:2369$3767'.
Removing empty process `SRLC32E.$proc$/home/cl4/opt/f4pga/xc7/conda/envs/xc7/bin/../share/yosys/xilinx/cells_sim.v:2405$3775'.
Found and cleaned up 1 empty switch in `\SRLC32E.$proc$/home/cl4/opt/f4pga/xc7/conda/envs/xc7/bin/../share/yosys/xilinx/cells_sim.v:2413$3774'.
Removing empty process `SRLC32E.$proc$/home/cl4/opt/f4pga/xc7/conda/envs/xc7/bin/../share/yosys/xilinx/cells_sim.v:2413$3774'.
Cleaned up 21 empty switches.

52. Executing JSON backend.

53. Executing Verilog backend.

53.1. Executing BMUXMAP pass.

53.2. Executing DEMUXMAP pass.
Dumping module `\top'.

54. Executing JSON frontend.
Importing module top from JSON tree.
Importing module \$__ABC9_LUT8 from JSON tree.
Importing module \$__ABC9_LUT7 from JSON tree.
Importing module XORCY from JSON tree.
Importing module XADC from JSON tree.
Importing module VCU from JSON tree.
Importing module VCC from JSON tree.
Importing module USR_ACCESS_VIRTEX6 from JSON tree.
Importing module USR_ACCESS_VIRTEX5 from JSON tree.
Importing module USR_ACCESS_VIRTEX4 from JSON tree.
Importing module USR_ACCESSE2 from JSON tree.
Importing module URAM288_BASE from JSON tree.
Importing module URAM288 from JSON tree.
Importing module T_INV from JSON tree.
Importing module TX_BITSLICE_TRI from JSON tree.
Importing module TX_BITSLICE from JSON tree.
Importing module TEMAC_SINGLE from JSON tree.
Importing module TEMAC from JSON tree.
Importing module SYSMONE4 from JSON tree.
Importing module SYSMONE1 from JSON tree.
Importing module SYSMON from JSON tree.
Importing module SYN_OBUF from JSON tree.
Importing module SYN_IBUF from JSON tree.
Importing module SUSPEND_SYNC from JSON tree.
Importing module STARTUP_VIRTEX6 from JSON tree.
Importing module STARTUP_VIRTEX5 from JSON tree.
Importing module STARTUP_VIRTEX4 from JSON tree.
Importing module STARTUP_SPARTAN6 from JSON tree.
Importing module STARTUP_SPARTAN3E from JSON tree.
Importing module STARTUP_SPARTAN3A from JSON tree.
Importing module STARTUP_SPARTAN3 from JSON tree.
Importing module STARTUPE3 from JSON tree.
Importing module STARTUPE2 from JSON tree.
Importing module SR_GND from JSON tree.
Importing module SRLC32E_VPR from JSON tree.
Importing module SRLC32E from JSON tree.
Importing module SRLC16E_VPR from JSON tree.
Importing module SRLC16E from JSON tree.
Importing module SRLC16 from JSON tree.
Importing module SRL16E from JSON tree.
Importing module SRL16 from JSON tree.
Importing module SPRAM32 from JSON tree.
Importing module SPI_ACCESS from JSON tree.
Importing module RX_BITSLICE from JSON tree.
Importing module RXTX_BITSLICE from JSON tree.
Importing module ROM64X1 from JSON tree.
Importing module ROM32X1 from JSON tree.
Importing module ROM256X1 from JSON tree.
Importing module ROM16X1 from JSON tree.
Importing module ROM128X1 from JSON tree.
Importing module RIU_OR from JSON tree.
Importing module RFDAC from JSON tree.
Importing module RFADC from JSON tree.
Importing module RAMB8BWER from JSON tree.
Importing module RAMB4_S8_S8 from JSON tree.
Importing module RAMB4_S8_S16 from JSON tree.
Importing module RAMB4_S8 from JSON tree.
Importing module RAMB4_S4_S8 from JSON tree.
Importing module RAMB4_S4_S4 from JSON tree.
Importing module RAMB4_S4_S16 from JSON tree.
Importing module RAMB4_S4 from JSON tree.
Importing module RAMB4_S2_S8 from JSON tree.
Importing module RAMB4_S2_S4 from JSON tree.
Importing module RAMB4_S2_S2 from JSON tree.
Importing module RAMB4_S2_S16 from JSON tree.
Importing module RAMB4_S2 from JSON tree.
Importing module RAMB4_S1_S8 from JSON tree.
Importing module RAMB4_S1_S4 from JSON tree.
Importing module RAMB4_S1_S2 from JSON tree.
Importing module RAMB4_S1_S16 from JSON tree.
Importing module RAMB4_S1_S1 from JSON tree.
Importing module RAMB4_S16_S16 from JSON tree.
Importing module RAMB4_S16 from JSON tree.
Importing module RAMB4_S1 from JSON tree.
Importing module RAMB36SDP from JSON tree.
Importing module RAMB36E2 from JSON tree.
Importing module RAMB36E1_PRIM from JSON tree.
Importing module RAMB36E1 from JSON tree.
Importing module RAMB36 from JSON tree.
Importing module RAMB32_S64_ECC from JSON tree.
Importing module RAMB18SDP from JSON tree.
Importing module RAMB18E2 from JSON tree.
Importing module RAMB18E1_VPR from JSON tree.
Importing module RAMB18E1 from JSON tree.
Importing module RAMB18 from JSON tree.
Importing module RAMB16_S9_S9 from JSON tree.
Importing module RAMB16_S9_S36 from JSON tree.
Importing module RAMB16_S9_S18 from JSON tree.
Importing module RAMB16_S9 from JSON tree.
Importing module RAMB16_S4_S9 from JSON tree.
Importing module RAMB16_S4_S4 from JSON tree.
Importing module RAMB16_S4_S36 from JSON tree.
Importing module RAMB16_S4_S18 from JSON tree.
Importing module RAMB16_S4 from JSON tree.
Importing module RAMB16_S36_S36 from JSON tree.
Importing module RAMB16_S36 from JSON tree.
Importing module RAMB16_S2_S9 from JSON tree.
Importing module RAMB16_S2_S4 from JSON tree.
Importing module RAMB16_S2_S36 from JSON tree.
Importing module RAMB16_S2_S2 from JSON tree.
Importing module RAMB16_S2_S18 from JSON tree.
Importing module RAMB16_S2 from JSON tree.
Importing module RAMB16_S1_S9 from JSON tree.
Importing module RAMB16_S1_S4 from JSON tree.
Importing module RAMB16_S1_S36 from JSON tree.
Importing module RAMB16_S1_S2 from JSON tree.
Importing module RAMB16_S1_S18 from JSON tree.
Importing module RAMB16_S1_S1 from JSON tree.
Importing module RAMB16_S18_S36 from JSON tree.
Importing module RAMB16_S18_S18 from JSON tree.
Importing module RAMB16_S18 from JSON tree.
Importing module RAMB16_S1 from JSON tree.
Importing module RAMB16BWE_S36_S9 from JSON tree.
Importing module RAMB16BWE_S36_S36 from JSON tree.
Importing module RAMB16BWE_S36_S18 from JSON tree.
Importing module RAMB16BWE_S36 from JSON tree.
Importing module RAMB16BWE_S18_S9 from JSON tree.
Importing module RAMB16BWE_S18_S18 from JSON tree.
Importing module RAMB16BWE_S18 from JSON tree.
Importing module RAMB16BWER from JSON tree.
Importing module RAMB16 from JSON tree.
Importing module RAM64X8SW from JSON tree.
Importing module RAM64X2S from JSON tree.
Importing module RAM64X1S_1 from JSON tree.
Importing module RAM64X1S from JSON tree.
Importing module RAM64X1D_1 from JSON tree.
Importing module RAM64X1D from JSON tree.
Importing module RAM64M8 from JSON tree.
Importing module RAM64M from JSON tree.
Importing module RAM512X1S from JSON tree.
Importing module RAM32X8S from JSON tree.
Importing module RAM32X4S from JSON tree.
Importing module RAM32X2S from JSON tree.
Importing module RAM32X1S_1 from JSON tree.
Importing module RAM32X1S from JSON tree.
Importing module RAM32X1D_1 from JSON tree.
Importing module RAM32X1D from JSON tree.
Importing module RAM32X16DR8 from JSON tree.
Importing module RAM32M16 from JSON tree.
Importing module RAM32M from JSON tree.
Importing module RAM256X1S from JSON tree.
Importing module RAM256X1D from JSON tree.
Importing module RAM16X8S from JSON tree.
Importing module RAM16X4S from JSON tree.
Importing module RAM16X2S from JSON tree.
Importing module RAM16X1S_1 from JSON tree.
Importing module RAM16X1S from JSON tree.
Importing module RAM16X1D_1 from JSON tree.
Importing module RAM16X1D from JSON tree.
Importing module RAM128X1S_1 from JSON tree.
Importing module RAM128X1S from JSON tree.
Importing module RAM128X1D from JSON tree.
Importing module PULLUP from JSON tree.
Importing module PULLDOWN from JSON tree.
Importing module PS8 from JSON tree.
Importing module PS7_VPR from JSON tree.
Importing module PS7 from JSON tree.
Importing module PPC440 from JSON tree.
Importing module PPC405_ADV from JSON tree.
Importing module POST_CRC_INTERNAL from JSON tree.
Importing module PMCD from JSON tree.
Importing module PLL_BASE from JSON tree.
Importing module PLL_ADV from JSON tree.
Importing module PLLE4_BASE from JSON tree.
Importing module PLLE4_ADV from JSON tree.
Importing module PLLE3_BASE from JSON tree.
Importing module PLLE3_ADV from JSON tree.
Importing module PLLE2_BASE from JSON tree.
Importing module PLLE2_ADV_VPR from JSON tree.
Importing module PLLE2_ADV from JSON tree.
Importing module PHY_CONTROL from JSON tree.
Importing module PHASER_REF from JSON tree.
Importing module PHASER_OUT_PHY from JSON tree.
Importing module PHASER_OUT from JSON tree.
Importing module PHASER_IN_PHY from JSON tree.
Importing module PHASER_IN from JSON tree.
Importing module PCIE_EP from JSON tree.
Importing module PCIE_A1 from JSON tree.
Importing module PCIE_3_1 from JSON tree.
Importing module PCIE_3_0 from JSON tree.
Importing module PCIE_2_1_VPR from JSON tree.
Importing module PCIE_2_1 from JSON tree.
Importing module PCIE_2_0 from JSON tree.
Importing module PCIE4CE4 from JSON tree.
Importing module PCIE40E4 from JSON tree.
Importing module OUT_FIFO from JSON tree.
Importing module OSERDESE3 from JSON tree.
Importing module OSERDESE2_VPR from JSON tree.
Importing module OSERDESE2 from JSON tree.
Importing module OSERDESE1 from JSON tree.
Importing module OSERDES2 from JSON tree.
Importing module OSERDES from JSON tree.
Importing module ORCY from JSON tree.
Importing module OR2L from JSON tree.
Importing module OPAD_GTP_VPR from JSON tree.
Importing module OFDDRTRSE from JSON tree.
Importing module OFDDRTCPE from JSON tree.
Importing module OFDDRRSE from JSON tree.
Importing module OFDDRCPE from JSON tree.
Importing module ODELAYE3 from JSON tree.
Importing module ODELAYE2 from JSON tree.
Importing module ODDR_VPR from JSON tree.
Importing module ODDRE1 from JSON tree.
Importing module ODDR2 from JSON tree.
Importing module ODDR from JSON tree.
Importing module OBUFT_VPR from JSON tree.
Importing module OBUFTDS_S_VPR from JSON tree.
Importing module OBUFTDS_M_VPR from JSON tree.
Importing module OBUFTDS from JSON tree.
Importing module OBUFT from JSON tree.
Importing module OBUFDS_GTM_ADV from JSON tree.
Importing module OBUFDS_GTM from JSON tree.
Importing module OBUFDS_GTE4_ADV from JSON tree.
Importing module OBUFDS_GTE4 from JSON tree.
Importing module OBUFDS_GTE3_ADV from JSON tree.
Importing module OBUFDS_GTE3 from JSON tree.
Importing module OBUFDS_DPHY from JSON tree.
Importing module OBUFDS from JSON tree.
Importing module OBUF from JSON tree.
Importing module MUXF9 from JSON tree.
Importing module MUXF8 from JSON tree.
Importing module MUXF7 from JSON tree.
Importing module MUXF6 from JSON tree.
Importing module MUXF5 from JSON tree.
Importing module MUXCY from JSON tree.
Importing module MULT_AND from JSON tree.
Importing module MULT18X18SIO from JSON tree.
Importing module MULT18X18S from JSON tree.
Importing module MULT18X18 from JSON tree.
Importing module MMCM_BASE from JSON tree.
Importing module MMCM_ADV from JSON tree.
Importing module MMCME4_BASE from JSON tree.
Importing module MMCME4_ADV from JSON tree.
Importing module MMCME3_BASE from JSON tree.
Importing module MMCME3_ADV from JSON tree.
Importing module MMCME2_BASE from JSON tree.
Importing module MMCME2_ADV_VPR from JSON tree.
Importing module MMCME2_ADV from JSON tree.
Importing module MCB from JSON tree.
Importing module MASTER_JTAG from JSON tree.
Importing module LUT6_2 from JSON tree.
Importing module LUT6 from JSON tree.
Importing module LUT5 from JSON tree.
Importing module LUT4 from JSON tree.
Importing module LUT3 from JSON tree.
Importing module LUT2 from JSON tree.
Importing module LUT1 from JSON tree.
Importing module LDPE from JSON tree.
Importing module LDCPE from JSON tree.
Importing module LDCE from JSON tree.
Importing module KEY_CLEAR from JSON tree.
Importing module KEEPER from JSON tree.
Importing module ISERDES_NODELAY from JSON tree.
Importing module ISERDESE3 from JSON tree.
Importing module ISERDESE2_NO_IDELAY_VPR from JSON tree.
Importing module ISERDESE2_IDELAY_VPR from JSON tree.
Importing module ISERDESE2 from JSON tree.
Importing module ISERDESE1 from JSON tree.
Importing module ISERDES2 from JSON tree.
Importing module ISERDES from JSON tree.
Importing module IPAD_GTP_VPR from JSON tree.
Importing module IODRP2_MCB from JSON tree.
Importing module IODRP2 from JSON tree.
Importing module IODELAYE1 from JSON tree.
Importing module IODELAY2 from JSON tree.
Importing module IODELAY from JSON tree.
Importing module IOBUF_VPR from JSON tree.
Importing module IOBUF_INTERMDISABLE from JSON tree.
Importing module IOBUF_DCIEN from JSON tree.
Importing module IOBUFE3 from JSON tree.
Importing module IOBUFDS_S_VPR from JSON tree.
Importing module IOBUFDS_M_VPR from JSON tree.
Importing module IOBUFDS_INTERMDISABLE from JSON tree.
Importing module IOBUFDS_DIFF_OUT_INTERMDISABLE from JSON tree.
Importing module IOBUFDS_DIFF_OUT_DCIEN from JSON tree.
Importing module IOBUFDS_DIFF_OUT from JSON tree.
Importing module IOBUFDS_DCIEN from JSON tree.
Importing module IOBUFDSE3 from JSON tree.
Importing module IOBUFDS from JSON tree.
Importing module IOBUF from JSON tree.
Importing module IN_FIFO from JSON tree.
Importing module INV from JSON tree.
Importing module ILKNE4 from JSON tree.
Importing module ILKN from JSON tree.
Importing module IFDDRRSE from JSON tree.
Importing module IFDDRCPE from JSON tree.
Importing module IDELAYE3 from JSON tree.
Importing module IDELAYE2_VPR from JSON tree.
Importing module IDELAYE2 from JSON tree.
Importing module IDELAYCTRL from JSON tree.
Importing module IDELAY from JSON tree.
Importing module IDDR_VPR from JSON tree.
Importing module IDDR_2CLK from JSON tree.
Importing module IDDRE1 from JSON tree.
Importing module IDDR2 from JSON tree.
Importing module IDDR from JSON tree.
Importing module ICAP_VIRTEX6 from JSON tree.
Importing module ICAP_VIRTEX5 from JSON tree.
Importing module ICAP_VIRTEX4 from JSON tree.
Importing module ICAP_SPARTAN6 from JSON tree.
Importing module ICAP_SPARTAN3A from JSON tree.
Importing module ICAPE3 from JSON tree.
Importing module ICAPE2 from JSON tree.
Importing module IBUF_VPR from JSON tree.
Importing module IBUF_INTERMDISABLE from JSON tree.
Importing module IBUF_IBUFDISABLE from JSON tree.
Importing module IBUF_DLY_ADJ from JSON tree.
Importing module IBUF_ANALOG from JSON tree.
Importing module IBUFGDS_DIFF_OUT from JSON tree.
Importing module IBUFGDS from JSON tree.
Importing module IBUFG from JSON tree.
Importing module IBUFE3 from JSON tree.
Importing module IBUFDS_INTERMDISABLE from JSON tree.
Importing module IBUFDS_IBUFDISABLE from JSON tree.
Importing module IBUFDS_GTXE1 from JSON tree.
Importing module IBUFDS_GTM from JSON tree.
Importing module IBUFDS_GTHE1 from JSON tree.
Importing module IBUFDS_GTE4 from JSON tree.
Importing module IBUFDS_GTE3 from JSON tree.
Importing module IBUFDS_GTE2_VPR from JSON tree.
Importing module IBUFDS_GTE2 from JSON tree.
Importing module IBUFDS_DPHY from JSON tree.
Importing module IBUFDS_DLY_ADJ from JSON tree.
Importing module IBUFDS_DIFF_OUT_INTERMDISABLE from JSON tree.
Importing module IBUFDS_DIFF_OUT_IBUFDISABLE from JSON tree.
Importing module IBUFDS_DIFF_OUT from JSON tree.
Importing module IBUFDSE3 from JSON tree.
Importing module IBUFDS from JSON tree.
Importing module IBUF from JSON tree.
Importing module HSDAC from JSON tree.
Importing module HSADC from JSON tree.
Importing module HPIO_VREF from JSON tree.
Importing module HBM_TWO_STACK_INTF from JSON tree.
Importing module HBM_SNGLBLI_INTF_AXI from JSON tree.
Importing module HBM_SNGLBLI_INTF_APB from JSON tree.
Importing module HBM_REF_CLK from JSON tree.
Importing module HBM_ONE_STACK_INTF from JSON tree.
Importing module HARD_SYNC from JSON tree.
Importing module GTYE4_COMMON from JSON tree.
Importing module GTYE4_CHANNEL from JSON tree.
Importing module GTYE3_COMMON from JSON tree.
Importing module GTYE3_CHANNEL from JSON tree.
Importing module GTX_DUAL from JSON tree.
Importing module GTXE2_COMMON from JSON tree.
Importing module GTXE2_CHANNEL from JSON tree.
Importing module GTXE1 from JSON tree.
Importing module GTP_DUAL from JSON tree.
Importing module GTPE2_COMMON_VPR from JSON tree.
Importing module GTPE2_COMMON from JSON tree.
Importing module GTPE2_CHANNEL_VPR from JSON tree.
Importing module GTPE2_CHANNEL from JSON tree.
Importing module GTPA1_DUAL from JSON tree.
Importing module GTM_DUAL from JSON tree.
Importing module GTHE4_COMMON from JSON tree.
Importing module GTHE4_CHANNEL from JSON tree.
Importing module GTHE3_COMMON from JSON tree.
Importing module GTHE3_CHANNEL from JSON tree.
Importing module GTHE2_COMMON from JSON tree.
Importing module GTHE2_CHANNEL from JSON tree.
Importing module GTHE1_QUAD from JSON tree.
Importing module GT11_DUAL from JSON tree.
Importing module GT11_CUSTOM from JSON tree.
Importing module GT11CLK_MGT from JSON tree.
Importing module GT11CLK from JSON tree.
Importing module GND from JSON tree.
Importing module FRAME_ECC_VIRTEX6 from JSON tree.
Importing module FRAME_ECC_VIRTEX5 from JSON tree.
Importing module FRAME_ECC_VIRTEX4 from JSON tree.
Importing module FRAME_ECCE4 from JSON tree.
Importing module FRAME_ECCE3 from JSON tree.
Importing module FRAME_ECCE2 from JSON tree.
Importing module FIFO36_72 from JSON tree.
Importing module FIFO36E2 from JSON tree.
Importing module FIFO36E1 from JSON tree.
Importing module FIFO36 from JSON tree.
Importing module FIFO18_36 from JSON tree.
Importing module FIFO18E2 from JSON tree.
Importing module FIFO18E1 from JSON tree.
Importing module FIFO18 from JSON tree.
Importing module FIFO16 from JSON tree.
Importing module FE from JSON tree.
Importing module FDSE_ZINI from JSON tree.
Importing module FDSE_1 from JSON tree.
Importing module FDSE from JSON tree.
Importing module FDRSE_1 from JSON tree.
Importing module FDRSE from JSON tree.
Importing module FDRE_ZINI from JSON tree.
Importing module FDRE_1 from JSON tree.
Importing module FDRE from JSON tree.
Importing module FDPE_ZINI from JSON tree.
Importing module FDPE_1 from JSON tree.
Importing module FDPE from JSON tree.
Importing module FDDRRSE from JSON tree.
Importing module FDDRCPE from JSON tree.
Importing module FDCPE_1 from JSON tree.
Importing module FDCPE from JSON tree.
Importing module FDCE_ZINI from JSON tree.
Importing module FDCE_1 from JSON tree.
Importing module FDCE from JSON tree.
Importing module FD from JSON tree.
Importing module EMAC from JSON tree.
Importing module EFUSE_USR from JSON tree.
Importing module DSP48E2 from JSON tree.
Importing module DSP48E1 from JSON tree.
Importing module DSP48E from JSON tree.
Importing module DSP48A1 from JSON tree.
Importing module DSP48A from JSON tree.
Importing module DSP48 from JSON tree.
Importing module DRAM_8_OUTPUT_STUB from JSON tree.
Importing module DRAM_4_OUTPUT_STUB from JSON tree.
Importing module DRAM_2_OUTPUT_STUB from JSON tree.
Importing module DPRAM64_for_RAM128X1D from JSON tree.
Importing module DPRAM64 from JSON tree.
Importing module DPRAM32 from JSON tree.
Importing module DNA_PORTE2 from JSON tree.
Importing module DNA_PORT from JSON tree.
Importing module DI64_STUB from JSON tree.
Importing module DCM_SP from JSON tree.
Importing module DCM_PS from JSON tree.
Importing module DCM_CLKGEN from JSON tree.
Importing module DCM_BASE from JSON tree.
Importing module DCM_ADV from JSON tree.
Importing module DCM from JSON tree.
Importing module DCIRESET from JSON tree.
Importing module CRC64 from JSON tree.
Importing module CRC32 from JSON tree.
Importing module CMACE4 from JSON tree.
Importing module CMAC from JSON tree.
Importing module CFGLUT5 from JSON tree.
Importing module CE_VCC from JSON tree.
Importing module CARRY_CO_LUT from JSON tree.
Importing module CARRY_CO_DIRECT from JSON tree.
Importing module CARRY_COUT_PLUG from JSON tree.
Importing module CARRY8 from JSON tree.
Importing module CARRY4_VPR from JSON tree.
Importing module CARRY4 from JSON tree.
Importing module CAPTURE_VIRTEX6 from JSON tree.
Importing module CAPTURE_VIRTEX5 from JSON tree.
Importing module CAPTURE_VIRTEX4 from JSON tree.
Importing module CAPTURE_SPARTAN3A from JSON tree.
Importing module CAPTURE_SPARTAN3 from JSON tree.
Importing module CAPTUREE2 from JSON tree.
Importing module BUFT from JSON tree.
Importing module BUFR from JSON tree.
Importing module BUFPLL_MCB from JSON tree.
Importing module BUFPLL from JSON tree.
Importing module BUFMRCE from JSON tree.
Importing module BUFMR from JSON tree.
Importing module BUFIODQS from JSON tree.
Importing module BUFIO2_2CLK from JSON tree.
Importing module BUFIO2FB from JSON tree.
Importing module BUFIO2 from JSON tree.
Importing module BUFIO from JSON tree.
Importing module BUFHCE_VPR from JSON tree.
Importing module BUFHCE from JSON tree.
Importing module BUFH from JSON tree.
Importing module BUFG_PS from JSON tree.
Importing module BUFG_GT_SYNC from JSON tree.
Importing module BUFG_GT from JSON tree.
Importing module BUFGMUX_VIRTEX4 from JSON tree.
Importing module BUFGMUX_CTRL from JSON tree.
Importing module BUFGMUX_1 from JSON tree.
Importing module BUFGMUX from JSON tree.
Importing module BUFGCTRL_VPR from JSON tree.
Importing module BUFGCTRL from JSON tree.
Importing module BUFGCE_DIV from JSON tree.
Importing module BUFGCE_1 from JSON tree.
Importing module BUFGCE from JSON tree.
Importing module BUFG from JSON tree.
Importing module BSCAN_VIRTEX6 from JSON tree.
Importing module BSCAN_VIRTEX5 from JSON tree.
Importing module BSCAN_VIRTEX4 from JSON tree.
Importing module BSCAN_SPARTAN6 from JSON tree.
Importing module BSCAN_SPARTAN3A from JSON tree.
Importing module BSCAN_SPARTAN3 from JSON tree.
Importing module BSCANE2 from JSON tree.
Importing module BITSLICE_CONTROL from JSON tree.
Importing module BANK from JSON tree.
Importing module AND2B1L from JSON tree.
Importing module $paramod\LUT5\INIT=32'00010100000000000000000000000000 from JSON tree.
Importing module $paramod\LUT5\INIT=32'00000000110101110000000000000000 from JSON tree.
Importing module $paramod\LUT4\INIT=16'0000110111110000 from JSON tree.
Importing module $paramod\LUT4\INIT=16'0000011011110000 from JSON tree.
Importing module $paramod\LUT4\INIT=16'0000000100010000 from JSON tree.
Importing module $paramod\LUT3\INIT=8'00010000 from JSON tree.
Importing module $paramod\LUT2\INIT=4'0110 from JSON tree.
Importing module $paramod\LUT2\INIT=4'0100 from JSON tree.
Importing module $paramod\FDCE\INIT=1'x from JSON tree.
Importing module $paramod$e5e3f42b99cf92d6f984d328109b403503d3e2d6\RAM32M from JSON tree.
Importing module $__XILINX_MUXF78 from JSON tree.
Importing module $__DFF_P__$abc9_flop from JSON tree.
Importing module $__DFF_N__$abc9_flop from JSON tree.
Importing module $__ABC9_SCC_BREAKER from JSON tree.
Importing module $__ABC9_DELAY from JSON tree.
[TCL: yosys -import] Command name collision: found pre-existing command `abc' -> skip.
[TCL: yosys -import] Command name collision: found pre-existing command `abc9' -> skip.
[TCL: yosys -import] Command name collision: found pre-existing command `abc9_exe' -> skip.
[TCL: yosys -import] Command name collision: found pre-existing command `abc9_ops' -> skip.
[TCL: yosys -import] Command name collision: found pre-existing command `add' -> skip.
[TCL: yosys -import] Command name collision: found pre-existing command `aigmap' -> skip.
[TCL: yosys -import] Command name collision: found pre-existing command `alumacc' -> skip.
[TCL: yosys -import] Command name collision: found pre-existing command `anlogic_eqn' -> skip.
[TCL: yosys -import] Command name collision: found pre-existing command `anlogic_fixcarry' -> skip.
[TCL: yosys -import] Command name collision: found pre-existing command `assertpmux' -> skip.
[TCL: yosys -import] Command name collision: found pre-existing command `async2sync' -> skip.
[TCL: yosys -import] Command name collision: found pre-existing command `attrmap' -> skip.
[TCL: yosys -import] Command name collision: found pre-existing command `attrmvcp' -> skip.
[TCL: yosys -import] Command name collision: found pre-existing command `autoname' -> skip.
[TCL: yosys -import] Command name collision: found pre-existing command `blackbox' -> skip.
[TCL: yosys -import] Command name collision: found pre-existing command `bmuxmap' -> skip.
[TCL: yosys -import] Command name collision: found pre-existing command `bugpoint' -> skip.
[TCL: yosys -import] Command name collision: found pre-existing command `bwmuxmap' -> skip.
[TCL: yosys -import] Command name collision: found pre-existing command `cd' -> skip.
[TCL: yosys -import] Command name collision: found pre-existing command `check' -> skip.
[TCL: yosys -import] Command name collision: found pre-existing command `chformal' -> skip.
[TCL: yosys -import] Command name collision: found pre-existing command `chparam' -> skip.
[TCL: yosys -import] Command name collision: found pre-existing command `chtype' -> skip.
[TCL: yosys -import] Command name collision: found pre-existing command `clean' -> skip.
[TCL: yosys -import] Command name collision: found pre-existing command `clean_zerowidth' -> skip.
[TCL: yosys -import] Command name collision: found pre-existing command `clk2fflogic' -> skip.
[TCL: yosys -import] Command name collision: found pre-existing command `clkbufmap' -> skip.
[TCL: yosys -import] Command name collision: found pre-existing command `connect' -> skip.
[TCL: yosys -import] Command name collision: found pre-existing command `connect_rpc' -> skip.
[TCL: yosys -import] Command name collision: found pre-existing command `connwrappers' -> skip.
[TCL: yosys -import] Command name collision: found pre-existing command `coolrunner2_fixup' -> skip.
[TCL: yosys -import] Command name collision: found pre-existing command `coolrunner2_sop' -> skip.
[TCL: yosys -import] Command name collision: found pre-existing command `copy' -> skip.
[TCL: yosys -import] Command name collision: found pre-existing command `cover' -> skip.
[TCL: yosys -import] Command name collision: found pre-existing command `create_clock' -> skip.
[TCL: yosys -import] Command name collision: found pre-existing command `cutpoint' -> skip.
[TCL: yosys -import] Command name collision: found pre-existing command `debug' -> skip.
[TCL: yosys -import] Command name collision: found pre-existing command `delete' -> skip.
[TCL: yosys -import] Command name collision: found pre-existing command `deminout' -> skip.
[TCL: yosys -import] Command name collision: found pre-existing command `demuxmap' -> skip.
[TCL: yosys -import] Command name collision: found pre-existing command `design' -> skip.
[TCL: yosys -import] Command name collision: found pre-existing command `dffinit' -> skip.
[TCL: yosys -import] Command name collision: found pre-existing command `dfflegalize' -> skip.
[TCL: yosys -import] Command name collision: found pre-existing command `dfflibmap' -> skip.
[TCL: yosys -import] Command name collision: found pre-existing command `dffunmap' -> skip.
[TCL: yosys -import] Command name collision: found pre-existing command `dump' -> skip.
[TCL: yosys -import] Command name collision: found pre-existing command `echo' -> skip.
[TCL: yosys -import] Command name collision: found pre-existing command `ecp5_gsr' -> skip.
[TCL: yosys -import] Command name collision: found pre-existing command `edgetypes' -> skip.
[TCL: yosys -import] Command name collision: found pre-existing command `efinix_fixcarry' -> skip.
[TCL: yosys -import] Command name collision: found pre-existing command `equiv_add' -> skip.
[TCL: yosys -import] Command name collision: found pre-existing command `equiv_induct' -> skip.
[TCL: yosys -import] Command name collision: found pre-existing command `equiv_make' -> skip.
[TCL: yosys -import] Command name collision: found pre-existing command `equiv_mark' -> skip.
[TCL: yosys -import] Command name collision: found pre-existing command `equiv_miter' -> skip.
[TCL: yosys -import] Command name collision: found pre-existing command `equiv_opt' -> skip.
[TCL: yosys -import] Command name collision: found pre-existing command `equiv_purge' -> skip.
[TCL: yosys -import] Command name collision: found pre-existing command `equiv_remove' -> skip.
[TCL: yosys -import] Command name collision: found pre-existing command `equiv_simple' -> skip.
[TCL: yosys -import] Command name collision: found pre-existing command `equiv_status' -> skip.
[TCL: yosys -import] Command name collision: found pre-existing command `equiv_struct' -> skip.
[TCL: yosys -import] Command name collision: found pre-existing command `eval' -> skip.
[TCL: yosys -import] Command name collision: found pre-existing command `exec' -> skip.
[TCL: yosys -import] Command name collision: found pre-existing command `expose' -> skip.
[TCL: yosys -import] Command name collision: found pre-existing command `extract' -> skip.
[TCL: yosys -import] Command name collision: found pre-existing command `extract_counter' -> skip.
[TCL: yosys -import] Command name collision: found pre-existing command `extract_fa' -> skip.
[TCL: yosys -import] Command name collision: found pre-existing command `extract_reduce' -> skip.
[TCL: yosys -import] Command name collision: found pre-existing command `extractinv' -> skip.
[TCL: yosys -import] Command name collision: found pre-existing command `flatten' -> skip.
[TCL: yosys -import] Command name collision: found pre-existing command `flowmap' -> skip.
[TCL: yosys -import] Command name collision: found pre-existing command `fmcombine' -> skip.
[TCL: yosys -import] Command name collision: found pre-existing command `fminit' -> skip.
[TCL: yosys -import] Command name collision: found pre-existing command `formalff' -> skip.
[TCL: yosys -import] Command name collision: found pre-existing command `freduce' -> skip.
[TCL: yosys -import] Command name collision: found pre-existing command `fsm' -> skip.
[TCL: yosys -import] Command name collision: found pre-existing command `fsm_detect' -> skip.
[TCL: yosys -import] Command name collision: found pre-existing command `fsm_expand' -> skip.
[TCL: yosys -import] Command name collision: found pre-existing command `fsm_export' -> skip.
[TCL: yosys -import] Command name collision: found pre-existing command `fsm_extract' -> skip.
[TCL: yosys -import] Command name collision: found pre-existing command `fsm_info' -> skip.
[TCL: yosys -import] Command name collision: found pre-existing command `fsm_map' -> skip.
[TCL: yosys -import] Command name collision: found pre-existing command `fsm_opt' -> skip.
[TCL: yosys -import] Command name collision: found pre-existing command `fsm_recode' -> skip.
[TCL: yosys -import] Command name collision: found pre-existing command `fst2tb' -> skip.
[TCL: yosys -import] Command name collision: found pre-existing command `gatemate_foldinv' -> skip.
[TCL: yosys -import] Command name collision: found pre-existing command `get_bank_tiles' -> skip.
[TCL: yosys -import] Command name collision: found pre-existing command `get_cells' -> skip.
[TCL: yosys -import] Command name collision: found pre-existing command `get_clocks' -> skip.
[TCL: yosys -import] Command name collision: found pre-existing command `get_count' -> skip.
[TCL: yosys -import] Command name collision: found pre-existing command `get_iobanks' -> skip.
[TCL: yosys -import] Command name collision: found pre-existing command `get_nets' -> skip.
[TCL: yosys -import] Command name collision: found pre-existing command `get_pins' -> skip.
[TCL: yosys -import] Command name collision: found pre-existing command `get_ports' -> skip.
[TCL: yosys -import] Command name collision: found pre-existing command `getparam' -> skip.
[TCL: yosys -import] Command name collision: found pre-existing command `glift' -> skip.
[TCL: yosys -import] Command name collision: found pre-existing command `greenpak4_dffinv' -> skip.
[TCL: yosys -import] Command name collision: found pre-existing command `help' -> skip.
[TCL: yosys -import] Command name collision: found pre-existing command `hierarchy' -> skip.
[TCL: yosys -import] Command name collision: found pre-existing command `hilomap' -> skip.
[TCL: yosys -import] Command name collision: found pre-existing command `ice40_braminit' -> skip.
[TCL: yosys -import] Command name collision: found pre-existing command `ice40_dsp' -> skip.
[TCL: yosys -import] Command name collision: found pre-existing command `ice40_opt' -> skip.
[TCL: yosys -import] Command name collision: found pre-existing command `ice40_wrapcarry' -> skip.
[TCL: yosys -import] Command name collision: found pre-existing command `insbuf' -> skip.
[TCL: yosys -import] Command name collision: found pre-existing command `iopadmap' -> skip.
[TCL: yosys -import] Command name collision: found pre-existing command `jny' -> skip.
[TCL: yosys -import] Command name collision: found pre-existing command `json' -> skip.
[TCL: yosys -import] Command name collision: found pre-existing command `log' -> skip.
[TCL: yosys -import] Command name collision: found pre-existing command `logger' -> skip.
[TCL: yosys -import] Command name collision: found pre-existing command `ls' -> skip.
[TCL: yosys -import] Command name collision: found pre-existing command `ltp' -> skip.
[TCL: yosys -import] Command name collision: found pre-existing command `lut2mux' -> skip.
[TCL: yosys -import] Command name collision: found pre-existing command `maccmap' -> skip.
[TCL: yosys -import] Command name collision: found pre-existing command `memory' -> skip.
[TCL: yosys -import] Command name collision: found pre-existing command `memory_bmux2rom' -> skip.
[TCL: yosys -import] Command name collision: found pre-existing command `memory_bram' -> skip.
[TCL: yosys -import] Command name collision: found pre-existing command `memory_collect' -> skip.
[TCL: yosys -import] Command name collision: found pre-existing command `memory_dff' -> skip.
[TCL: yosys -import] Command name collision: found pre-existing command `memory_libmap' -> skip.
[TCL: yosys -import] Command name collision: found pre-existing command `memory_map' -> skip.
[TCL: yosys -import] Command name collision: found pre-existing command `memory_memx' -> skip.
[TCL: yosys -import] Command name collision: found pre-existing command `memory_narrow' -> skip.
[TCL: yosys -import] Command name collision: found pre-existing command `memory_nordff' -> skip.
[TCL: yosys -import] Command name collision: found pre-existing command `memory_share' -> skip.
[TCL: yosys -import] Command name collision: found pre-existing command `memory_unpack' -> skip.
[TCL: yosys -import] Command name collision: found pre-existing command `miter' -> skip.
[TCL: yosys -import] Command name collision: found pre-existing command `mutate' -> skip.
[TCL: yosys -import] Command name collision: found pre-existing command `muxcover' -> skip.
[TCL: yosys -import] Command name collision: found pre-existing command `muxpack' -> skip.
[TCL: yosys -import] Command name collision: found pre-existing command `nlutmap' -> skip.
[TCL: yosys -import] Command name collision: found pre-existing command `onehot' -> skip.
[TCL: yosys -import] Command name collision: found pre-existing command `opt' -> skip.
[TCL: yosys -import] Command name collision: found pre-existing command `opt_clean' -> skip.
[TCL: yosys -import] Command name collision: found pre-existing command `opt_demorgan' -> skip.
[TCL: yosys -import] Command name collision: found pre-existing command `opt_dff' -> skip.
[TCL: yosys -import] Command name collision: found pre-existing command `opt_expr' -> skip.
[TCL: yosys -import] Command name collision: found pre-existing command `opt_ffinv' -> skip.
[TCL: yosys -import] Command name collision: found pre-existing command `opt_lut' -> skip.
[TCL: yosys -import] Command name collision: found pre-existing command `opt_lut_ins' -> skip.
[TCL: yosys -import] Command name collision: found pre-existing command `opt_mem' -> skip.
[TCL: yosys -import] Command name collision: found pre-existing command `opt_mem_feedback' -> skip.
[TCL: yosys -import] Command name collision: found pre-existing command `opt_mem_priority' -> skip.
[TCL: yosys -import] Command name collision: found pre-existing command `opt_mem_widen' -> skip.
[TCL: yosys -import] Command name collision: found pre-existing command `opt_merge' -> skip.
[TCL: yosys -import] Command name collision: found pre-existing command `opt_muxtree' -> skip.
[TCL: yosys -import] Command name collision: found pre-existing command `opt_reduce' -> skip.
[TCL: yosys -import] Command name collision: found pre-existing command `opt_share' -> skip.
[TCL: yosys -import] Command name collision: found pre-existing command `paramap' -> skip.
[TCL: yosys -import] Command name collision: found pre-existing command `peepopt' -> skip.
[TCL: yosys -import] Command name collision: found pre-existing command `plugin' -> skip.
[TCL: yosys -import] Command name collision: found pre-existing command `pmux2shiftx' -> skip.
[TCL: yosys -import] Command name collision: found pre-existing command `pmuxtree' -> skip.
[TCL: yosys -import] Command name collision: found pre-existing command `portlist' -> skip.
[TCL: yosys -import] Command name collision: found pre-existing command `prep' -> skip.
[TCL: yosys -import] Command name collision: found pre-existing command `printattrs' -> skip.
[TCL: yosys -import] Command name collision: found pre-existing command `proc' -> skip.
[TCL: yosys -import] Command name collision: found pre-existing command `proc_arst' -> skip.
[TCL: yosys -import] Command name collision: found pre-existing command `proc_clean' -> skip.
[TCL: yosys -import] Command name collision: found pre-existing command `proc_dff' -> skip.
[TCL: yosys -import] Command name collision: found pre-existing command `proc_dlatch' -> skip.
[TCL: yosys -import] Command name collision: found pre-existing command `proc_init' -> skip.
[TCL: yosys -import] Command name collision: found pre-existing command `proc_memwr' -> skip.
[TCL: yosys -import] Command name collision: found pre-existing command `proc_mux' -> skip.
[TCL: yosys -import] Command name collision: found pre-existing command `proc_prune' -> skip.
[TCL: yosys -import] Command name collision: found pre-existing command `proc_rmdead' -> skip.
[TCL: yosys -import] Command name collision: found pre-existing command `proc_rom' -> skip.
[TCL: yosys -import] Command name collision: found pre-existing command `propagate_clocks' -> skip.
[TCL: yosys -import] Command name collision: found pre-existing command `qbfsat' -> skip.
[TCL: yosys -import] Command name collision: found pre-existing command `qwp' -> skip.
[TCL: yosys -import] Command name collision: found pre-existing command `read' -> skip.
[TCL: yosys -import] Command name collision: found pre-existing command `read_aiger' -> skip.
[TCL: yosys -import] Command name collision: found pre-existing command `read_blif' -> skip.
[TCL: yosys -import] Command name collision: found pre-existing command `read_ilang' -> skip.
[TCL: yosys -import] Command name collision: found pre-existing command `read_json' -> skip.
[TCL: yosys -import] Command name collision: found pre-existing command `read_liberty' -> skip.
[TCL: yosys -import] Command name collision: found pre-existing command `read_rtlil' -> skip.
[TCL: yosys -import] Command name collision: found pre-existing command `read_sdc' -> skip.
[TCL: yosys -import] Command name collision: found pre-existing command `read_verilog' -> skip.
[TCL: yosys -import] Command name collision: found pre-existing command `read_xdc' -> skip.
[TCL: yosys -import] Command name collision: found pre-existing command `rename' -> skip.
[TCL: yosys -import] Command name collision: found pre-existing command `rmports' -> skip.
[TCL: yosys -import] Command name collision: found pre-existing command `sat' -> skip.
[TCL: yosys -import] Command name collision: found pre-existing command `scatter' -> skip.
[TCL: yosys -import] Command name collision: found pre-existing command `scc' -> skip.
[TCL: yosys -import] Command name collision: found pre-existing command `scratchpad' -> skip.
[TCL: yosys -import] Command name collision: found pre-existing command `script' -> skip.
[TCL: yosys -import] Command name collision: found pre-existing command `select' -> skip.
[TCL: yosys -import] Command name collision: found pre-existing command `selection_to_tcl_list' -> skip.
[TCL: yosys -import] Command name collision: found pre-existing command `set_clock_groups' -> skip.
[TCL: yosys -import] Command name collision: found pre-existing command `set_false_path' -> skip.
[TCL: yosys -import] Command name collision: found pre-existing command `set_max_delay' -> skip.
[TCL: yosys -import] Command name collision: found pre-existing command `set_property' -> skip.
[TCL: yosys -import] Command name collision: found pre-existing command `setattr' -> skip.
[TCL: yosys -import] Command name collision: found pre-existing command `setparam' -> skip.
[TCL: yosys -import] Command name collision: found pre-existing command `setundef' -> skip.
[TCL: yosys -import] Command name collision: found pre-existing command `share' -> skip.
[TCL: yosys -import] Command name collision: found pre-existing command `shell' -> skip.
[TCL: yosys -import] Command name collision: found pre-existing command `show' -> skip.
[TCL: yosys -import] Command name collision: found pre-existing command `shregmap' -> skip.
[TCL: yosys -import] Command name collision: found pre-existing command `sim' -> skip.
[TCL: yosys -import] Command name collision: found pre-existing command `simplemap' -> skip.
[TCL: yosys -import] Command name collision: found pre-existing command `splice' -> skip.
[TCL: yosys -import] Command name collision: found pre-existing command `splitcells' -> skip.
[TCL: yosys -import] Command name collision: found pre-existing command `splitnets' -> skip.
[TCL: yosys -import] Command name collision: found pre-existing command `sta' -> skip.
[TCL: yosys -import] Command name collision: found pre-existing command `stat' -> skip.
[TCL: yosys -import] Command name collision: found pre-existing command `submod' -> skip.
[TCL: yosys -import] Command name collision: found pre-existing command `supercover' -> skip.
[TCL: yosys -import] Command name collision: found pre-existing command `synth' -> skip.
[TCL: yosys -import] Command name collision: found pre-existing command `synth_achronix' -> skip.
[TCL: yosys -import] Command name collision: found pre-existing command `synth_anlogic' -> skip.
[TCL: yosys -import] Command name collision: found pre-existing command `synth_coolrunner2' -> skip.
[TCL: yosys -import] Command name collision: found pre-existing command `synth_easic' -> skip.
[TCL: yosys -import] Command name collision: found pre-existing command `synth_ecp5' -> skip.
[TCL: yosys -import] Command name collision: found pre-existing command `synth_efinix' -> skip.
[TCL: yosys -import] Command name collision: found pre-existing command `synth_fabulous' -> skip.
[TCL: yosys -import] Command name collision: found pre-existing command `synth_gatemate' -> skip.
[TCL: yosys -import] Command name collision: found pre-existing command `synth_gowin' -> skip.
[TCL: yosys -import] Command name collision: found pre-existing command `synth_greenpak4' -> skip.
[TCL: yosys -import] Command name collision: found pre-existing command `synth_ice40' -> skip.
[TCL: yosys -import] Command name collision: found pre-existing command `synth_intel' -> skip.
[TCL: yosys -import] Command name collision: found pre-existing command `synth_intel_alm' -> skip.
[TCL: yosys -import] Command name collision: found pre-existing command `synth_machxo2' -> skip.
[TCL: yosys -import] Command name collision: found pre-existing command `synth_nexus' -> skip.
[TCL: yosys -import] Command name collision: found pre-existing command `synth_quicklogic' -> skip.
[TCL: yosys -import] Command name collision: found pre-existing command `synth_sf2' -> skip.
[TCL: yosys -import] Command name collision: found pre-existing command `synth_xilinx' -> skip.
[TCL: yosys -import] Command name collision: found pre-existing command `tcl' -> skip.
[TCL: yosys -import] Command name collision: found pre-existing command `techmap' -> skip.
[TCL: yosys -import] Command name collision: found pre-existing command `tee' -> skip.
[TCL: yosys -import] Command name collision: found pre-existing command `test_abcloop' -> skip.
[TCL: yosys -import] Command name collision: found pre-existing command `test_autotb' -> skip.
[TCL: yosys -import] Command name collision: found pre-existing command `test_cell' -> skip.
[TCL: yosys -import] Command name collision: found pre-existing command `test_pmgen' -> skip.
[TCL: yosys -import] Command name collision: found pre-existing command `torder' -> skip.
[TCL: yosys -import] Command name collision: found pre-existing command `trace' -> skip.
[TCL: yosys -import] Command name collision: found pre-existing command `tribuf' -> skip.
[TCL: yosys -import] Command name collision: found pre-existing command `uniquify' -> skip.
[TCL: yosys -import] Command name collision: found pre-existing command `verific' -> skip.
[TCL: yosys -import] Command name collision: found pre-existing command `verilog_defaults' -> skip.
[TCL: yosys -import] Command name collision: found pre-existing command `verilog_defines' -> skip.
[TCL: yosys -import] Command name collision: found pre-existing command `viz' -> skip.
[TCL: yosys -import] Command name collision: found pre-existing command `wbflip' -> skip.
[TCL: yosys -import] Command name collision: found pre-existing command `wreduce' -> skip.
[TCL: yosys -import] Command name collision: found pre-existing command `write_aiger' -> skip.
[TCL: yosys -import] Command name collision: found pre-existing command `write_blif' -> skip.
[TCL: yosys -import] Command name collision: found pre-existing command `write_btor' -> skip.
[TCL: yosys -import] Command name collision: found pre-existing command `write_cxxrtl' -> skip.
[TCL: yosys -import] Command name collision: found pre-existing command `write_edif' -> skip.
[TCL: yosys -import] Command name collision: found pre-existing command `write_fasm' -> skip.
[TCL: yosys -import] Command name collision: found pre-existing command `write_file' -> skip.
[TCL: yosys -import] Command name collision: found pre-existing command `write_firrtl' -> skip.
[TCL: yosys -import] Command name collision: found pre-existing command `write_ilang' -> skip.
[TCL: yosys -import] Command name collision: found pre-existing command `write_intersynth' -> skip.
[TCL: yosys -import] Command name collision: found pre-existing command `write_jny' -> skip.
[TCL: yosys -import] Command name collision: found pre-existing command `write_json' -> skip.
[TCL: yosys -import] Command name collision: found pre-existing command `write_rtlil' -> skip.
[TCL: yosys -import] Command name collision: found pre-existing command `write_sdc' -> skip.
[TCL: yosys -import] Command name collision: found pre-existing command `write_simplec' -> skip.
[TCL: yosys -import] Command name collision: found pre-existing command `write_smt2' -> skip.
[TCL: yosys -import] Command name collision: found pre-existing command `write_smv' -> skip.
[TCL: yosys -import] Command name collision: found pre-existing command `write_spice' -> skip.
[TCL: yosys -import] Command name collision: found pre-existing command `write_table' -> skip.
[TCL: yosys -import] Command name collision: found pre-existing command `write_verilog' -> skip.
[TCL: yosys -import] Command name collision: found pre-existing command `write_xaiger' -> skip.
[TCL: yosys -import] Command name collision: found pre-existing command `xilinx_dffopt' -> skip.
[TCL: yosys -import] Command name collision: found pre-existing command `xilinx_dsp' -> skip.
[TCL: yosys -import] Command name collision: found pre-existing command `xilinx_srl' -> skip.
[TCL: yosys -import] Command name collision: found pre-existing command `xprop' -> skip.
[TCL: yosys -import] Command name collision: found pre-existing command `zinit' -> skip.

55. Executing OPT_CLEAN pass (remove unused cells and wires).
Finding unused cells or wires in module \top..

56. Executing BLIF backend.

Warnings: 3 unique messages, 4 total
End of script. Logfile hash: cb5c87ed72, CPU: user 7.76s system 0.14s, MEM: 328.41 MB peak
Yosys 0.27+22 (git sha1 0f5e7c244, x86_64-conda-linux-gnu-cc 11.2.0 -fvisibility-inlines-hidden -fmessage-length=0 -march=nocona -mtune=haswell -ftree-vectorize -fPIC -fstack-protector-strong -fno-plt -O2 -ffunction-sections -fdebug-prefix-map=/root/conda-eda/conda-eda/workdir/conda-env/conda-bld/yosys_1680770278298/work=/usr/local/src/conda/yosys-0.27_29_g0f5e7c244 -fdebug-prefix-map=/home/cl4/opt/f4pga/xc7/conda/envs/xc7=/usr/local/src/conda-prefix -fPIC -Os -fno-merge-constants)
Time spent: 45% 49x read_verilog (4 sec), 18% 1x tcl (1 sec), ...
